dataset_id	source_accession	source	artifact_uid	artifact_key	artifact_role	logical_dataset	prefix	split	chunk_id	chunk_index	n_obs	n_vars	organism	cell_type	cell_line	tissue	disease	modality	assay	perturbation_type	perturbation_technology	control_availability	x_semantics	has_obs_x_link	has_x_var_link	link_verification_checked	same_prefix_var	harmonization_level	harmonization_level_rank	revision_status	branch	created_on_branch	collection_category	collection_version	notes	var_policy	var_key	var_uid	var_hash	var_alias_group
DRUG-seq/GSE120222	GSE120222	DRUG-seq	mKSaEEcH4jyes43Z0000	DRUG-seq/GSE120222/obs.parquet	canonical_obs	DRUG-seq/GSE120222	DRUG-seq/GSE120222	none			72	60371	unknown					bulk_RNA	unknown	drug	unknown	unknown	unknown	True	True	True	True	triplet-integrity-ok	2	original	main:mmmmmmmmmmmm	main:mmmmmmmmmmmm	base_public	20260624-shared-var	metadata-only collection manifest; use obs->X->var links for payload resolution	same_prefix	DRUG-seq/GSE120222/var.parquet			
SchiebingerLander2019		SchiebingerLander2019	trSdGyVkTDn5ZkaY0000	SchiebingerLander2019/obs.parquet	canonical_obs	SchiebingerLander2019	SchiebingerLander2019	none			327494	27998	unknown					scRNA-seq	scRNA-seq	unknown	unknown	unknown	unknown	True	True	False	True	triplet-integrity-ok	2	original	jkobject:GCjqQtGwPzkY	jkobject:GCjqQtGwPzkY	additions	20260624-shared-var	metadata-only collection manifest; use obs->X->var links for payload resolution	same_prefix	SchiebingerLander2019/var.parquet			
arc_vcc/2025/test	2025	Arc VCC	mGQwo6Kqs9hOdzLl0000	arc_vcc/2025/test/chunk_0000/obs.parquet	canonical_obs	arc_vcc/2025/test	arc_vcc/2025/test/chunk_0000	chunk	chunk_0000	0	100000	18080	unknown					scRNA-seq	unknown	unknown	unknown	unknown	unknown	True	True	False	False	triplet-integrity-ok	2	original	jkobject:GCjqQtGwPzkY	jkobject:GCjqQtGwPzkY	additions	20260624-shared-var	metadata-only collection manifest; use obs->X->var links for payload resolution	shared_exact_hash	arc_vcc/2025/test/var.h5ad	i5hq7llgPzxKyQqG0001	9B6au5Gfn9GUf-f9peszfA	arc_vcc/2025/test
arc_vcc/2025/test	2025	Arc VCC	jO1U5UVWKJ6gpS0H0000	arc_vcc/2025/test/chunk_0001/obs.parquet	canonical_obs	arc_vcc/2025/test	arc_vcc/2025/test/chunk_0001	chunk	chunk_0001	1	70846	18080	unknown					scRNA-seq	unknown	unknown	unknown	unknown	unknown	True	True	False	False	triplet-integrity-ok	2	original	jkobject:GCjqQtGwPzkY	jkobject:GCjqQtGwPzkY	additions	20260624-shared-var	metadata-only collection manifest; use obs->X->var links for payload resolution	shared_exact_hash	arc_vcc/2025/test/var.h5ad	i5hq7llgPzxKyQqG0001	9B6au5Gfn9GUf-f9peszfA	arc_vcc/2025/test
arc_vcc/2025/train	2025	Arc VCC	kcoW2Hh7iua05uC30000	arc_vcc/2025/train/chunk_0000/obs.parquet	canonical_obs	arc_vcc/2025/train	arc_vcc/2025/train/chunk_0000	chunk	chunk_0000	0	100000	18080	unknown					scRNA-seq	unknown	unknown	unknown	unknown	unknown	True	True	False	False	triplet-integrity-ok	2	original	jkobject:GCjqQtGwPzkY	jkobject:GCjqQtGwPzkY	additions	20260624-shared-var	metadata-only collection manifest; use obs->X->var links for payload resolution	shared_exact_hash	arc_vcc/2025/train/var.h5ad	17XdllTB8co1Y2fd0001	xJQyw94iKkr_LOBdAIOY9A	arc_vcc/2025/train
arc_vcc/2025/train	2025	Arc VCC	GRgJf9TdsDZqOqGU0000	arc_vcc/2025/train/chunk_0001/obs.parquet	canonical_obs	arc_vcc/2025/train	arc_vcc/2025/train/chunk_0001	chunk	chunk_0001	1	100000	18080	unknown					scRNA-seq	unknown	unknown	unknown	unknown	unknown	True	True	False	False	triplet-integrity-ok	2	original	jkobject:GCjqQtGwPzkY	jkobject:GCjqQtGwPzkY	additions	20260624-shared-var	metadata-only collection manifest; use obs->X->var links for payload resolution	shared_exact_hash	arc_vcc/2025/train/var.h5ad	17XdllTB8co1Y2fd0001	xJQyw94iKkr_LOBdAIOY9A	arc_vcc/2025/train
arc_vcc/2025/train	2025	Arc VCC	RJ3rYBXHNl8c4Lym0000	arc_vcc/2025/train/chunk_0002/obs.parquet	canonical_obs	arc_vcc/2025/train	arc_vcc/2025/train/chunk_0002	chunk	chunk_0002	2	21273	18080	unknown					scRNA-seq	unknown	unknown	unknown	unknown	unknown	True	True	False	False	triplet-integrity-ok	2	original	jkobject:GCjqQtGwPzkY	jkobject:GCjqQtGwPzkY	additions	20260624-shared-var	metadata-only collection manifest; use obs->X->var links for payload resolution	shared_exact_hash	arc_vcc/2025/train/var.h5ad	17XdllTB8co1Y2fd0001	xJQyw94iKkr_LOBdAIOY9A	arc_vcc/2025/train
arc_vcc/2025/validation	2025	Arc VCC	Zk9b1xHT1OX9cUgZ0000	arc_vcc/2025/validation/chunk_0000/obs.parquet	canonical_obs	arc_vcc/2025/validation	arc_vcc/2025/validation/chunk_0000	chunk	chunk_0000	0	98927	18080	unknown					scRNA-seq	unknown	unknown	unknown	unknown	unknown	True	True	False	True	triplet-integrity-ok	2	original	jkobject:GCjqQtGwPzkY	jkobject:GCjqQtGwPzkY	additions	20260624-shared-var	metadata-only collection manifest; use obs->X->var links for payload resolution	same_prefix	arc_vcc/2025/validation/chunk_0000/var.parquet		fLvA1pLlomdS0pcMZrlxIw	
broad_prism_repurposing		Broad PRISM Repurposing	eKrJkcFDb9TEDbte0000	broad_prism_repurposing/obs.parquet	canonical_obs	broad_prism_repurposing	broad_prism_repurposing	none			22316860		unknown					drug_response	PRISM drug response / viability	drug	unknown	unknown	unknown	True	True	False	True	triplet-integrity-ok	2	original	jkobject:GCjqQtGwPzkY	jkobject:GCjqQtGwPzkY	additions	20260624-shared-var	metadata-only collection manifest; use obs->X->var links for payload resolution	same_prefix	broad_prism_repurposing/var.parquet			
cellarity/GSE305370/GSE305370_citeseq_alldonors_alldays	GSE305370	Cellarity	dAFlb7abls3HQl5M0000	cellarity/GSE305370/GSE305370_citeseq_alldonors_alldays/obs.parquet	canonical_obs	cellarity/GSE305370/GSE305370_citeseq_alldonors_alldays	cellarity/GSE305370/GSE305370_citeseq_alldonors_alldays	none			134583	15567	unknown					scRNA-seq	unknown	unknown	unknown	unknown	unknown	True	True	False	True	triplet-integrity-ok	2	original	main:mmmmmmmmmmmm	main:mmmmmmmmmmmm	base_public	20260624-shared-var	metadata-only collection manifest; use obs->X->var links for payload resolution	same_prefix	cellarity/GSE305370/GSE305370_citeseq_alldonors_alldays/var.parquet			
cellarity/GSE305370/GSE305370_multiome_alldonors_alldays	GSE305370	Cellarity	MLE2MEOCoBJT5kPE0000	cellarity/GSE305370/GSE305370_multiome_alldonors_alldays/obs.parquet	canonical_obs	cellarity/GSE305370/GSE305370_multiome_alldonors_alldays	cellarity/GSE305370/GSE305370_multiome_alldonors_alldays	none			164462	252818	unknown					scRNA-seq	unknown	unknown	unknown	unknown	unknown	True	True	False	True	triplet-integrity-ok	2	original	main:mmmmmmmmmmmm	main:mmmmmmmmmmmm	base_public	20260624-shared-var	metadata-only collection manifest; use obs->X->var links for payload resolution	same_prefix	cellarity/GSE305370/GSE305370_multiome_alldonors_alldays/var.parquet			
cellarity/GSE305370/GSE305370_rna_combined_with_velocity_and_refined_annotations	GSE305370	Cellarity	RJbcZEfscysBCeMj0000	cellarity/GSE305370/GSE305370_rna_combined_with_velocity_and_refined_annotations/obs.parquet	canonical_obs	cellarity/GSE305370/GSE305370_rna_combined_with_velocity_and_refined_annotations	cellarity/GSE305370/GSE305370_rna_combined_with_velocity_and_refined_annotations	none			135341	14275	unknown					scRNA-seq	unknown	unknown	unknown	unknown	unknown	True	True	False	True	triplet-integrity-ok	2	original	main:mmmmmmmmmmmm	main:mmmmmmmmmmmm	base_public	20260624-shared-var	metadata-only collection manifest; use obs->X->var links for payload resolution	same_prefix	cellarity/GSE305370/GSE305370_rna_combined_with_velocity_and_refined_annotations/var.parquet			
cellarity/GSE305979/GSE305979_day0-7_normalized_counts_with_celltype_annotations	GSE305979	Cellarity	Is3hhpzyzvMqRAZ20000	cellarity/GSE305979/GSE305979_day0-7_normalized_counts_with_celltype_annotations/obs.parquet	canonical_obs	cellarity/GSE305979/GSE305979_day0-7_normalized_counts_with_celltype_annotations	cellarity/GSE305979/GSE305979_day0-7_normalized_counts_with_celltype_annotations	none			146735	36674	unknown					scRNA-seq	unknown	unknown	unknown	unknown	unknown	True	True	False	True	triplet-integrity-ok	2	original	main:mmmmmmmmmmmm	main:mmmmmmmmmmmm	base_public	20260624-shared-var	metadata-only collection manifest; use obs->X->var links for payload resolution	same_prefix	cellarity/GSE305979/GSE305979_day0-7_normalized_counts_with_celltype_annotations/var.parquet			
cellarity/GSE305979/GSE305979_day0_raw_counts	GSE305979	Cellarity	ugxvzG3isKtDchNG0000	cellarity/GSE305979/GSE305979_day0_raw_counts/obs.parquet	canonical_obs	cellarity/GSE305979/GSE305979_day0_raw_counts	cellarity/GSE305979/GSE305979_day0_raw_counts	none			2875	58676	unknown					scRNA-seq	unknown	unknown	unknown	unknown	unknown	True	True	False	True	triplet-integrity-ok	2	original	main:mmmmmmmmmmmm	main:mmmmmmmmmmmm	base_public	20260624-shared-var	metadata-only collection manifest; use obs->X->var links for payload resolution	same_prefix	cellarity/GSE305979/GSE305979_day0_raw_counts/var.parquet			
cellarity/GSE305979/GSE305979_day1-7_demuxed_counts	GSE305979	Cellarity	SVmujjG5GwXU0KZl0000	cellarity/GSE305979/GSE305979_day1-7_demuxed_counts/obs.parquet	canonical_obs	cellarity/GSE305979/GSE305979_day1-7_demuxed_counts	cellarity/GSE305979/GSE305979_day1-7_demuxed_counts	none			143396	58676	unknown					scRNA-seq	unknown	unknown	unknown	unknown	unknown	True	True	False	True	triplet-integrity-ok	2	original	main:mmmmmmmmmmmm	main:mmmmmmmmmmmm	base_public	20260624-shared-var	metadata-only collection manifest; use obs->X->var links for payload resolution	same_prefix	cellarity/GSE305979/GSE305979_day1-7_demuxed_counts/var.parquet			
cellarity/GSE305979/GSE305979_day1-7_raw_counts	GSE305979	Cellarity	3gdXNHm2avLD3dLG0000	cellarity/GSE305979/GSE305979_day1-7_raw_counts/obs.parquet	canonical_obs	cellarity/GSE305979/GSE305979_day1-7_raw_counts	cellarity/GSE305979/GSE305979_day1-7_raw_counts	none			223971	58676	unknown					scRNA-seq	unknown	unknown	unknown	unknown	unknown	True	True	False	True	triplet-integrity-ok	2	original	main:mmmmmmmmmmmm	main:mmmmmmmmmmmm	base_public	20260624-shared-var	metadata-only collection manifest; use obs->X->var links for payload resolution	same_prefix	cellarity/GSE305979/GSE305979_day1-7_raw_counts/var.parquet			
cellarity/GSE306429/GSE306429_combined_demuxed	GSE306429	Cellarity	DWsyQzOmlTS19kUr0000	cellarity/GSE306429/GSE306429_combined_demuxed/obs.parquet	canonical_obs	cellarity/GSE306429/GSE306429_combined_demuxed	cellarity/GSE306429/GSE306429_combined_demuxed	none			1257778	13290	unknown					scRNA-seq	unknown	unknown	unknown	unknown	unknown	True	True	False	True	triplet-integrity-ok	2	original	main:mmmmmmmmmmmm	main:mmmmmmmmmmmm	base_public	20260624-shared-var	metadata-only collection manifest; use obs->X->var links for payload resolution	same_prefix	cellarity/GSE306429/GSE306429_combined_demuxed/var.parquet			
cellarity/GSE306429/GSE306429_combined_pseudobulk	GSE306429	Cellarity	JL1I0jwLaqqNU1vu0001	cellarity/GSE306429/GSE306429_combined_pseudobulk/obs.parquet	canonical_obs	cellarity/GSE306429/GSE306429_combined_pseudobulk	cellarity/GSE306429/GSE306429_combined_pseudobulk	none			1737	13290	unknown					scRNA-seq	unknown	unknown	unknown	unknown	unknown	True	True	False	True	triplet-integrity-ok	2	original	main:mmmmmmmmmmmm	main:mmmmmmmmmmmm	base_public	20260624-shared-var	metadata-only collection manifest; use obs->X->var links for payload resolution	same_prefix	cellarity/GSE306429/GSE306429_combined_pseudobulk/var.parquet			
cellarity/GSE306429/GSE306429_combined_vscores	GSE306429	Cellarity	K0em7aNI1182HV8m0000	cellarity/GSE306429/GSE306429_combined_vscores/obs.parquet	canonical_obs	cellarity/GSE306429/GSE306429_combined_vscores	cellarity/GSE306429/GSE306429_combined_vscores	none			1563	13290	unknown					scRNA-seq	unknown	unknown	unknown	unknown	unknown	True	True	False	True	triplet-integrity-ok	2	original	main:mmmmmmmmmmmm	main:mmmmmmmmmmmm	base_public	20260624-shared-var	metadata-only collection manifest; use obs->X->var links for payload resolution	same_prefix	cellarity/GSE306429/GSE306429_combined_vscores/var.parquet			
depmap_ccle/26q1	26q1	DepMap/CCLE	kCNSxyUJoJJKRSgE0000	depmap_ccle/26q1/obs.parquet	canonical_obs	depmap_ccle/26q1	depmap_ccle/26q1	none			1775	19215	unknown					bulk_RNA	DepMap/CCLE RNA-seq	unknown	unknown	unknown	unknown	True	True	False	True	triplet-integrity-ok	2	original	jkobject:GCjqQtGwPzkY	jkobject:GCjqQtGwPzkY	additions	20260624-shared-var	metadata-only collection manifest; use obs->X->var links for payload resolution	same_prefix	depmap_ccle/26q1/var.parquet			
ginkgo-datapoints/vcpi	vcpi	Ginkgo VCPI	Q7Qaj6dz0CzyQQ9i0000	ginkgo-datapoints/vcpi/obs.parquet	canonical_obs	ginkgo-datapoints/vcpi	ginkgo-datapoints/vcpi	none			11808	59427	unknown					scRNA-seq	scRNA-seq	unknown	unknown	unknown	unknown	True	True	False	True	triplet-integrity-ok	2	original	main:mmmmmmmmmmmm	main:mmmmmmmmmmmm	base_public	20260624-shared-var	metadata-only collection manifest; use obs->X->var links for payload resolution	same_prefix	ginkgo-datapoints/vcpi/var.parquet			
lincs/phase1/Level2_GEX_delta_n49216x978	phase1	LINCS	7NOWe9QT25zDRQNt0000	lincs/phase1/Level2_GEX_delta_n49216x978/obs.parquet	canonical_obs	lincs/phase1/Level2_GEX_delta_n49216x978	lincs/phase1/Level2_GEX_delta_n49216x978	none			49216	978	unknown					L1000	LINCS L1000	drug	unknown	unknown	signature	True	True	False	True	triplet-integrity-ok	2	original	main:mmmmmmmmmmmm	main:mmmmmmmmmmmm	base_public	20260624-shared-var	metadata-only collection manifest; use obs->X->var links for payload resolution	same_prefix	lincs/phase1/Level2_GEX_delta_n49216x978/var.parquet			
lincs/phase1/Level2_GEX_epsilon_n1269922x978	phase1	LINCS	wsLYcu546OyKO4l30000	lincs/phase1/Level2_GEX_epsilon_n1269922x978/obs.parquet	canonical_obs	lincs/phase1/Level2_GEX_epsilon_n1269922x978	lincs/phase1/Level2_GEX_epsilon_n1269922x978	none			1269922	978	unknown					L1000	LINCS L1000	drug	unknown	unknown	signature	True	True	False	True	triplet-integrity-ok	2	original	main:mmmmmmmmmmmm	main:mmmmmmmmmmmm	base_public	20260624-shared-var	metadata-only collection manifest; use obs->X->var links for payload resolution	same_prefix	lincs/phase1/Level2_GEX_epsilon_n1269922x978/var.parquet			
lincs/phase2/Level2_GEX_all_n537590x978	phase2	LINCS	Rg7dp2z8Ax8Q1Yvs0000	lincs/phase2/Level2_GEX_all_n537590x978/obs.parquet	canonical_obs	lincs/phase2/Level2_GEX_all_n537590x978	lincs/phase2/Level2_GEX_all_n537590x978	none			537590	978	unknown					L1000	LINCS L1000	drug	unknown	unknown	signature	True	True	False	True	triplet-integrity-ok	2	original	main:mmmmmmmmmmmm	main:mmmmmmmmmmmm	base_public	20260624-shared-var	metadata-only collection manifest; use obs->X->var links for payload resolution	same_prefix	lincs/phase2/Level2_GEX_all_n537590x978/var.parquet			
papalexi_eccite_merged		papalexi_eccite_merged	Yu9MrXLJk6UD92oB0000	papalexi_eccite_merged/obs.parquet	canonical_obs	papalexi_eccite_merged	papalexi_eccite_merged	none			29713	18913	unknown					scRNA-seq	ECCITE-seq	unknown	unknown	unknown	unknown	True	True	False	True	triplet-integrity-ok	2	original	jkobject:GCjqQtGwPzkY	jkobject:GCjqQtGwPzkY	additions	20260624-shared-var	metadata-only collection manifest; use obs->X->var links for payload resolution	same_prefix	papalexi_eccite_merged/var.parquet			
prism_collection/GSE120861	GSE120861	PRISM	dVVYvUI2R8CMyDId0000	prism_collection/GSE120861/chunk_0000/obs.parquet	canonical_obs	prism_collection/GSE120861	prism_collection/GSE120861/chunk_0000	chunk	chunk_0000	0	5000	13135	unknown					scRNA-seq	unknown	CRISPR	unknown	unknown	unknown	True	True	False	False	triplet-integrity-ok	2	original	jkobject:GCjqQtGwPzkY	jkobject:GCjqQtGwPzkY	additions	20260624-shared-var	metadata-only collection manifest; use obs->X->var links for payload resolution	shared_exact_hash	prism_collection/GSE120861/var.h5ad	yyuocCPFK13Kro1d0001	J9duYLnPW6x2tmuiOCm1lw	prism_collection/GSE120861
prism_collection/GSE120861	GSE120861	PRISM	izZsAVqUkJXv8NKM0000	prism_collection/GSE120861/chunk_0001/obs.parquet	canonical_obs	prism_collection/GSE120861	prism_collection/GSE120861/chunk_0001	chunk	chunk_0001	1	5000	13135	unknown					scRNA-seq	unknown	CRISPR	unknown	unknown	unknown	True	True	False	False	triplet-integrity-ok	2	original	jkobject:GCjqQtGwPzkY	jkobject:GCjqQtGwPzkY	additions	20260624-shared-var	metadata-only collection manifest; use obs->X->var links for payload resolution	shared_exact_hash	prism_collection/GSE120861/var.h5ad	yyuocCPFK13Kro1d0001	J9duYLnPW6x2tmuiOCm1lw	prism_collection/GSE120861
prism_collection/GSE120861	GSE120861	PRISM	P3k0tTAXLXmfpOac0000	prism_collection/GSE120861/chunk_0002/obs.parquet	canonical_obs	prism_collection/GSE120861	prism_collection/GSE120861/chunk_0002	chunk	chunk_0002	2	5000	13135	unknown					scRNA-seq	unknown	CRISPR	unknown	unknown	unknown	True	True	False	False	triplet-integrity-ok	2	original	jkobject:GCjqQtGwPzkY	jkobject:GCjqQtGwPzkY	additions	20260624-shared-var	metadata-only collection manifest; use obs->X->var links for payload resolution	shared_exact_hash	prism_collection/GSE120861/var.h5ad	yyuocCPFK13Kro1d0001	J9duYLnPW6x2tmuiOCm1lw	prism_collection/GSE120861
prism_collection/GSE120861	GSE120861	PRISM	l2lLmkh3e4gUEp2o0000	prism_collection/GSE120861/chunk_0003/obs.parquet	canonical_obs	prism_collection/GSE120861	prism_collection/GSE120861/chunk_0003	chunk	chunk_0003	3	5000	13135	unknown					scRNA-seq	unknown	CRISPR	unknown	unknown	unknown	True	True	True	False	triplet-integrity-ok	2	original	jkobject:GCjqQtGwPzkY	jkobject:GCjqQtGwPzkY	additions	20260624-shared-var	metadata-only collection manifest; use obs->X->var links for payload resolution	shared_exact_hash	prism_collection/GSE120861/var.h5ad	yyuocCPFK13Kro1d0001	J9duYLnPW6x2tmuiOCm1lw	prism_collection/GSE120861
prism_collection/GSE120861	GSE120861	PRISM	P9dElWWdvG4lgxOt0000	prism_collection/GSE120861/chunk_0004/obs.parquet	canonical_obs	prism_collection/GSE120861	prism_collection/GSE120861/chunk_0004	chunk	chunk_0004	4	5000	13135	unknown					scRNA-seq	unknown	CRISPR	unknown	unknown	unknown	True	True	False	False	triplet-integrity-ok	2	original	jkobject:GCjqQtGwPzkY	jkobject:GCjqQtGwPzkY	additions	20260624-shared-var	metadata-only collection manifest; use obs->X->var links for payload resolution	shared_exact_hash	prism_collection/GSE120861/var.h5ad	yyuocCPFK13Kro1d0001	J9duYLnPW6x2tmuiOCm1lw	prism_collection/GSE120861
prism_collection/GSE120861	GSE120861	PRISM	Qxn5hegCdzxvrLSB0000	prism_collection/GSE120861/chunk_0005/obs.parquet	canonical_obs	prism_collection/GSE120861	prism_collection/GSE120861/chunk_0005	chunk	chunk_0005	5	5000	13135	unknown					scRNA-seq	unknown	CRISPR	unknown	unknown	unknown	True	True	False	False	triplet-integrity-ok	2	original	jkobject:GCjqQtGwPzkY	jkobject:GCjqQtGwPzkY	additions	20260624-shared-var	metadata-only collection manifest; use obs->X->var links for payload resolution	shared_exact_hash	prism_collection/GSE120861/var.h5ad	yyuocCPFK13Kro1d0001	J9duYLnPW6x2tmuiOCm1lw	prism_collection/GSE120861
prism_collection/GSE120861	GSE120861	PRISM	ddrZ9fz156D63ORI0000	prism_collection/GSE120861/chunk_0006/obs.parquet	canonical_obs	prism_collection/GSE120861	prism_collection/GSE120861/chunk_0006	chunk	chunk_0006	6	5000	13135	unknown					scRNA-seq	unknown	CRISPR	unknown	unknown	unknown	True	True	False	False	triplet-integrity-ok	2	original	jkobject:GCjqQtGwPzkY	jkobject:GCjqQtGwPzkY	additions	20260624-shared-var	metadata-only collection manifest; use obs->X->var links for payload resolution	shared_exact_hash	prism_collection/GSE120861/var.h5ad	yyuocCPFK13Kro1d0001	J9duYLnPW6x2tmuiOCm1lw	prism_collection/GSE120861
prism_collection/GSE120861	GSE120861	PRISM	ZBConDRUtOIt21IK0000	prism_collection/GSE120861/chunk_0007/obs.parquet	canonical_obs	prism_collection/GSE120861	prism_collection/GSE120861/chunk_0007	chunk	chunk_0007	7	5000	13135	unknown					scRNA-seq	unknown	CRISPR	unknown	unknown	unknown	True	True	False	False	triplet-integrity-ok	2	original	jkobject:GCjqQtGwPzkY	jkobject:GCjqQtGwPzkY	additions	20260624-shared-var	metadata-only collection manifest; use obs->X->var links for payload resolution	shared_exact_hash	prism_collection/GSE120861/var.h5ad	yyuocCPFK13Kro1d0001	J9duYLnPW6x2tmuiOCm1lw	prism_collection/GSE120861
prism_collection/GSE120861	GSE120861	PRISM	GP5KMZpfbjJDSS8i0000	prism_collection/GSE120861/chunk_0008/obs.parquet	canonical_obs	prism_collection/GSE120861	prism_collection/GSE120861/chunk_0008	chunk	chunk_0008	8	5000	13135	unknown					scRNA-seq	unknown	CRISPR	unknown	unknown	unknown	True	True	False	False	triplet-integrity-ok	2	original	jkobject:GCjqQtGwPzkY	jkobject:GCjqQtGwPzkY	additions	20260624-shared-var	metadata-only collection manifest; use obs->X->var links for payload resolution	shared_exact_hash	prism_collection/GSE120861/var.h5ad	yyuocCPFK13Kro1d0001	J9duYLnPW6x2tmuiOCm1lw	prism_collection/GSE120861
prism_collection/GSE120861	GSE120861	PRISM	uAOuGtJ47wpL30pf0000	prism_collection/GSE120861/chunk_0009/obs.parquet	canonical_obs	prism_collection/GSE120861	prism_collection/GSE120861/chunk_0009	chunk	chunk_0009	9	5000	13135	unknown					scRNA-seq	unknown	CRISPR	unknown	unknown	unknown	True	True	False	False	triplet-integrity-ok	2	original	jkobject:GCjqQtGwPzkY	jkobject:GCjqQtGwPzkY	additions	20260624-shared-var	metadata-only collection manifest; use obs->X->var links for payload resolution	shared_exact_hash	prism_collection/GSE120861/var.h5ad	yyuocCPFK13Kro1d0001	J9duYLnPW6x2tmuiOCm1lw	prism_collection/GSE120861
prism_collection/GSE120861	GSE120861	PRISM	6iNIiHh77mrOmtDI0000	prism_collection/GSE120861/chunk_0010/obs.parquet	canonical_obs	prism_collection/GSE120861	prism_collection/GSE120861/chunk_0010	chunk	chunk_0010	10	5000	13135	unknown					scRNA-seq	unknown	CRISPR	unknown	unknown	unknown	True	True	False	False	triplet-integrity-ok	2	original	jkobject:GCjqQtGwPzkY	jkobject:GCjqQtGwPzkY	additions	20260624-shared-var	metadata-only collection manifest; use obs->X->var links for payload resolution	shared_exact_hash	prism_collection/GSE120861/var.h5ad	yyuocCPFK13Kro1d0001	J9duYLnPW6x2tmuiOCm1lw	prism_collection/GSE120861
prism_collection/GSE120861	GSE120861	PRISM	0aTZU3v1Fkwoemhs0000	prism_collection/GSE120861/chunk_0011/obs.parquet	canonical_obs	prism_collection/GSE120861	prism_collection/GSE120861/chunk_0011	chunk	chunk_0011	11	5000	13135	unknown					scRNA-seq	unknown	CRISPR	unknown	unknown	unknown	True	True	False	False	triplet-integrity-ok	2	original	jkobject:GCjqQtGwPzkY	jkobject:GCjqQtGwPzkY	additions	20260624-shared-var	metadata-only collection manifest; use obs->X->var links for payload resolution	shared_exact_hash	prism_collection/GSE120861/var.h5ad	yyuocCPFK13Kro1d0001	J9duYLnPW6x2tmuiOCm1lw	prism_collection/GSE120861
prism_collection/GSE120861	GSE120861	PRISM	eYAd9vKmYk4O34y00000	prism_collection/GSE120861/chunk_0012/obs.parquet	canonical_obs	prism_collection/GSE120861	prism_collection/GSE120861/chunk_0012	chunk	chunk_0012	12	5000	13135	unknown					scRNA-seq	unknown	CRISPR	unknown	unknown	unknown	True	True	False	False	triplet-integrity-ok	2	original	jkobject:GCjqQtGwPzkY	jkobject:GCjqQtGwPzkY	additions	20260624-shared-var	metadata-only collection manifest; use obs->X->var links for payload resolution	shared_exact_hash	prism_collection/GSE120861/var.h5ad	yyuocCPFK13Kro1d0001	J9duYLnPW6x2tmuiOCm1lw	prism_collection/GSE120861
prism_collection/GSE120861	GSE120861	PRISM	4gYOE0HPE1yXGOIQ0000	prism_collection/GSE120861/chunk_0013/obs.parquet	canonical_obs	prism_collection/GSE120861	prism_collection/GSE120861/chunk_0013	chunk	chunk_0013	13	5000	13135	unknown					scRNA-seq	unknown	CRISPR	unknown	unknown	unknown	True	True	False	False	triplet-integrity-ok	2	original	jkobject:GCjqQtGwPzkY	jkobject:GCjqQtGwPzkY	additions	20260624-shared-var	metadata-only collection manifest; use obs->X->var links for payload resolution	shared_exact_hash	prism_collection/GSE120861/var.h5ad	yyuocCPFK13Kro1d0001	J9duYLnPW6x2tmuiOCm1lw	prism_collection/GSE120861
prism_collection/GSE120861	GSE120861	PRISM	x3fabBZ3ZOZvobV70000	prism_collection/GSE120861/chunk_0014/obs.parquet	canonical_obs	prism_collection/GSE120861	prism_collection/GSE120861/chunk_0014	chunk	chunk_0014	14	5000	13135	unknown					scRNA-seq	unknown	CRISPR	unknown	unknown	unknown	True	True	False	False	triplet-integrity-ok	2	original	jkobject:GCjqQtGwPzkY	jkobject:GCjqQtGwPzkY	additions	20260624-shared-var	metadata-only collection manifest; use obs->X->var links for payload resolution	shared_exact_hash	prism_collection/GSE120861/var.h5ad	yyuocCPFK13Kro1d0001	J9duYLnPW6x2tmuiOCm1lw	prism_collection/GSE120861
prism_collection/GSE120861	GSE120861	PRISM	TyxIpF4QpkL4sBlq0000	prism_collection/GSE120861/chunk_0015/obs.parquet	canonical_obs	prism_collection/GSE120861	prism_collection/GSE120861/chunk_0015	chunk	chunk_0015	15	5000	13135	unknown					scRNA-seq	unknown	CRISPR	unknown	unknown	unknown	True	True	False	False	triplet-integrity-ok	2	original	jkobject:GCjqQtGwPzkY	jkobject:GCjqQtGwPzkY	additions	20260624-shared-var	metadata-only collection manifest; use obs->X->var links for payload resolution	shared_exact_hash	prism_collection/GSE120861/var.h5ad	yyuocCPFK13Kro1d0001	J9duYLnPW6x2tmuiOCm1lw	prism_collection/GSE120861
prism_collection/GSE120861	GSE120861	PRISM	WmpXgIYt9oY2xkVn0000	prism_collection/GSE120861/chunk_0016/obs.parquet	canonical_obs	prism_collection/GSE120861	prism_collection/GSE120861/chunk_0016	chunk	chunk_0016	16	5000	13135	unknown					scRNA-seq	unknown	CRISPR	unknown	unknown	unknown	True	True	False	False	triplet-integrity-ok	2	original	jkobject:GCjqQtGwPzkY	jkobject:GCjqQtGwPzkY	additions	20260624-shared-var	metadata-only collection manifest; use obs->X->var links for payload resolution	shared_exact_hash	prism_collection/GSE120861/var.h5ad	yyuocCPFK13Kro1d0001	J9duYLnPW6x2tmuiOCm1lw	prism_collection/GSE120861
prism_collection/GSE120861	GSE120861	PRISM	BkwDPc6wK5HaB8Ou0000	prism_collection/GSE120861/chunk_0017/obs.parquet	canonical_obs	prism_collection/GSE120861	prism_collection/GSE120861/chunk_0017	chunk	chunk_0017	17	5000	13135	unknown					scRNA-seq	unknown	CRISPR	unknown	unknown	unknown	True	True	False	False	triplet-integrity-ok	2	original	jkobject:GCjqQtGwPzkY	jkobject:GCjqQtGwPzkY	additions	20260624-shared-var	metadata-only collection manifest; use obs->X->var links for payload resolution	shared_exact_hash	prism_collection/GSE120861/var.h5ad	yyuocCPFK13Kro1d0001	J9duYLnPW6x2tmuiOCm1lw	prism_collection/GSE120861
prism_collection/GSE120861	GSE120861	PRISM	g9va0rSjgZD2z5Lj0000	prism_collection/GSE120861/chunk_0018/obs.parquet	canonical_obs	prism_collection/GSE120861	prism_collection/GSE120861/chunk_0018	chunk	chunk_0018	18	5000	13135	unknown					scRNA-seq	unknown	CRISPR	unknown	unknown	unknown	True	True	False	False	triplet-integrity-ok	2	original	jkobject:GCjqQtGwPzkY	jkobject:GCjqQtGwPzkY	additions	20260624-shared-var	metadata-only collection manifest; use obs->X->var links for payload resolution	shared_exact_hash	prism_collection/GSE120861/var.h5ad	yyuocCPFK13Kro1d0001	J9duYLnPW6x2tmuiOCm1lw	prism_collection/GSE120861
prism_collection/GSE120861	GSE120861	PRISM	gUn3JCrvaY1Liswt0000	prism_collection/GSE120861/chunk_0019/obs.parquet	canonical_obs	prism_collection/GSE120861	prism_collection/GSE120861/chunk_0019	chunk	chunk_0019	19	5000	13135	unknown					scRNA-seq	unknown	CRISPR	unknown	unknown	unknown	True	True	False	False	triplet-integrity-ok	2	original	jkobject:GCjqQtGwPzkY	jkobject:GCjqQtGwPzkY	additions	20260624-shared-var	metadata-only collection manifest; use obs->X->var links for payload resolution	shared_exact_hash	prism_collection/GSE120861/var.h5ad	yyuocCPFK13Kro1d0001	J9duYLnPW6x2tmuiOCm1lw	prism_collection/GSE120861
prism_collection/GSE120861	GSE120861	PRISM	8uXjEFiLFRfqxlix0000	prism_collection/GSE120861/chunk_0020/obs.parquet	canonical_obs	prism_collection/GSE120861	prism_collection/GSE120861/chunk_0020	chunk	chunk_0020	20	5000	13135	unknown					scRNA-seq	unknown	CRISPR	unknown	unknown	unknown	True	True	False	False	triplet-integrity-ok	2	original	jkobject:GCjqQtGwPzkY	jkobject:GCjqQtGwPzkY	additions	20260624-shared-var	metadata-only collection manifest; use obs->X->var links for payload resolution	shared_exact_hash	prism_collection/GSE120861/var.h5ad	yyuocCPFK13Kro1d0001	J9duYLnPW6x2tmuiOCm1lw	prism_collection/GSE120861
prism_collection/GSE120861	GSE120861	PRISM	Z6TNlkHC6NsZuF800000	prism_collection/GSE120861/chunk_0021/obs.parquet	canonical_obs	prism_collection/GSE120861	prism_collection/GSE120861/chunk_0021	chunk	chunk_0021	21	5000	13135	unknown					scRNA-seq	unknown	CRISPR	unknown	unknown	unknown	True	True	False	False	triplet-integrity-ok	2	original	jkobject:GCjqQtGwPzkY	jkobject:GCjqQtGwPzkY	additions	20260624-shared-var	metadata-only collection manifest; use obs->X->var links for payload resolution	shared_exact_hash	prism_collection/GSE120861/var.h5ad	yyuocCPFK13Kro1d0001	J9duYLnPW6x2tmuiOCm1lw	prism_collection/GSE120861
prism_collection/GSE120861	GSE120861	PRISM	zaKERgk7ME7hMaA00000	prism_collection/GSE120861/chunk_0022/obs.parquet	canonical_obs	prism_collection/GSE120861	prism_collection/GSE120861/chunk_0022	chunk	chunk_0022	22	5000	13135	unknown					scRNA-seq	unknown	CRISPR	unknown	unknown	unknown	True	True	False	False	triplet-integrity-ok	2	original	jkobject:GCjqQtGwPzkY	jkobject:GCjqQtGwPzkY	additions	20260624-shared-var	metadata-only collection manifest; use obs->X->var links for payload resolution	shared_exact_hash	prism_collection/GSE120861/var.h5ad	yyuocCPFK13Kro1d0001	J9duYLnPW6x2tmuiOCm1lw	prism_collection/GSE120861
prism_collection/GSE120861	GSE120861	PRISM	Y9QkHyclUCxGJdlQ0000	prism_collection/GSE120861/chunk_0023/obs.parquet	canonical_obs	prism_collection/GSE120861	prism_collection/GSE120861/chunk_0023	chunk	chunk_0023	23	5000	13135	unknown					scRNA-seq	unknown	CRISPR	unknown	unknown	unknown	True	True	False	False	triplet-integrity-ok	2	original	jkobject:GCjqQtGwPzkY	jkobject:GCjqQtGwPzkY	additions	20260624-shared-var	metadata-only collection manifest; use obs->X->var links for payload resolution	shared_exact_hash	prism_collection/GSE120861/var.h5ad	yyuocCPFK13Kro1d0001	J9duYLnPW6x2tmuiOCm1lw	prism_collection/GSE120861
prism_collection/GSE120861	GSE120861	PRISM	UwIA6xhx4UmLNh4v0000	prism_collection/GSE120861/chunk_0024/obs.parquet	canonical_obs	prism_collection/GSE120861	prism_collection/GSE120861/chunk_0024	chunk	chunk_0024	24	5000	13135	unknown					scRNA-seq	unknown	CRISPR	unknown	unknown	unknown	True	True	False	False	triplet-integrity-ok	2	original	jkobject:GCjqQtGwPzkY	jkobject:GCjqQtGwPzkY	additions	20260624-shared-var	metadata-only collection manifest; use obs->X->var links for payload resolution	shared_exact_hash	prism_collection/GSE120861/var.h5ad	yyuocCPFK13Kro1d0001	J9duYLnPW6x2tmuiOCm1lw	prism_collection/GSE120861
prism_collection/GSE120861	GSE120861	PRISM	uJtvIioeIjcdsT0Z0000	prism_collection/GSE120861/chunk_0025/obs.parquet	canonical_obs	prism_collection/GSE120861	prism_collection/GSE120861/chunk_0025	chunk	chunk_0025	25	5000	13135	unknown					scRNA-seq	unknown	CRISPR	unknown	unknown	unknown	True	True	False	False	triplet-integrity-ok	2	original	jkobject:GCjqQtGwPzkY	jkobject:GCjqQtGwPzkY	additions	20260624-shared-var	metadata-only collection manifest; use obs->X->var links for payload resolution	shared_exact_hash	prism_collection/GSE120861/var.h5ad	yyuocCPFK13Kro1d0001	J9duYLnPW6x2tmuiOCm1lw	prism_collection/GSE120861
prism_collection/GSE120861	GSE120861	PRISM	DLrZLNiazAaL9Ljk0000	prism_collection/GSE120861/chunk_0026/obs.parquet	canonical_obs	prism_collection/GSE120861	prism_collection/GSE120861/chunk_0026	chunk	chunk_0026	26	5000	13135	unknown					scRNA-seq	unknown	CRISPR	unknown	unknown	unknown	True	True	False	False	triplet-integrity-ok	2	original	jkobject:GCjqQtGwPzkY	jkobject:GCjqQtGwPzkY	additions	20260624-shared-var	metadata-only collection manifest; use obs->X->var links for payload resolution	shared_exact_hash	prism_collection/GSE120861/var.h5ad	yyuocCPFK13Kro1d0001	J9duYLnPW6x2tmuiOCm1lw	prism_collection/GSE120861
prism_collection/GSE120861	GSE120861	PRISM	5zxmt5jK6yKjT6ML0000	prism_collection/GSE120861/chunk_0027/obs.parquet	canonical_obs	prism_collection/GSE120861	prism_collection/GSE120861/chunk_0027	chunk	chunk_0027	27	5000	13135	unknown					scRNA-seq	unknown	CRISPR	unknown	unknown	unknown	True	True	False	False	triplet-integrity-ok	2	original	jkobject:GCjqQtGwPzkY	jkobject:GCjqQtGwPzkY	additions	20260624-shared-var	metadata-only collection manifest; use obs->X->var links for payload resolution	shared_exact_hash	prism_collection/GSE120861/var.h5ad	yyuocCPFK13Kro1d0001	J9duYLnPW6x2tmuiOCm1lw	prism_collection/GSE120861
prism_collection/GSE120861	GSE120861	PRISM	uArqP3PlgG7PiYLd0000	prism_collection/GSE120861/chunk_0028/obs.parquet	canonical_obs	prism_collection/GSE120861	prism_collection/GSE120861/chunk_0028	chunk	chunk_0028	28	5000	13135	unknown					scRNA-seq	unknown	CRISPR	unknown	unknown	unknown	True	True	False	False	triplet-integrity-ok	2	original	jkobject:GCjqQtGwPzkY	jkobject:GCjqQtGwPzkY	additions	20260624-shared-var	metadata-only collection manifest; use obs->X->var links for payload resolution	shared_exact_hash	prism_collection/GSE120861/var.h5ad	yyuocCPFK13Kro1d0001	J9duYLnPW6x2tmuiOCm1lw	prism_collection/GSE120861
prism_collection/GSE120861	GSE120861	PRISM	sZq3SEJzuvtcMtgp0000	prism_collection/GSE120861/chunk_0029/obs.parquet	canonical_obs	prism_collection/GSE120861	prism_collection/GSE120861/chunk_0029	chunk	chunk_0029	29	5000	13135	unknown					scRNA-seq	unknown	CRISPR	unknown	unknown	unknown	True	True	False	False	triplet-integrity-ok	2	original	jkobject:GCjqQtGwPzkY	jkobject:GCjqQtGwPzkY	additions	20260624-shared-var	metadata-only collection manifest; use obs->X->var links for payload resolution	shared_exact_hash	prism_collection/GSE120861/var.h5ad	yyuocCPFK13Kro1d0001	J9duYLnPW6x2tmuiOCm1lw	prism_collection/GSE120861
prism_collection/GSE120861	GSE120861	PRISM	pTLRxv3oSnewNRfn0000	prism_collection/GSE120861/chunk_0030/obs.parquet	canonical_obs	prism_collection/GSE120861	prism_collection/GSE120861/chunk_0030	chunk	chunk_0030	30	5000	13135	unknown					scRNA-seq	unknown	CRISPR	unknown	unknown	unknown	True	True	False	False	triplet-integrity-ok	2	original	jkobject:GCjqQtGwPzkY	jkobject:GCjqQtGwPzkY	additions	20260624-shared-var	metadata-only collection manifest; use obs->X->var links for payload resolution	shared_exact_hash	prism_collection/GSE120861/var.h5ad	yyuocCPFK13Kro1d0001	J9duYLnPW6x2tmuiOCm1lw	prism_collection/GSE120861
prism_collection/GSE120861	GSE120861	PRISM	sOJEw8IHTTJQnipY0000	prism_collection/GSE120861/chunk_0031/obs.parquet	canonical_obs	prism_collection/GSE120861	prism_collection/GSE120861/chunk_0031	chunk	chunk_0031	31	5000	13135	unknown					scRNA-seq	unknown	CRISPR	unknown	unknown	unknown	True	True	True	False	triplet-integrity-ok	2	original	jkobject:GCjqQtGwPzkY	jkobject:GCjqQtGwPzkY	additions	20260624-shared-var	metadata-only collection manifest; use obs->X->var links for payload resolution	shared_exact_hash	prism_collection/GSE120861/var.h5ad	yyuocCPFK13Kro1d0001	J9duYLnPW6x2tmuiOCm1lw	prism_collection/GSE120861
prism_collection/GSE120861	GSE120861	PRISM	Z94grwHowCPWu5BF0000	prism_collection/GSE120861/chunk_0032/obs.parquet	canonical_obs	prism_collection/GSE120861	prism_collection/GSE120861/chunk_0032	chunk	chunk_0032	32	5000	13135	unknown					scRNA-seq	unknown	CRISPR	unknown	unknown	unknown	True	True	False	False	triplet-integrity-ok	2	original	jkobject:GCjqQtGwPzkY	jkobject:GCjqQtGwPzkY	additions	20260624-shared-var	metadata-only collection manifest; use obs->X->var links for payload resolution	shared_exact_hash	prism_collection/GSE120861/var.h5ad	yyuocCPFK13Kro1d0001	J9duYLnPW6x2tmuiOCm1lw	prism_collection/GSE120861
prism_collection/GSE120861	GSE120861	PRISM	YXzkTrwnm55d26Pn0000	prism_collection/GSE120861/chunk_0033/obs.parquet	canonical_obs	prism_collection/GSE120861	prism_collection/GSE120861/chunk_0033	chunk	chunk_0033	33	5000	13135	unknown					scRNA-seq	unknown	CRISPR	unknown	unknown	unknown	True	True	False	False	triplet-integrity-ok	2	original	jkobject:GCjqQtGwPzkY	jkobject:GCjqQtGwPzkY	additions	20260624-shared-var	metadata-only collection manifest; use obs->X->var links for payload resolution	shared_exact_hash	prism_collection/GSE120861/var.h5ad	yyuocCPFK13Kro1d0001	J9duYLnPW6x2tmuiOCm1lw	prism_collection/GSE120861
prism_collection/GSE120861	GSE120861	PRISM	PooyONmbg6ZXhzjo0000	prism_collection/GSE120861/chunk_0034/obs.parquet	canonical_obs	prism_collection/GSE120861	prism_collection/GSE120861/chunk_0034	chunk	chunk_0034	34	4711	13135	unknown					scRNA-seq	unknown	CRISPR	unknown	unknown	unknown	True	True	False	False	triplet-integrity-ok	2	original	jkobject:GCjqQtGwPzkY	jkobject:GCjqQtGwPzkY	additions	20260624-shared-var	metadata-only collection manifest; use obs->X->var links for payload resolution	shared_exact_hash	prism_collection/GSE120861/var.h5ad	yyuocCPFK13Kro1d0001	J9duYLnPW6x2tmuiOCm1lw	prism_collection/GSE120861
prism_collection/GSE124703	GSE124703	PRISM	purx8DBYKcp0cADD0000	prism_collection/GSE124703/obs.parquet	canonical_obs	prism_collection/GSE124703	prism_collection/GSE124703	none			24960	33752	unknown					scRNA-seq	unknown	CRISPR	unknown	unknown	unknown	True	True	False	True	triplet-integrity-ok	2	original	jkobject:GCjqQtGwPzkY	jkobject:GCjqQtGwPzkY	additions	20260624-shared-var	metadata-only collection manifest; use obs->X->var links for payload resolution	same_prefix	prism_collection/GSE124703/var.parquet			
prism_collection/GSE132080	GSE132080	PRISM	lhR6Ny3n8QcVeItH0000	prism_collection/GSE132080/obs.parquet	canonical_obs	prism_collection/GSE132080	prism_collection/GSE132080	none			23608	33694	unknown					scRNA-seq	unknown	CRISPR	unknown	unknown	unknown	True	True	False	True	triplet-integrity-ok	2	original	jkobject:GCjqQtGwPzkY	jkobject:GCjqQtGwPzkY	additions	20260624-shared-var	metadata-only collection manifest; use obs->X->var links for payload resolution	same_prefix	prism_collection/GSE132080/var.parquet			
prism_collection/GSE133344	GSE133344	PRISM	Tur0ngB9oJPffuAY0000	prism_collection/GSE133344/obs.parquet	canonical_obs	prism_collection/GSE133344	prism_collection/GSE133344	none			111445	33694	unknown					scRNA-seq	unknown	CRISPR	unknown	unknown	unknown	True	True	False	True	triplet-integrity-ok	2	original	jkobject:GCjqQtGwPzkY	jkobject:GCjqQtGwPzkY	additions	20260624-shared-var	metadata-only collection manifest; use obs->X->var links for payload resolution	same_prefix	prism_collection/GSE133344/var.parquet			
prism_collection/GSE146194	GSE146194	PRISM	KVlj8IB9Ud41DI9r0000	prism_collection/GSE146194/chunk_0000/obs.parquet	canonical_obs	prism_collection/GSE146194	prism_collection/GSE146194/chunk_0000	chunk	chunk_0000	0	5000	33694	unknown					scRNA-seq	unknown	CRISPR	unknown	unknown	unknown	True	True	False	False	triplet-integrity-ok	2	original	jkobject:GCjqQtGwPzkY	jkobject:GCjqQtGwPzkY	additions	20260624-shared-var	metadata-only collection manifest; use obs->X->var links for payload resolution	shared_exact_hash	prism_collection/GSE146194/var.h5ad	ospYI9Pe9zjmUuPL0001	nv56LLsnKM2Vlvy5T-XfZw	prism_collection/GSE146194
prism_collection/GSE146194	GSE146194	PRISM	JmP4rnYLmmnZ2J5i0000	prism_collection/GSE146194/chunk_0001/obs.parquet	canonical_obs	prism_collection/GSE146194	prism_collection/GSE146194/chunk_0001	chunk	chunk_0001	1	5000	33694	unknown					scRNA-seq	unknown	CRISPR	unknown	unknown	unknown	True	True	False	False	triplet-integrity-ok	2	original	jkobject:GCjqQtGwPzkY	jkobject:GCjqQtGwPzkY	additions	20260624-shared-var	metadata-only collection manifest; use obs->X->var links for payload resolution	shared_exact_hash	prism_collection/GSE146194/var.h5ad	ospYI9Pe9zjmUuPL0001	nv56LLsnKM2Vlvy5T-XfZw	prism_collection/GSE146194
prism_collection/GSE146194	GSE146194	PRISM	6uKVAEee8JVEwBgi0000	prism_collection/GSE146194/chunk_0002/obs.parquet	canonical_obs	prism_collection/GSE146194	prism_collection/GSE146194/chunk_0002	chunk	chunk_0002	2	5000	33694	unknown					scRNA-seq	unknown	CRISPR	unknown	unknown	unknown	True	True	False	False	triplet-integrity-ok	2	original	jkobject:GCjqQtGwPzkY	jkobject:GCjqQtGwPzkY	additions	20260624-shared-var	metadata-only collection manifest; use obs->X->var links for payload resolution	shared_exact_hash	prism_collection/GSE146194/var.h5ad	ospYI9Pe9zjmUuPL0001	nv56LLsnKM2Vlvy5T-XfZw	prism_collection/GSE146194
prism_collection/GSE146194	GSE146194	PRISM	Tqi4hOdq7txOidiU0000	prism_collection/GSE146194/chunk_0003/obs.parquet	canonical_obs	prism_collection/GSE146194	prism_collection/GSE146194/chunk_0003	chunk	chunk_0003	3	5000	33694	unknown					scRNA-seq	unknown	CRISPR	unknown	unknown	unknown	True	True	False	False	triplet-integrity-ok	2	original	jkobject:GCjqQtGwPzkY	jkobject:GCjqQtGwPzkY	additions	20260624-shared-var	metadata-only collection manifest; use obs->X->var links for payload resolution	shared_exact_hash	prism_collection/GSE146194/var.h5ad	ospYI9Pe9zjmUuPL0001	nv56LLsnKM2Vlvy5T-XfZw	prism_collection/GSE146194
prism_collection/GSE146194	GSE146194	PRISM	WWSRxFzcKfY8z3IG0000	prism_collection/GSE146194/chunk_0004/obs.parquet	canonical_obs	prism_collection/GSE146194	prism_collection/GSE146194/chunk_0004	chunk	chunk_0004	4	5000	33694	unknown					scRNA-seq	unknown	CRISPR	unknown	unknown	unknown	True	True	False	False	triplet-integrity-ok	2	original	jkobject:GCjqQtGwPzkY	jkobject:GCjqQtGwPzkY	additions	20260624-shared-var	metadata-only collection manifest; use obs->X->var links for payload resolution	shared_exact_hash	prism_collection/GSE146194/var.h5ad	ospYI9Pe9zjmUuPL0001	nv56LLsnKM2Vlvy5T-XfZw	prism_collection/GSE146194
prism_collection/GSE146194	GSE146194	PRISM	dIs9XmaOvrIwkdyy0000	prism_collection/GSE146194/chunk_0005/obs.parquet	canonical_obs	prism_collection/GSE146194	prism_collection/GSE146194/chunk_0005	chunk	chunk_0005	5	5000	33694	unknown					scRNA-seq	unknown	CRISPR	unknown	unknown	unknown	True	True	False	False	triplet-integrity-ok	2	original	jkobject:GCjqQtGwPzkY	jkobject:GCjqQtGwPzkY	additions	20260624-shared-var	metadata-only collection manifest; use obs->X->var links for payload resolution	shared_exact_hash	prism_collection/GSE146194/var.h5ad	ospYI9Pe9zjmUuPL0001	nv56LLsnKM2Vlvy5T-XfZw	prism_collection/GSE146194
prism_collection/GSE146194	GSE146194	PRISM	BaePLqoJriIR4L1K0000	prism_collection/GSE146194/chunk_0006/obs.parquet	canonical_obs	prism_collection/GSE146194	prism_collection/GSE146194/chunk_0006	chunk	chunk_0006	6	5000	33694	unknown					scRNA-seq	unknown	CRISPR	unknown	unknown	unknown	True	True	False	False	triplet-integrity-ok	2	original	jkobject:GCjqQtGwPzkY	jkobject:GCjqQtGwPzkY	additions	20260624-shared-var	metadata-only collection manifest; use obs->X->var links for payload resolution	shared_exact_hash	prism_collection/GSE146194/var.h5ad	ospYI9Pe9zjmUuPL0001	nv56LLsnKM2Vlvy5T-XfZw	prism_collection/GSE146194
prism_collection/GSE146194	GSE146194	PRISM	NaOeYvdcZ0Hv4ejp0000	prism_collection/GSE146194/chunk_0007/obs.parquet	canonical_obs	prism_collection/GSE146194	prism_collection/GSE146194/chunk_0007	chunk	chunk_0007	7	5000	33694	unknown					scRNA-seq	unknown	CRISPR	unknown	unknown	unknown	True	True	False	False	triplet-integrity-ok	2	original	jkobject:GCjqQtGwPzkY	jkobject:GCjqQtGwPzkY	additions	20260624-shared-var	metadata-only collection manifest; use obs->X->var links for payload resolution	shared_exact_hash	prism_collection/GSE146194/var.h5ad	ospYI9Pe9zjmUuPL0001	nv56LLsnKM2Vlvy5T-XfZw	prism_collection/GSE146194
prism_collection/GSE146194	GSE146194	PRISM	7kKqnfZAhxqBcszh0000	prism_collection/GSE146194/chunk_0008/obs.parquet	canonical_obs	prism_collection/GSE146194	prism_collection/GSE146194/chunk_0008	chunk	chunk_0008	8	5000	33694	unknown					scRNA-seq	unknown	CRISPR	unknown	unknown	unknown	True	True	False	False	triplet-integrity-ok	2	original	jkobject:GCjqQtGwPzkY	jkobject:GCjqQtGwPzkY	additions	20260624-shared-var	metadata-only collection manifest; use obs->X->var links for payload resolution	shared_exact_hash	prism_collection/GSE146194/var.h5ad	ospYI9Pe9zjmUuPL0001	nv56LLsnKM2Vlvy5T-XfZw	prism_collection/GSE146194
prism_collection/GSE146194	GSE146194	PRISM	RDDYrzRQzIYHPV100000	prism_collection/GSE146194/chunk_0009/obs.parquet	canonical_obs	prism_collection/GSE146194	prism_collection/GSE146194/chunk_0009	chunk	chunk_0009	9	5000	33694	unknown					scRNA-seq	unknown	CRISPR	unknown	unknown	unknown	True	True	False	False	triplet-integrity-ok	2	original	jkobject:GCjqQtGwPzkY	jkobject:GCjqQtGwPzkY	additions	20260624-shared-var	metadata-only collection manifest; use obs->X->var links for payload resolution	shared_exact_hash	prism_collection/GSE146194/var.h5ad	ospYI9Pe9zjmUuPL0001	nv56LLsnKM2Vlvy5T-XfZw	prism_collection/GSE146194
prism_collection/GSE146194	GSE146194	PRISM	8YzU7PfWVSjtsNeg0000	prism_collection/GSE146194/chunk_0010/obs.parquet	canonical_obs	prism_collection/GSE146194	prism_collection/GSE146194/chunk_0010	chunk	chunk_0010	10	5000	33694	unknown					scRNA-seq	unknown	CRISPR	unknown	unknown	unknown	True	True	False	False	triplet-integrity-ok	2	original	jkobject:GCjqQtGwPzkY	jkobject:GCjqQtGwPzkY	additions	20260624-shared-var	metadata-only collection manifest; use obs->X->var links for payload resolution	shared_exact_hash	prism_collection/GSE146194/var.h5ad	ospYI9Pe9zjmUuPL0001	nv56LLsnKM2Vlvy5T-XfZw	prism_collection/GSE146194
prism_collection/GSE146194	GSE146194	PRISM	f9azQgbNBGUD1oEg0000	prism_collection/GSE146194/chunk_0011/obs.parquet	canonical_obs	prism_collection/GSE146194	prism_collection/GSE146194/chunk_0011	chunk	chunk_0011	11	5000	33694	unknown					scRNA-seq	unknown	CRISPR	unknown	unknown	unknown	True	True	False	False	triplet-integrity-ok	2	original	jkobject:GCjqQtGwPzkY	jkobject:GCjqQtGwPzkY	additions	20260624-shared-var	metadata-only collection manifest; use obs->X->var links for payload resolution	shared_exact_hash	prism_collection/GSE146194/var.h5ad	ospYI9Pe9zjmUuPL0001	nv56LLsnKM2Vlvy5T-XfZw	prism_collection/GSE146194
prism_collection/GSE146194	GSE146194	PRISM	qxYJYnmBsj9UBETS0000	prism_collection/GSE146194/chunk_0012/obs.parquet	canonical_obs	prism_collection/GSE146194	prism_collection/GSE146194/chunk_0012	chunk	chunk_0012	12	5000	33694	unknown					scRNA-seq	unknown	CRISPR	unknown	unknown	unknown	True	True	False	False	triplet-integrity-ok	2	original	jkobject:GCjqQtGwPzkY	jkobject:GCjqQtGwPzkY	additions	20260624-shared-var	metadata-only collection manifest; use obs->X->var links for payload resolution	shared_exact_hash	prism_collection/GSE146194/var.h5ad	ospYI9Pe9zjmUuPL0001	nv56LLsnKM2Vlvy5T-XfZw	prism_collection/GSE146194
prism_collection/GSE146194	GSE146194	PRISM	bXOyVi0K1wYuKTQR0000	prism_collection/GSE146194/chunk_0013/obs.parquet	canonical_obs	prism_collection/GSE146194	prism_collection/GSE146194/chunk_0013	chunk	chunk_0013	13	5000	33694	unknown					scRNA-seq	unknown	CRISPR	unknown	unknown	unknown	True	True	False	False	triplet-integrity-ok	2	original	jkobject:GCjqQtGwPzkY	jkobject:GCjqQtGwPzkY	additions	20260624-shared-var	metadata-only collection manifest; use obs->X->var links for payload resolution	shared_exact_hash	prism_collection/GSE146194/var.h5ad	ospYI9Pe9zjmUuPL0001	nv56LLsnKM2Vlvy5T-XfZw	prism_collection/GSE146194
prism_collection/GSE146194	GSE146194	PRISM	UOGL6xFZrd0Wprhv0000	prism_collection/GSE146194/chunk_0014/obs.parquet	canonical_obs	prism_collection/GSE146194	prism_collection/GSE146194/chunk_0014	chunk	chunk_0014	14	5000	33694	unknown					scRNA-seq	unknown	CRISPR	unknown	unknown	unknown	True	True	False	False	triplet-integrity-ok	2	original	jkobject:GCjqQtGwPzkY	jkobject:GCjqQtGwPzkY	additions	20260624-shared-var	metadata-only collection manifest; use obs->X->var links for payload resolution	shared_exact_hash	prism_collection/GSE146194/var.h5ad	ospYI9Pe9zjmUuPL0001	nv56LLsnKM2Vlvy5T-XfZw	prism_collection/GSE146194
prism_collection/GSE146194	GSE146194	PRISM	Kqt6RBXiQOoTnvxL0000	prism_collection/GSE146194/chunk_0015/obs.parquet	canonical_obs	prism_collection/GSE146194	prism_collection/GSE146194/chunk_0015	chunk	chunk_0015	15	5000	33694	unknown					scRNA-seq	unknown	CRISPR	unknown	unknown	unknown	True	True	False	False	triplet-integrity-ok	2	original	jkobject:GCjqQtGwPzkY	jkobject:GCjqQtGwPzkY	additions	20260624-shared-var	metadata-only collection manifest; use obs->X->var links for payload resolution	shared_exact_hash	prism_collection/GSE146194/var.h5ad	ospYI9Pe9zjmUuPL0001	nv56LLsnKM2Vlvy5T-XfZw	prism_collection/GSE146194
prism_collection/GSE146194	GSE146194	PRISM	esW4SiRzH4RhwDCj0000	prism_collection/GSE146194/chunk_0016/obs.parquet	canonical_obs	prism_collection/GSE146194	prism_collection/GSE146194/chunk_0016	chunk	chunk_0016	16	5000	33694	unknown					scRNA-seq	unknown	CRISPR	unknown	unknown	unknown	True	True	False	False	triplet-integrity-ok	2	original	jkobject:GCjqQtGwPzkY	jkobject:GCjqQtGwPzkY	additions	20260624-shared-var	metadata-only collection manifest; use obs->X->var links for payload resolution	shared_exact_hash	prism_collection/GSE146194/var.h5ad	ospYI9Pe9zjmUuPL0001	nv56LLsnKM2Vlvy5T-XfZw	prism_collection/GSE146194
prism_collection/GSE146194	GSE146194	PRISM	M9UZQ5sS9KdmdF4g0000	prism_collection/GSE146194/chunk_0017/obs.parquet	canonical_obs	prism_collection/GSE146194	prism_collection/GSE146194/chunk_0017	chunk	chunk_0017	17	5000	33694	unknown					scRNA-seq	unknown	CRISPR	unknown	unknown	unknown	True	True	False	False	triplet-integrity-ok	2	original	jkobject:GCjqQtGwPzkY	jkobject:GCjqQtGwPzkY	additions	20260624-shared-var	metadata-only collection manifest; use obs->X->var links for payload resolution	shared_exact_hash	prism_collection/GSE146194/var.h5ad	ospYI9Pe9zjmUuPL0001	nv56LLsnKM2Vlvy5T-XfZw	prism_collection/GSE146194
prism_collection/GSE146194	GSE146194	PRISM	2EZENBYtkW9chpGN0000	prism_collection/GSE146194/chunk_0018/obs.parquet	canonical_obs	prism_collection/GSE146194	prism_collection/GSE146194/chunk_0018	chunk	chunk_0018	18	5000	33694	unknown					scRNA-seq	unknown	CRISPR	unknown	unknown	unknown	True	True	False	False	triplet-integrity-ok	2	original	jkobject:GCjqQtGwPzkY	jkobject:GCjqQtGwPzkY	additions	20260624-shared-var	metadata-only collection manifest; use obs->X->var links for payload resolution	shared_exact_hash	prism_collection/GSE146194/var.h5ad	ospYI9Pe9zjmUuPL0001	nv56LLsnKM2Vlvy5T-XfZw	prism_collection/GSE146194
prism_collection/GSE146194	GSE146194	PRISM	eivGDPgGTiW3XxpC0000	prism_collection/GSE146194/chunk_0019/obs.parquet	canonical_obs	prism_collection/GSE146194	prism_collection/GSE146194/chunk_0019	chunk	chunk_0019	19	5000	33694	unknown					scRNA-seq	unknown	CRISPR	unknown	unknown	unknown	True	True	False	False	triplet-integrity-ok	2	original	jkobject:GCjqQtGwPzkY	jkobject:GCjqQtGwPzkY	additions	20260624-shared-var	metadata-only collection manifest; use obs->X->var links for payload resolution	shared_exact_hash	prism_collection/GSE146194/var.h5ad	ospYI9Pe9zjmUuPL0001	nv56LLsnKM2Vlvy5T-XfZw	prism_collection/GSE146194
prism_collection/GSE146194	GSE146194	PRISM	sj5m86K06JGf5y510000	prism_collection/GSE146194/chunk_0020/obs.parquet	canonical_obs	prism_collection/GSE146194	prism_collection/GSE146194/chunk_0020	chunk	chunk_0020	20	5000	33694	unknown					scRNA-seq	unknown	CRISPR	unknown	unknown	unknown	True	True	False	False	triplet-integrity-ok	2	original	jkobject:GCjqQtGwPzkY	jkobject:GCjqQtGwPzkY	additions	20260624-shared-var	metadata-only collection manifest; use obs->X->var links for payload resolution	shared_exact_hash	prism_collection/GSE146194/var.h5ad	ospYI9Pe9zjmUuPL0001	nv56LLsnKM2Vlvy5T-XfZw	prism_collection/GSE146194
prism_collection/GSE146194	GSE146194	PRISM	oze0GWVI7g1tgzYI0000	prism_collection/GSE146194/chunk_0021/obs.parquet	canonical_obs	prism_collection/GSE146194	prism_collection/GSE146194/chunk_0021	chunk	chunk_0021	21	5000	33694	unknown					scRNA-seq	unknown	CRISPR	unknown	unknown	unknown	True	True	True	False	triplet-integrity-ok	2	original	jkobject:GCjqQtGwPzkY	jkobject:GCjqQtGwPzkY	additions	20260624-shared-var	metadata-only collection manifest; use obs->X->var links for payload resolution	shared_exact_hash	prism_collection/GSE146194/var.h5ad	ospYI9Pe9zjmUuPL0001	nv56LLsnKM2Vlvy5T-XfZw	prism_collection/GSE146194
prism_collection/GSE146194	GSE146194	PRISM	zlrGk6cIzIzWQCjf0000	prism_collection/GSE146194/chunk_0022/obs.parquet	canonical_obs	prism_collection/GSE146194	prism_collection/GSE146194/chunk_0022	chunk	chunk_0022	22	5000	33694	unknown					scRNA-seq	unknown	CRISPR	unknown	unknown	unknown	True	True	False	False	triplet-integrity-ok	2	original	jkobject:GCjqQtGwPzkY	jkobject:GCjqQtGwPzkY	additions	20260624-shared-var	metadata-only collection manifest; use obs->X->var links for payload resolution	shared_exact_hash	prism_collection/GSE146194/var.h5ad	ospYI9Pe9zjmUuPL0001	nv56LLsnKM2Vlvy5T-XfZw	prism_collection/GSE146194
prism_collection/GSE146194	GSE146194	PRISM	kMxqkSbYmC5btpKo0000	prism_collection/GSE146194/chunk_0023/obs.parquet	canonical_obs	prism_collection/GSE146194	prism_collection/GSE146194/chunk_0023	chunk	chunk_0023	23	5000	33694	unknown					scRNA-seq	unknown	CRISPR	unknown	unknown	unknown	True	True	False	False	triplet-integrity-ok	2	original	jkobject:GCjqQtGwPzkY	jkobject:GCjqQtGwPzkY	additions	20260624-shared-var	metadata-only collection manifest; use obs->X->var links for payload resolution	shared_exact_hash	prism_collection/GSE146194/var.h5ad	ospYI9Pe9zjmUuPL0001	nv56LLsnKM2Vlvy5T-XfZw	prism_collection/GSE146194
prism_collection/GSE146194	GSE146194	PRISM	3wp4VLf3OCfJmVbS0000	prism_collection/GSE146194/chunk_0024/obs.parquet	canonical_obs	prism_collection/GSE146194	prism_collection/GSE146194/chunk_0024	chunk	chunk_0024	24	5000	33694	unknown					scRNA-seq	unknown	CRISPR	unknown	unknown	unknown	True	True	False	False	triplet-integrity-ok	2	original	jkobject:GCjqQtGwPzkY	jkobject:GCjqQtGwPzkY	additions	20260624-shared-var	metadata-only collection manifest; use obs->X->var links for payload resolution	shared_exact_hash	prism_collection/GSE146194/var.h5ad	ospYI9Pe9zjmUuPL0001	nv56LLsnKM2Vlvy5T-XfZw	prism_collection/GSE146194
prism_collection/GSE146194	GSE146194	PRISM	sIGrAI8Taa19MrjO0000	prism_collection/GSE146194/chunk_0025/obs.parquet	canonical_obs	prism_collection/GSE146194	prism_collection/GSE146194/chunk_0025	chunk	chunk_0025	25	5000	33694	unknown					scRNA-seq	unknown	CRISPR	unknown	unknown	unknown	True	True	False	False	triplet-integrity-ok	2	original	jkobject:GCjqQtGwPzkY	jkobject:GCjqQtGwPzkY	additions	20260624-shared-var	metadata-only collection manifest; use obs->X->var links for payload resolution	shared_exact_hash	prism_collection/GSE146194/var.h5ad	ospYI9Pe9zjmUuPL0001	nv56LLsnKM2Vlvy5T-XfZw	prism_collection/GSE146194
prism_collection/GSE146194	GSE146194	PRISM	TXEVadIQCp6tJ8M80000	prism_collection/GSE146194/chunk_0026/obs.parquet	canonical_obs	prism_collection/GSE146194	prism_collection/GSE146194/chunk_0026	chunk	chunk_0026	26	5000	33694	unknown					scRNA-seq	unknown	CRISPR	unknown	unknown	unknown	True	True	False	False	triplet-integrity-ok	2	original	jkobject:GCjqQtGwPzkY	jkobject:GCjqQtGwPzkY	additions	20260624-shared-var	metadata-only collection manifest; use obs->X->var links for payload resolution	shared_exact_hash	prism_collection/GSE146194/var.h5ad	ospYI9Pe9zjmUuPL0001	nv56LLsnKM2Vlvy5T-XfZw	prism_collection/GSE146194
prism_collection/GSE146194	GSE146194	PRISM	6DgEoDV8oVcudf0u0000	prism_collection/GSE146194/chunk_0027/obs.parquet	canonical_obs	prism_collection/GSE146194	prism_collection/GSE146194/chunk_0027	chunk	chunk_0027	27	5000	33694	unknown					scRNA-seq	unknown	CRISPR	unknown	unknown	unknown	True	True	False	False	triplet-integrity-ok	2	original	jkobject:GCjqQtGwPzkY	jkobject:GCjqQtGwPzkY	additions	20260624-shared-var	metadata-only collection manifest; use obs->X->var links for payload resolution	shared_exact_hash	prism_collection/GSE146194/var.h5ad	ospYI9Pe9zjmUuPL0001	nv56LLsnKM2Vlvy5T-XfZw	prism_collection/GSE146194
prism_collection/GSE146194	GSE146194	PRISM	JPmDmJHvMKo9Jhpf0000	prism_collection/GSE146194/chunk_0028/obs.parquet	canonical_obs	prism_collection/GSE146194	prism_collection/GSE146194/chunk_0028	chunk	chunk_0028	28	5000	33694	unknown					scRNA-seq	unknown	CRISPR	unknown	unknown	unknown	True	True	False	False	triplet-integrity-ok	2	original	jkobject:GCjqQtGwPzkY	jkobject:GCjqQtGwPzkY	additions	20260624-shared-var	metadata-only collection manifest; use obs->X->var links for payload resolution	shared_exact_hash	prism_collection/GSE146194/var.h5ad	ospYI9Pe9zjmUuPL0001	nv56LLsnKM2Vlvy5T-XfZw	prism_collection/GSE146194
prism_collection/GSE146194	GSE146194	PRISM	mCRUM4l12fwbm6xs0000	prism_collection/GSE146194/chunk_0029/obs.parquet	canonical_obs	prism_collection/GSE146194	prism_collection/GSE146194/chunk_0029	chunk	chunk_0029	29	5000	33694	unknown					scRNA-seq	unknown	CRISPR	unknown	unknown	unknown	True	True	False	False	triplet-integrity-ok	2	original	jkobject:GCjqQtGwPzkY	jkobject:GCjqQtGwPzkY	additions	20260624-shared-var	metadata-only collection manifest; use obs->X->var links for payload resolution	shared_exact_hash	prism_collection/GSE146194/var.h5ad	ospYI9Pe9zjmUuPL0001	nv56LLsnKM2Vlvy5T-XfZw	prism_collection/GSE146194
prism_collection/GSE146194	GSE146194	PRISM	BrvqjrNlabfXHIMo0000	prism_collection/GSE146194/chunk_0030/obs.parquet	canonical_obs	prism_collection/GSE146194	prism_collection/GSE146194/chunk_0030	chunk	chunk_0030	30	5000	33694	unknown					scRNA-seq	unknown	CRISPR	unknown	unknown	unknown	True	True	False	False	triplet-integrity-ok	2	original	jkobject:GCjqQtGwPzkY	jkobject:GCjqQtGwPzkY	additions	20260624-shared-var	metadata-only collection manifest; use obs->X->var links for payload resolution	shared_exact_hash	prism_collection/GSE146194/var.h5ad	ospYI9Pe9zjmUuPL0001	nv56LLsnKM2Vlvy5T-XfZw	prism_collection/GSE146194
prism_collection/GSE146194	GSE146194	PRISM	Xqfb6PCo3WI51B5W0000	prism_collection/GSE146194/chunk_0031/obs.parquet	canonical_obs	prism_collection/GSE146194	prism_collection/GSE146194/chunk_0031	chunk	chunk_0031	31	5000	33694	unknown					scRNA-seq	unknown	CRISPR	unknown	unknown	unknown	True	True	False	False	triplet-integrity-ok	2	original	jkobject:GCjqQtGwPzkY	jkobject:GCjqQtGwPzkY	additions	20260624-shared-var	metadata-only collection manifest; use obs->X->var links for payload resolution	shared_exact_hash	prism_collection/GSE146194/var.h5ad	ospYI9Pe9zjmUuPL0001	nv56LLsnKM2Vlvy5T-XfZw	prism_collection/GSE146194
prism_collection/GSE146194	GSE146194	PRISM	yp4pRXjitSMFfbnm0000	prism_collection/GSE146194/chunk_0032/obs.parquet	canonical_obs	prism_collection/GSE146194	prism_collection/GSE146194/chunk_0032	chunk	chunk_0032	32	5000	33694	unknown					scRNA-seq	unknown	CRISPR	unknown	unknown	unknown	True	True	False	False	triplet-integrity-ok	2	original	jkobject:GCjqQtGwPzkY	jkobject:GCjqQtGwPzkY	additions	20260624-shared-var	metadata-only collection manifest; use obs->X->var links for payload resolution	shared_exact_hash	prism_collection/GSE146194/var.h5ad	ospYI9Pe9zjmUuPL0001	nv56LLsnKM2Vlvy5T-XfZw	prism_collection/GSE146194
prism_collection/GSE146194	GSE146194	PRISM	VYLLH6KzLLGtNZ4J0000	prism_collection/GSE146194/chunk_0033/obs.parquet	canonical_obs	prism_collection/GSE146194	prism_collection/GSE146194/chunk_0033	chunk	chunk_0033	33	5000	33694	unknown					scRNA-seq	unknown	CRISPR	unknown	unknown	unknown	True	True	False	False	triplet-integrity-ok	2	original	jkobject:GCjqQtGwPzkY	jkobject:GCjqQtGwPzkY	additions	20260624-shared-var	metadata-only collection manifest; use obs->X->var links for payload resolution	shared_exact_hash	prism_collection/GSE146194/var.h5ad	ospYI9Pe9zjmUuPL0001	nv56LLsnKM2Vlvy5T-XfZw	prism_collection/GSE146194
prism_collection/GSE146194	GSE146194	PRISM	DPL2ht7j1J4g9dMZ0000	prism_collection/GSE146194/chunk_0034/obs.parquet	canonical_obs	prism_collection/GSE146194	prism_collection/GSE146194/chunk_0034	chunk	chunk_0034	34	5000	33694	unknown					scRNA-seq	unknown	CRISPR	unknown	unknown	unknown	True	True	False	False	triplet-integrity-ok	2	original	jkobject:GCjqQtGwPzkY	jkobject:GCjqQtGwPzkY	additions	20260624-shared-var	metadata-only collection manifest; use obs->X->var links for payload resolution	shared_exact_hash	prism_collection/GSE146194/var.h5ad	ospYI9Pe9zjmUuPL0001	nv56LLsnKM2Vlvy5T-XfZw	prism_collection/GSE146194
prism_collection/GSE146194	GSE146194	PRISM	bW6GOXk8zxLZro4T0000	prism_collection/GSE146194/chunk_0035/obs.parquet	canonical_obs	prism_collection/GSE146194	prism_collection/GSE146194/chunk_0035	chunk	chunk_0035	35	5000	33694	unknown					scRNA-seq	unknown	CRISPR	unknown	unknown	unknown	True	True	False	False	triplet-integrity-ok	2	original	jkobject:GCjqQtGwPzkY	jkobject:GCjqQtGwPzkY	additions	20260624-shared-var	metadata-only collection manifest; use obs->X->var links for payload resolution	shared_exact_hash	prism_collection/GSE146194/var.h5ad	ospYI9Pe9zjmUuPL0001	nv56LLsnKM2Vlvy5T-XfZw	prism_collection/GSE146194
prism_collection/GSE146194	GSE146194	PRISM	zjWspfIeTSpW1BOJ0000	prism_collection/GSE146194/chunk_0036/obs.parquet	canonical_obs	prism_collection/GSE146194	prism_collection/GSE146194/chunk_0036	chunk	chunk_0036	36	5000	33694	unknown					scRNA-seq	unknown	CRISPR	unknown	unknown	unknown	True	True	False	False	triplet-integrity-ok	2	original	jkobject:GCjqQtGwPzkY	jkobject:GCjqQtGwPzkY	additions	20260624-shared-var	metadata-only collection manifest; use obs->X->var links for payload resolution	shared_exact_hash	prism_collection/GSE146194/var.h5ad	ospYI9Pe9zjmUuPL0001	nv56LLsnKM2Vlvy5T-XfZw	prism_collection/GSE146194
prism_collection/GSE146194	GSE146194	PRISM	8cqUNtAiQSKltSIc0000	prism_collection/GSE146194/chunk_0037/obs.parquet	canonical_obs	prism_collection/GSE146194	prism_collection/GSE146194/chunk_0037	chunk	chunk_0037	37	5000	33694	unknown					scRNA-seq	unknown	CRISPR	unknown	unknown	unknown	True	True	False	False	triplet-integrity-ok	2	original	jkobject:GCjqQtGwPzkY	jkobject:GCjqQtGwPzkY	additions	20260624-shared-var	metadata-only collection manifest; use obs->X->var links for payload resolution	shared_exact_hash	prism_collection/GSE146194/var.h5ad	ospYI9Pe9zjmUuPL0001	nv56LLsnKM2Vlvy5T-XfZw	prism_collection/GSE146194
prism_collection/GSE146194	GSE146194	PRISM	ZIRJjAUJZDvDTagN0000	prism_collection/GSE146194/chunk_0038/obs.parquet	canonical_obs	prism_collection/GSE146194	prism_collection/GSE146194/chunk_0038	chunk	chunk_0038	38	5000	33694	unknown					scRNA-seq	unknown	CRISPR	unknown	unknown	unknown	True	True	False	False	triplet-integrity-ok	2	original	jkobject:GCjqQtGwPzkY	jkobject:GCjqQtGwPzkY	additions	20260624-shared-var	metadata-only collection manifest; use obs->X->var links for payload resolution	shared_exact_hash	prism_collection/GSE146194/var.h5ad	ospYI9Pe9zjmUuPL0001	nv56LLsnKM2Vlvy5T-XfZw	prism_collection/GSE146194
prism_collection/GSE146194	GSE146194	PRISM	QAYZcTlN1jX8zDax0000	prism_collection/GSE146194/chunk_0039/obs.parquet	canonical_obs	prism_collection/GSE146194	prism_collection/GSE146194/chunk_0039	chunk	chunk_0039	39	5000	33694	unknown					scRNA-seq	unknown	CRISPR	unknown	unknown	unknown	True	True	False	False	triplet-integrity-ok	2	original	jkobject:GCjqQtGwPzkY	jkobject:GCjqQtGwPzkY	additions	20260624-shared-var	metadata-only collection manifest; use obs->X->var links for payload resolution	shared_exact_hash	prism_collection/GSE146194/var.h5ad	ospYI9Pe9zjmUuPL0001	nv56LLsnKM2Vlvy5T-XfZw	prism_collection/GSE146194
prism_collection/GSE146194	GSE146194	PRISM	EMF9gFAuVrrapB810000	prism_collection/GSE146194/chunk_0040/obs.parquet	canonical_obs	prism_collection/GSE146194	prism_collection/GSE146194/chunk_0040	chunk	chunk_0040	40	5000	33694	unknown					scRNA-seq	unknown	CRISPR	unknown	unknown	unknown	True	True	False	False	triplet-integrity-ok	2	original	jkobject:GCjqQtGwPzkY	jkobject:GCjqQtGwPzkY	additions	20260624-shared-var	metadata-only collection manifest; use obs->X->var links for payload resolution	shared_exact_hash	prism_collection/GSE146194/var.h5ad	ospYI9Pe9zjmUuPL0001	nv56LLsnKM2Vlvy5T-XfZw	prism_collection/GSE146194
prism_collection/GSE146194	GSE146194	PRISM	kCysv4DTPvR60XwG0000	prism_collection/GSE146194/chunk_0041/obs.parquet	canonical_obs	prism_collection/GSE146194	prism_collection/GSE146194/chunk_0041	chunk	chunk_0041	41	5000	33694	unknown					scRNA-seq	unknown	CRISPR	unknown	unknown	unknown	True	True	False	False	triplet-integrity-ok	2	original	jkobject:GCjqQtGwPzkY	jkobject:GCjqQtGwPzkY	additions	20260624-shared-var	metadata-only collection manifest; use obs->X->var links for payload resolution	shared_exact_hash	prism_collection/GSE146194/var.h5ad	ospYI9Pe9zjmUuPL0001	nv56LLsnKM2Vlvy5T-XfZw	prism_collection/GSE146194
prism_collection/GSE146194	GSE146194	PRISM	5DsWcHxoBvtIotLb0000	prism_collection/GSE146194/chunk_0042/obs.parquet	canonical_obs	prism_collection/GSE146194	prism_collection/GSE146194/chunk_0042	chunk	chunk_0042	42	5000	33694	unknown					scRNA-seq	unknown	CRISPR	unknown	unknown	unknown	True	True	False	False	triplet-integrity-ok	2	original	jkobject:GCjqQtGwPzkY	jkobject:GCjqQtGwPzkY	additions	20260624-shared-var	metadata-only collection manifest; use obs->X->var links for payload resolution	shared_exact_hash	prism_collection/GSE146194/var.h5ad	ospYI9Pe9zjmUuPL0001	nv56LLsnKM2Vlvy5T-XfZw	prism_collection/GSE146194
prism_collection/GSE146194	GSE146194	PRISM	g2Xw19k0OMGmc5N50000	prism_collection/GSE146194/chunk_0043/obs.parquet	canonical_obs	prism_collection/GSE146194	prism_collection/GSE146194/chunk_0043	chunk	chunk_0043	43	5000	33694	unknown					scRNA-seq	unknown	CRISPR	unknown	unknown	unknown	True	True	False	False	triplet-integrity-ok	2	original	jkobject:GCjqQtGwPzkY	jkobject:GCjqQtGwPzkY	additions	20260624-shared-var	metadata-only collection manifest; use obs->X->var links for payload resolution	shared_exact_hash	prism_collection/GSE146194/var.h5ad	ospYI9Pe9zjmUuPL0001	nv56LLsnKM2Vlvy5T-XfZw	prism_collection/GSE146194
prism_collection/GSE146194	GSE146194	PRISM	gFWB2YKb8x5IDSeU0000	prism_collection/GSE146194/chunk_0044/obs.parquet	canonical_obs	prism_collection/GSE146194	prism_collection/GSE146194/chunk_0044	chunk	chunk_0044	44	5000	33694	unknown					scRNA-seq	unknown	CRISPR	unknown	unknown	unknown	True	True	False	False	triplet-integrity-ok	2	original	jkobject:GCjqQtGwPzkY	jkobject:GCjqQtGwPzkY	additions	20260624-shared-var	metadata-only collection manifest; use obs->X->var links for payload resolution	shared_exact_hash	prism_collection/GSE146194/var.h5ad	ospYI9Pe9zjmUuPL0001	nv56LLsnKM2Vlvy5T-XfZw	prism_collection/GSE146194
prism_collection/GSE146194	GSE146194	PRISM	KcAu64qeYnOBl8YW0000	prism_collection/GSE146194/chunk_0045/obs.parquet	canonical_obs	prism_collection/GSE146194	prism_collection/GSE146194/chunk_0045	chunk	chunk_0045	45	5000	33694	unknown					scRNA-seq	unknown	CRISPR	unknown	unknown	unknown	True	True	False	False	triplet-integrity-ok	2	original	jkobject:GCjqQtGwPzkY	jkobject:GCjqQtGwPzkY	additions	20260624-shared-var	metadata-only collection manifest; use obs->X->var links for payload resolution	shared_exact_hash	prism_collection/GSE146194/var.h5ad	ospYI9Pe9zjmUuPL0001	nv56LLsnKM2Vlvy5T-XfZw	prism_collection/GSE146194
prism_collection/GSE146194	GSE146194	PRISM	Qoh9SBh0CoG8LJTD0000	prism_collection/GSE146194/chunk_0046/obs.parquet	canonical_obs	prism_collection/GSE146194	prism_collection/GSE146194/chunk_0046	chunk	chunk_0046	46	5000	33694	unknown					scRNA-seq	unknown	CRISPR	unknown	unknown	unknown	True	True	False	False	triplet-integrity-ok	2	original	jkobject:GCjqQtGwPzkY	jkobject:GCjqQtGwPzkY	additions	20260624-shared-var	metadata-only collection manifest; use obs->X->var links for payload resolution	shared_exact_hash	prism_collection/GSE146194/var.h5ad	ospYI9Pe9zjmUuPL0001	nv56LLsnKM2Vlvy5T-XfZw	prism_collection/GSE146194
prism_collection/GSE146194	GSE146194	PRISM	UzIagbWG6G8JlxNt0000	prism_collection/GSE146194/chunk_0047/obs.parquet	canonical_obs	prism_collection/GSE146194	prism_collection/GSE146194/chunk_0047	chunk	chunk_0047	47	5000	33694	unknown					scRNA-seq	unknown	CRISPR	unknown	unknown	unknown	True	True	False	False	triplet-integrity-ok	2	original	jkobject:GCjqQtGwPzkY	jkobject:GCjqQtGwPzkY	additions	20260624-shared-var	metadata-only collection manifest; use obs->X->var links for payload resolution	shared_exact_hash	prism_collection/GSE146194/var.h5ad	ospYI9Pe9zjmUuPL0001	nv56LLsnKM2Vlvy5T-XfZw	prism_collection/GSE146194
prism_collection/GSE146194	GSE146194	PRISM	ZpuRZaWIedoSP0AY0000	prism_collection/GSE146194/chunk_0048/obs.parquet	canonical_obs	prism_collection/GSE146194	prism_collection/GSE146194/chunk_0048	chunk	chunk_0048	48	5000	33694	unknown					scRNA-seq	unknown	CRISPR	unknown	unknown	unknown	True	True	False	False	triplet-integrity-ok	2	original	jkobject:GCjqQtGwPzkY	jkobject:GCjqQtGwPzkY	additions	20260624-shared-var	metadata-only collection manifest; use obs->X->var links for payload resolution	shared_exact_hash	prism_collection/GSE146194/var.h5ad	ospYI9Pe9zjmUuPL0001	nv56LLsnKM2Vlvy5T-XfZw	prism_collection/GSE146194
prism_collection/GSE146194	GSE146194	PRISM	nLKVehNzDVTgg7gg0000	prism_collection/GSE146194/chunk_0049/obs.parquet	canonical_obs	prism_collection/GSE146194	prism_collection/GSE146194/chunk_0049	chunk	chunk_0049	49	5000	33694	unknown					scRNA-seq	unknown	CRISPR	unknown	unknown	unknown	True	True	True	False	triplet-integrity-ok	2	original	jkobject:GCjqQtGwPzkY	jkobject:GCjqQtGwPzkY	additions	20260624-shared-var	metadata-only collection manifest; use obs->X->var links for payload resolution	shared_exact_hash	prism_collection/GSE146194/var.h5ad	ospYI9Pe9zjmUuPL0001	nv56LLsnKM2Vlvy5T-XfZw	prism_collection/GSE146194
prism_collection/GSE146194	GSE146194	PRISM	tatuKM5xhKsvtvtP0000	prism_collection/GSE146194/chunk_0050/obs.parquet	canonical_obs	prism_collection/GSE146194	prism_collection/GSE146194/chunk_0050	chunk	chunk_0050	50	5000	33694	unknown					scRNA-seq	unknown	CRISPR	unknown	unknown	unknown	True	True	False	False	triplet-integrity-ok	2	original	jkobject:GCjqQtGwPzkY	jkobject:GCjqQtGwPzkY	additions	20260624-shared-var	metadata-only collection manifest; use obs->X->var links for payload resolution	shared_exact_hash	prism_collection/GSE146194/var.h5ad	ospYI9Pe9zjmUuPL0001	nv56LLsnKM2Vlvy5T-XfZw	prism_collection/GSE146194
prism_collection/GSE146194	GSE146194	PRISM	WhIMYlpbKgIrGkJR0000	prism_collection/GSE146194/chunk_0051/obs.parquet	canonical_obs	prism_collection/GSE146194	prism_collection/GSE146194/chunk_0051	chunk	chunk_0051	51	4673	33694	unknown					scRNA-seq	unknown	CRISPR	unknown	unknown	unknown	True	True	False	False	triplet-integrity-ok	2	original	jkobject:GCjqQtGwPzkY	jkobject:GCjqQtGwPzkY	additions	20260624-shared-var	metadata-only collection manifest; use obs->X->var links for payload resolution	shared_exact_hash	prism_collection/GSE146194/var.h5ad	ospYI9Pe9zjmUuPL0001	nv56LLsnKM2Vlvy5T-XfZw	prism_collection/GSE146194
prism_collection/GSE150062	GSE150062	PRISM	CkcQf1IYkOkbxKed0000	prism_collection/GSE150062/obs.parquet	canonical_obs	prism_collection/GSE150062	prism_collection/GSE150062	none			78393	60497	unknown					scRNA-seq	unknown	CRISPR	unknown	unknown	unknown	True	True	False	True	triplet-integrity-ok	2	original	jkobject:GCjqQtGwPzkY	jkobject:GCjqQtGwPzkY	additions	20260624-shared-var	metadata-only collection manifest; use obs->X->var links for payload resolution	same_prefix	prism_collection/GSE150062/var.parquet			
prism_collection/GSE153056	GSE153056	PRISM	wkG40L0zkbvXv1bB0000	prism_collection/GSE153056/obs.parquet	canonical_obs	prism_collection/GSE153056	prism_collection/GSE153056	none			20729	18649	unknown					scRNA-seq	unknown	CRISPR	unknown	unknown	unknown	True	True	False	True	triplet-integrity-ok	2	original	jkobject:GCjqQtGwPzkY	jkobject:GCjqQtGwPzkY	additions	20260624-shared-var	metadata-only collection manifest; use obs->X->var links for payload resolution	same_prefix	prism_collection/GSE153056/var.parquet			
prism_collection/GSE161824	GSE161824	PRISM	HBymQ0buKB0kKEAG0000	prism_collection/GSE161824/chunk_0000/obs.parquet	canonical_obs	prism_collection/GSE161824	prism_collection/GSE161824/chunk_0000	chunk	chunk_0000	0	5000	939	unknown					scRNA-seq	unknown	CRISPR	unknown	unknown	unknown	True	True	False	False	triplet-integrity-ok	2	original	jkobject:GCjqQtGwPzkY	jkobject:GCjqQtGwPzkY	additions	20260624-shared-var	metadata-only collection manifest; use obs->X->var links for payload resolution	shared_exact_hash	prism_collection/GSE161824/var.h5ad	lQeDLOkoK2m07c0l0002	BA89WDZnozqvFl7xpNqu_w	prism_collection/GSE161824
prism_collection/GSE161824	GSE161824	PRISM	pdEvuyUBpoRtPY7u0000	prism_collection/GSE161824/chunk_0001/obs.parquet	canonical_obs	prism_collection/GSE161824	prism_collection/GSE161824/chunk_0001	chunk	chunk_0001	1	5000	939	unknown					scRNA-seq	unknown	CRISPR	unknown	unknown	unknown	True	True	False	False	triplet-integrity-ok	2	original	jkobject:GCjqQtGwPzkY	jkobject:GCjqQtGwPzkY	additions	20260624-shared-var	metadata-only collection manifest; use obs->X->var links for payload resolution	shared_exact_hash	prism_collection/GSE161824/var.h5ad	lQeDLOkoK2m07c0l0002	BA89WDZnozqvFl7xpNqu_w	prism_collection/GSE161824
prism_collection/GSE161824	GSE161824	PRISM	iAAOci7NrLPq4xSm0000	prism_collection/GSE161824/chunk_0002/obs.parquet	canonical_obs	prism_collection/GSE161824	prism_collection/GSE161824/chunk_0002	chunk	chunk_0002	2	5000	939	unknown					scRNA-seq	unknown	CRISPR	unknown	unknown	unknown	True	True	False	False	triplet-integrity-ok	2	original	jkobject:GCjqQtGwPzkY	jkobject:GCjqQtGwPzkY	additions	20260624-shared-var	metadata-only collection manifest; use obs->X->var links for payload resolution	shared_exact_hash	prism_collection/GSE161824/var.h5ad	lQeDLOkoK2m07c0l0002	BA89WDZnozqvFl7xpNqu_w	prism_collection/GSE161824
prism_collection/GSE161824	GSE161824	PRISM	btPCvF44HhMOJeBE0000	prism_collection/GSE161824/chunk_0003/obs.parquet	canonical_obs	prism_collection/GSE161824	prism_collection/GSE161824/chunk_0003	chunk	chunk_0003	3	5000	939	unknown					scRNA-seq	unknown	CRISPR	unknown	unknown	unknown	True	True	False	False	triplet-integrity-ok	2	original	jkobject:GCjqQtGwPzkY	jkobject:GCjqQtGwPzkY	additions	20260624-shared-var	metadata-only collection manifest; use obs->X->var links for payload resolution	shared_exact_hash	prism_collection/GSE161824/var.h5ad	lQeDLOkoK2m07c0l0002	BA89WDZnozqvFl7xpNqu_w	prism_collection/GSE161824
prism_collection/GSE161824	GSE161824	PRISM	7Cziysg7Bqas7EMQ0000	prism_collection/GSE161824/chunk_0004/obs.parquet	canonical_obs	prism_collection/GSE161824	prism_collection/GSE161824/chunk_0004	chunk	chunk_0004	4	5000	939	unknown					scRNA-seq	unknown	CRISPR	unknown	unknown	unknown	True	True	False	False	triplet-integrity-ok	2	original	jkobject:GCjqQtGwPzkY	jkobject:GCjqQtGwPzkY	additions	20260624-shared-var	metadata-only collection manifest; use obs->X->var links for payload resolution	shared_exact_hash	prism_collection/GSE161824/var.h5ad	lQeDLOkoK2m07c0l0002	BA89WDZnozqvFl7xpNqu_w	prism_collection/GSE161824
prism_collection/GSE161824	GSE161824	PRISM	S3PREHIcFYzLDnYo0000	prism_collection/GSE161824/chunk_0005/obs.parquet	canonical_obs	prism_collection/GSE161824	prism_collection/GSE161824/chunk_0005	chunk	chunk_0005	5	5000	939	unknown					scRNA-seq	unknown	CRISPR	unknown	unknown	unknown	True	True	False	False	triplet-integrity-ok	2	original	jkobject:GCjqQtGwPzkY	jkobject:GCjqQtGwPzkY	additions	20260624-shared-var	metadata-only collection manifest; use obs->X->var links for payload resolution	shared_exact_hash	prism_collection/GSE161824/var.h5ad	lQeDLOkoK2m07c0l0002	BA89WDZnozqvFl7xpNqu_w	prism_collection/GSE161824
prism_collection/GSE161824	GSE161824	PRISM	CQERkyUuEkBMJpEE0000	prism_collection/GSE161824/chunk_0006/obs.parquet	canonical_obs	prism_collection/GSE161824	prism_collection/GSE161824/chunk_0006	chunk	chunk_0006	6	5000	939	unknown					scRNA-seq	unknown	CRISPR	unknown	unknown	unknown	True	True	False	False	triplet-integrity-ok	2	original	jkobject:GCjqQtGwPzkY	jkobject:GCjqQtGwPzkY	additions	20260624-shared-var	metadata-only collection manifest; use obs->X->var links for payload resolution	shared_exact_hash	prism_collection/GSE161824/var.h5ad	lQeDLOkoK2m07c0l0002	BA89WDZnozqvFl7xpNqu_w	prism_collection/GSE161824
prism_collection/GSE161824	GSE161824	PRISM	kkiWqzOISm6GfXI20000	prism_collection/GSE161824/chunk_0007/obs.parquet	canonical_obs	prism_collection/GSE161824	prism_collection/GSE161824/chunk_0007	chunk	chunk_0007	7	5000	939	unknown					scRNA-seq	unknown	CRISPR	unknown	unknown	unknown	True	True	False	False	triplet-integrity-ok	2	original	jkobject:GCjqQtGwPzkY	jkobject:GCjqQtGwPzkY	additions	20260624-shared-var	metadata-only collection manifest; use obs->X->var links for payload resolution	shared_exact_hash	prism_collection/GSE161824/var.h5ad	lQeDLOkoK2m07c0l0002	BA89WDZnozqvFl7xpNqu_w	prism_collection/GSE161824
prism_collection/GSE161824	GSE161824	PRISM	Rq1kC2BvhFFNzgL30000	prism_collection/GSE161824/chunk_0008/obs.parquet	canonical_obs	prism_collection/GSE161824	prism_collection/GSE161824/chunk_0008	chunk	chunk_0008	8	5000	939	unknown					scRNA-seq	unknown	CRISPR	unknown	unknown	unknown	True	True	False	False	triplet-integrity-ok	2	original	jkobject:GCjqQtGwPzkY	jkobject:GCjqQtGwPzkY	additions	20260624-shared-var	metadata-only collection manifest; use obs->X->var links for payload resolution	shared_exact_hash	prism_collection/GSE161824/var.h5ad	lQeDLOkoK2m07c0l0002	BA89WDZnozqvFl7xpNqu_w	prism_collection/GSE161824
prism_collection/GSE161824	GSE161824	PRISM	OlyuxiyKuGDz9Dg10000	prism_collection/GSE161824/chunk_0009/obs.parquet	canonical_obs	prism_collection/GSE161824	prism_collection/GSE161824/chunk_0009	chunk	chunk_0009	9	5000	939	unknown					scRNA-seq	unknown	CRISPR	unknown	unknown	unknown	True	True	False	False	triplet-integrity-ok	2	original	jkobject:GCjqQtGwPzkY	jkobject:GCjqQtGwPzkY	additions	20260624-shared-var	metadata-only collection manifest; use obs->X->var links for payload resolution	shared_exact_hash	prism_collection/GSE161824/var.h5ad	lQeDLOkoK2m07c0l0002	BA89WDZnozqvFl7xpNqu_w	prism_collection/GSE161824
prism_collection/GSE161824	GSE161824	PRISM	o6JffMKjbfwpoIMP0000	prism_collection/GSE161824/chunk_0010/obs.parquet	canonical_obs	prism_collection/GSE161824	prism_collection/GSE161824/chunk_0010	chunk	chunk_0010	10	5000	939	unknown					scRNA-seq	unknown	CRISPR	unknown	unknown	unknown	True	True	False	False	triplet-integrity-ok	2	original	jkobject:GCjqQtGwPzkY	jkobject:GCjqQtGwPzkY	additions	20260624-shared-var	metadata-only collection manifest; use obs->X->var links for payload resolution	shared_exact_hash	prism_collection/GSE161824/var.h5ad	lQeDLOkoK2m07c0l0002	BA89WDZnozqvFl7xpNqu_w	prism_collection/GSE161824
prism_collection/GSE161824	GSE161824	PRISM	K8RiVH1fuXf76nQZ0000	prism_collection/GSE161824/chunk_0011/obs.parquet	canonical_obs	prism_collection/GSE161824	prism_collection/GSE161824/chunk_0011	chunk	chunk_0011	11	5000	939	unknown					scRNA-seq	unknown	CRISPR	unknown	unknown	unknown	True	True	False	False	triplet-integrity-ok	2	original	jkobject:GCjqQtGwPzkY	jkobject:GCjqQtGwPzkY	additions	20260624-shared-var	metadata-only collection manifest; use obs->X->var links for payload resolution	shared_exact_hash	prism_collection/GSE161824/var.h5ad	lQeDLOkoK2m07c0l0002	BA89WDZnozqvFl7xpNqu_w	prism_collection/GSE161824
prism_collection/GSE161824	GSE161824	PRISM	M4mQDzerC2Rz2pKl0000	prism_collection/GSE161824/chunk_0012/obs.parquet	canonical_obs	prism_collection/GSE161824	prism_collection/GSE161824/chunk_0012	chunk	chunk_0012	12	5000	939	unknown					scRNA-seq	unknown	CRISPR	unknown	unknown	unknown	True	True	False	False	triplet-integrity-ok	2	original	jkobject:GCjqQtGwPzkY	jkobject:GCjqQtGwPzkY	additions	20260624-shared-var	metadata-only collection manifest; use obs->X->var links for payload resolution	shared_exact_hash	prism_collection/GSE161824/var.h5ad	lQeDLOkoK2m07c0l0002	BA89WDZnozqvFl7xpNqu_w	prism_collection/GSE161824
prism_collection/GSE161824	GSE161824	PRISM	Vu9oJ6VhFtLzqe2G0000	prism_collection/GSE161824/chunk_0013/obs.parquet	canonical_obs	prism_collection/GSE161824	prism_collection/GSE161824/chunk_0013	chunk	chunk_0013	13	5000	939	unknown					scRNA-seq	unknown	CRISPR	unknown	unknown	unknown	True	True	False	False	triplet-integrity-ok	2	original	jkobject:GCjqQtGwPzkY	jkobject:GCjqQtGwPzkY	additions	20260624-shared-var	metadata-only collection manifest; use obs->X->var links for payload resolution	shared_exact_hash	prism_collection/GSE161824/var.h5ad	lQeDLOkoK2m07c0l0002	BA89WDZnozqvFl7xpNqu_w	prism_collection/GSE161824
prism_collection/GSE161824	GSE161824	PRISM	TxQ1ABdLWsPJpzFd0000	prism_collection/GSE161824/chunk_0014/obs.parquet	canonical_obs	prism_collection/GSE161824	prism_collection/GSE161824/chunk_0014	chunk	chunk_0014	14	5000	939	unknown					scRNA-seq	unknown	CRISPR	unknown	unknown	unknown	True	True	False	False	triplet-integrity-ok	2	original	jkobject:GCjqQtGwPzkY	jkobject:GCjqQtGwPzkY	additions	20260624-shared-var	metadata-only collection manifest; use obs->X->var links for payload resolution	shared_exact_hash	prism_collection/GSE161824/var.h5ad	lQeDLOkoK2m07c0l0002	BA89WDZnozqvFl7xpNqu_w	prism_collection/GSE161824
prism_collection/GSE161824	GSE161824	PRISM	TRubMSUdQYRaQTB90000	prism_collection/GSE161824/chunk_0015/obs.parquet	canonical_obs	prism_collection/GSE161824	prism_collection/GSE161824/chunk_0015	chunk	chunk_0015	15	5000	939	unknown					scRNA-seq	unknown	CRISPR	unknown	unknown	unknown	True	True	False	False	triplet-integrity-ok	2	original	jkobject:GCjqQtGwPzkY	jkobject:GCjqQtGwPzkY	additions	20260624-shared-var	metadata-only collection manifest; use obs->X->var links for payload resolution	shared_exact_hash	prism_collection/GSE161824/var.h5ad	lQeDLOkoK2m07c0l0002	BA89WDZnozqvFl7xpNqu_w	prism_collection/GSE161824
prism_collection/GSE161824	GSE161824	PRISM	sBWWeRD1f1QFjr2e0000	prism_collection/GSE161824/chunk_0016/obs.parquet	canonical_obs	prism_collection/GSE161824	prism_collection/GSE161824/chunk_0016	chunk	chunk_0016	16	5000	939	unknown					scRNA-seq	unknown	CRISPR	unknown	unknown	unknown	True	True	False	False	triplet-integrity-ok	2	original	jkobject:GCjqQtGwPzkY	jkobject:GCjqQtGwPzkY	additions	20260624-shared-var	metadata-only collection manifest; use obs->X->var links for payload resolution	shared_exact_hash	prism_collection/GSE161824/var.h5ad	lQeDLOkoK2m07c0l0002	BA89WDZnozqvFl7xpNqu_w	prism_collection/GSE161824
prism_collection/GSE161824	GSE161824	PRISM	iLIcUizsY8HWpz6C0000	prism_collection/GSE161824/chunk_0017/obs.parquet	canonical_obs	prism_collection/GSE161824	prism_collection/GSE161824/chunk_0017	chunk	chunk_0017	17	5000	939	unknown					scRNA-seq	unknown	CRISPR	unknown	unknown	unknown	True	True	False	False	triplet-integrity-ok	2	original	jkobject:GCjqQtGwPzkY	jkobject:GCjqQtGwPzkY	additions	20260624-shared-var	metadata-only collection manifest; use obs->X->var links for payload resolution	shared_exact_hash	prism_collection/GSE161824/var.h5ad	lQeDLOkoK2m07c0l0002	BA89WDZnozqvFl7xpNqu_w	prism_collection/GSE161824
prism_collection/GSE161824	GSE161824	PRISM	HmuCw5LPwRBLJ1AX0000	prism_collection/GSE161824/chunk_0018/obs.parquet	canonical_obs	prism_collection/GSE161824	prism_collection/GSE161824/chunk_0018	chunk	chunk_0018	18	5000	939	unknown					scRNA-seq	unknown	CRISPR	unknown	unknown	unknown	True	True	False	False	triplet-integrity-ok	2	original	jkobject:GCjqQtGwPzkY	jkobject:GCjqQtGwPzkY	additions	20260624-shared-var	metadata-only collection manifest; use obs->X->var links for payload resolution	shared_exact_hash	prism_collection/GSE161824/var.h5ad	lQeDLOkoK2m07c0l0002	BA89WDZnozqvFl7xpNqu_w	prism_collection/GSE161824
prism_collection/GSE161824	GSE161824	PRISM	UFaDdEVDPOYGpFqV0000	prism_collection/GSE161824/chunk_0019/obs.parquet	canonical_obs	prism_collection/GSE161824	prism_collection/GSE161824/chunk_0019	chunk	chunk_0019	19	5000	939	unknown					scRNA-seq	unknown	CRISPR	unknown	unknown	unknown	True	True	False	False	triplet-integrity-ok	2	original	jkobject:GCjqQtGwPzkY	jkobject:GCjqQtGwPzkY	additions	20260624-shared-var	metadata-only collection manifest; use obs->X->var links for payload resolution	shared_exact_hash	prism_collection/GSE161824/var.h5ad	lQeDLOkoK2m07c0l0002	BA89WDZnozqvFl7xpNqu_w	prism_collection/GSE161824
prism_collection/GSE161824	GSE161824	PRISM	TzQSahCQcwTRVqFy0000	prism_collection/GSE161824/chunk_0020/obs.parquet	canonical_obs	prism_collection/GSE161824	prism_collection/GSE161824/chunk_0020	chunk	chunk_0020	20	5000	939	unknown					scRNA-seq	unknown	CRISPR	unknown	unknown	unknown	True	True	False	False	triplet-integrity-ok	2	original	jkobject:GCjqQtGwPzkY	jkobject:GCjqQtGwPzkY	additions	20260624-shared-var	metadata-only collection manifest; use obs->X->var links for payload resolution	shared_exact_hash	prism_collection/GSE161824/var.h5ad	lQeDLOkoK2m07c0l0002	BA89WDZnozqvFl7xpNqu_w	prism_collection/GSE161824
prism_collection/GSE161824	GSE161824	PRISM	tVj9Omh3j5N5Zx9W0000	prism_collection/GSE161824/chunk_0021/obs.parquet	canonical_obs	prism_collection/GSE161824	prism_collection/GSE161824/chunk_0021	chunk	chunk_0021	21	5000	939	unknown					scRNA-seq	unknown	CRISPR	unknown	unknown	unknown	True	True	False	False	triplet-integrity-ok	2	original	jkobject:GCjqQtGwPzkY	jkobject:GCjqQtGwPzkY	additions	20260624-shared-var	metadata-only collection manifest; use obs->X->var links for payload resolution	shared_exact_hash	prism_collection/GSE161824/var.h5ad	lQeDLOkoK2m07c0l0002	BA89WDZnozqvFl7xpNqu_w	prism_collection/GSE161824
prism_collection/GSE161824	GSE161824	PRISM	PV6o2Qyp7OIuMEqn0000	prism_collection/GSE161824/chunk_0022/obs.parquet	canonical_obs	prism_collection/GSE161824	prism_collection/GSE161824/chunk_0022	chunk	chunk_0022	22	5000	939	unknown					scRNA-seq	unknown	CRISPR	unknown	unknown	unknown	True	True	False	False	triplet-integrity-ok	2	original	jkobject:GCjqQtGwPzkY	jkobject:GCjqQtGwPzkY	additions	20260624-shared-var	metadata-only collection manifest; use obs->X->var links for payload resolution	shared_exact_hash	prism_collection/GSE161824/var.h5ad	lQeDLOkoK2m07c0l0002	BA89WDZnozqvFl7xpNqu_w	prism_collection/GSE161824
prism_collection/GSE161824	GSE161824	PRISM	LYB9JN9eMzmaEcgt0000	prism_collection/GSE161824/chunk_0023/obs.parquet	canonical_obs	prism_collection/GSE161824	prism_collection/GSE161824/chunk_0023	chunk	chunk_0023	23	5000	939	unknown					scRNA-seq	unknown	CRISPR	unknown	unknown	unknown	True	True	True	False	triplet-integrity-ok	2	original	jkobject:GCjqQtGwPzkY	jkobject:GCjqQtGwPzkY	additions	20260624-shared-var	metadata-only collection manifest; use obs->X->var links for payload resolution	shared_exact_hash	prism_collection/GSE161824/var.h5ad	lQeDLOkoK2m07c0l0002	BA89WDZnozqvFl7xpNqu_w	prism_collection/GSE161824
prism_collection/GSE161824	GSE161824	PRISM	fmomvJeHT6WnOWCI0000	prism_collection/GSE161824/chunk_0024/obs.parquet	canonical_obs	prism_collection/GSE161824	prism_collection/GSE161824/chunk_0024	chunk	chunk_0024	24	5000	939	unknown					scRNA-seq	unknown	CRISPR	unknown	unknown	unknown	True	True	False	False	triplet-integrity-ok	2	original	jkobject:GCjqQtGwPzkY	jkobject:GCjqQtGwPzkY	additions	20260624-shared-var	metadata-only collection manifest; use obs->X->var links for payload resolution	shared_exact_hash	prism_collection/GSE161824/var.h5ad	lQeDLOkoK2m07c0l0002	BA89WDZnozqvFl7xpNqu_w	prism_collection/GSE161824
prism_collection/GSE161824	GSE161824	PRISM	yU31Er5rMuoFQhbA0000	prism_collection/GSE161824/chunk_0025/obs.parquet	canonical_obs	prism_collection/GSE161824	prism_collection/GSE161824/chunk_0025	chunk	chunk_0025	25	5000	939	unknown					scRNA-seq	unknown	CRISPR	unknown	unknown	unknown	True	True	False	False	triplet-integrity-ok	2	original	jkobject:GCjqQtGwPzkY	jkobject:GCjqQtGwPzkY	additions	20260624-shared-var	metadata-only collection manifest; use obs->X->var links for payload resolution	shared_exact_hash	prism_collection/GSE161824/var.h5ad	lQeDLOkoK2m07c0l0002	BA89WDZnozqvFl7xpNqu_w	prism_collection/GSE161824
prism_collection/GSE161824	GSE161824	PRISM	sbD8hCW2atSVByAy0000	prism_collection/GSE161824/chunk_0026/obs.parquet	canonical_obs	prism_collection/GSE161824	prism_collection/GSE161824/chunk_0026	chunk	chunk_0026	26	5000	939	unknown					scRNA-seq	unknown	CRISPR	unknown	unknown	unknown	True	True	False	False	triplet-integrity-ok	2	original	jkobject:GCjqQtGwPzkY	jkobject:GCjqQtGwPzkY	additions	20260624-shared-var	metadata-only collection manifest; use obs->X->var links for payload resolution	shared_exact_hash	prism_collection/GSE161824/var.h5ad	lQeDLOkoK2m07c0l0002	BA89WDZnozqvFl7xpNqu_w	prism_collection/GSE161824
prism_collection/GSE161824	GSE161824	PRISM	2DXwDlKsZapUOYbA0000	prism_collection/GSE161824/chunk_0027/obs.parquet	canonical_obs	prism_collection/GSE161824	prism_collection/GSE161824/chunk_0027	chunk	chunk_0027	27	5000	939	unknown					scRNA-seq	unknown	CRISPR	unknown	unknown	unknown	True	True	False	False	triplet-integrity-ok	2	original	jkobject:GCjqQtGwPzkY	jkobject:GCjqQtGwPzkY	additions	20260624-shared-var	metadata-only collection manifest; use obs->X->var links for payload resolution	shared_exact_hash	prism_collection/GSE161824/var.h5ad	lQeDLOkoK2m07c0l0002	BA89WDZnozqvFl7xpNqu_w	prism_collection/GSE161824
prism_collection/GSE161824	GSE161824	PRISM	y1wi8CgCHPOYAcRb0000	prism_collection/GSE161824/chunk_0028/obs.parquet	canonical_obs	prism_collection/GSE161824	prism_collection/GSE161824/chunk_0028	chunk	chunk_0028	28	5000	939	unknown					scRNA-seq	unknown	CRISPR	unknown	unknown	unknown	True	True	False	False	triplet-integrity-ok	2	original	jkobject:GCjqQtGwPzkY	jkobject:GCjqQtGwPzkY	additions	20260624-shared-var	metadata-only collection manifest; use obs->X->var links for payload resolution	shared_exact_hash	prism_collection/GSE161824/var.h5ad	lQeDLOkoK2m07c0l0002	BA89WDZnozqvFl7xpNqu_w	prism_collection/GSE161824
prism_collection/GSE161824	GSE161824	PRISM	aTbKnNyTROxv85PO0000	prism_collection/GSE161824/chunk_0029/obs.parquet	canonical_obs	prism_collection/GSE161824	prism_collection/GSE161824/chunk_0029	chunk	chunk_0029	29	5000	939	unknown					scRNA-seq	unknown	CRISPR	unknown	unknown	unknown	True	True	False	False	triplet-integrity-ok	2	original	jkobject:GCjqQtGwPzkY	jkobject:GCjqQtGwPzkY	additions	20260624-shared-var	metadata-only collection manifest; use obs->X->var links for payload resolution	shared_exact_hash	prism_collection/GSE161824/var.h5ad	lQeDLOkoK2m07c0l0002	BA89WDZnozqvFl7xpNqu_w	prism_collection/GSE161824
prism_collection/GSE161824	GSE161824	PRISM	Sd6WQi1LWALGyN780000	prism_collection/GSE161824/chunk_0030/obs.parquet	canonical_obs	prism_collection/GSE161824	prism_collection/GSE161824/chunk_0030	chunk	chunk_0030	30	5000	939	unknown					scRNA-seq	unknown	CRISPR	unknown	unknown	unknown	True	True	False	False	triplet-integrity-ok	2	original	jkobject:GCjqQtGwPzkY	jkobject:GCjqQtGwPzkY	additions	20260624-shared-var	metadata-only collection manifest; use obs->X->var links for payload resolution	shared_exact_hash	prism_collection/GSE161824/var.h5ad	lQeDLOkoK2m07c0l0002	BA89WDZnozqvFl7xpNqu_w	prism_collection/GSE161824
prism_collection/GSE161824	GSE161824	PRISM	zDDoG9KptpYBFNGp0000	prism_collection/GSE161824/chunk_0031/obs.parquet	canonical_obs	prism_collection/GSE161824	prism_collection/GSE161824/chunk_0031	chunk	chunk_0031	31	5000	939	unknown					scRNA-seq	unknown	CRISPR	unknown	unknown	unknown	True	True	False	False	triplet-integrity-ok	2	original	jkobject:GCjqQtGwPzkY	jkobject:GCjqQtGwPzkY	additions	20260624-shared-var	metadata-only collection manifest; use obs->X->var links for payload resolution	shared_exact_hash	prism_collection/GSE161824/var.h5ad	lQeDLOkoK2m07c0l0002	BA89WDZnozqvFl7xpNqu_w	prism_collection/GSE161824
prism_collection/GSE161824	GSE161824	PRISM	xS9EPtjx54ktsaFx0000	prism_collection/GSE161824/chunk_0032/obs.parquet	canonical_obs	prism_collection/GSE161824	prism_collection/GSE161824/chunk_0032	chunk	chunk_0032	32	5000	939	unknown					scRNA-seq	unknown	CRISPR	unknown	unknown	unknown	True	True	False	False	triplet-integrity-ok	2	original	jkobject:GCjqQtGwPzkY	jkobject:GCjqQtGwPzkY	additions	20260624-shared-var	metadata-only collection manifest; use obs->X->var links for payload resolution	shared_exact_hash	prism_collection/GSE161824/var.h5ad	lQeDLOkoK2m07c0l0002	BA89WDZnozqvFl7xpNqu_w	prism_collection/GSE161824
prism_collection/GSE161824	GSE161824	PRISM	E5oO7xVAy6N5vfUi0000	prism_collection/GSE161824/chunk_0033/obs.parquet	canonical_obs	prism_collection/GSE161824	prism_collection/GSE161824/chunk_0033	chunk	chunk_0033	33	5000	939	unknown					scRNA-seq	unknown	CRISPR	unknown	unknown	unknown	True	True	False	False	triplet-integrity-ok	2	original	jkobject:GCjqQtGwPzkY	jkobject:GCjqQtGwPzkY	additions	20260624-shared-var	metadata-only collection manifest; use obs->X->var links for payload resolution	shared_exact_hash	prism_collection/GSE161824/var.h5ad	lQeDLOkoK2m07c0l0002	BA89WDZnozqvFl7xpNqu_w	prism_collection/GSE161824
prism_collection/GSE161824	GSE161824	PRISM	Qow2PXzTifLeeh0F0000	prism_collection/GSE161824/chunk_0034/obs.parquet	canonical_obs	prism_collection/GSE161824	prism_collection/GSE161824/chunk_0034	chunk	chunk_0034	34	5000	939	unknown					scRNA-seq	unknown	CRISPR	unknown	unknown	unknown	True	True	False	False	triplet-integrity-ok	2	original	jkobject:GCjqQtGwPzkY	jkobject:GCjqQtGwPzkY	additions	20260624-shared-var	metadata-only collection manifest; use obs->X->var links for payload resolution	shared_exact_hash	prism_collection/GSE161824/var.h5ad	lQeDLOkoK2m07c0l0002	BA89WDZnozqvFl7xpNqu_w	prism_collection/GSE161824
prism_collection/GSE161824	GSE161824	PRISM	7Sn02ZCTt17ue86o0000	prism_collection/GSE161824/chunk_0035/obs.parquet	canonical_obs	prism_collection/GSE161824	prism_collection/GSE161824/chunk_0035	chunk	chunk_0035	35	1040	939	unknown					scRNA-seq	unknown	CRISPR	unknown	unknown	unknown	True	True	False	False	triplet-integrity-ok	2	original	jkobject:GCjqQtGwPzkY	jkobject:GCjqQtGwPzkY	additions	20260624-shared-var	metadata-only collection manifest; use obs->X->var links for payload resolution	shared_exact_hash	prism_collection/GSE161824/var.h5ad	lQeDLOkoK2m07c0l0002	BA89WDZnozqvFl7xpNqu_w	prism_collection/GSE161824
prism_collection/GSE164996	GSE164996	PRISM	REtsg7FF4qwOzfPC0000	prism_collection/GSE164996/obs.parquet	canonical_obs	prism_collection/GSE164996	prism_collection/GSE164996	none			25794	33555	unknown					scRNA-seq	unknown	CRISPR	unknown	unknown	unknown	True	True	False	True	triplet-integrity-ok	2	original	jkobject:GCjqQtGwPzkY	jkobject:GCjqQtGwPzkY	additions	20260624-shared-var	metadata-only collection manifest; use obs->X->var links for payload resolution	same_prefix	prism_collection/GSE164996/var.parquet			
prism_collection/GSE165291	GSE165291	PRISM	nsJggXsH48Qsxq290000	prism_collection/GSE165291/obs.parquet	canonical_obs	prism_collection/GSE165291	prism_collection/GSE165291	none			101670	34057	unknown					scRNA-seq	unknown	CRISPR	unknown	unknown	unknown	True	True	False	True	triplet-integrity-ok	2	original	jkobject:GCjqQtGwPzkY	jkobject:GCjqQtGwPzkY	additions	20260624-shared-var	metadata-only collection manifest; use obs->X->var links for payload resolution	same_prefix	prism_collection/GSE165291/var.parquet			
prism_collection/GSE182308	GSE182308	PRISM	dOPdRK3RnDqrObnL0000	prism_collection/GSE182308/chunk_0000/obs.parquet	canonical_obs	prism_collection/GSE182308	prism_collection/GSE182308/chunk_0000	chunk	chunk_0000	0	5000	33538	unknown					scRNA-seq	unknown	CRISPR	unknown	unknown	unknown	True	True	False	False	triplet-integrity-ok	2	original	jkobject:GCjqQtGwPzkY	jkobject:GCjqQtGwPzkY	additions	20260624-shared-var	metadata-only collection manifest; use obs->X->var links for payload resolution	shared_exact_hash	prism_collection/GSE182308/var.h5ad	ERu1IPvcVGaVJ4sx0002	x5pB02usxQSA2y93Wn9hXw	prism_collection/GSE182308
prism_collection/GSE182308	GSE182308	PRISM	ujKd0RnsxZZTwGjt0000	prism_collection/GSE182308/chunk_0001/obs.parquet	canonical_obs	prism_collection/GSE182308	prism_collection/GSE182308/chunk_0001	chunk	chunk_0001	1	5000	33538	unknown					scRNA-seq	unknown	CRISPR	unknown	unknown	unknown	True	True	False	False	triplet-integrity-ok	2	original	jkobject:GCjqQtGwPzkY	jkobject:GCjqQtGwPzkY	additions	20260624-shared-var	metadata-only collection manifest; use obs->X->var links for payload resolution	shared_exact_hash	prism_collection/GSE182308/var.h5ad	ERu1IPvcVGaVJ4sx0002	x5pB02usxQSA2y93Wn9hXw	prism_collection/GSE182308
prism_collection/GSE182308	GSE182308	PRISM	eTE73rPucsaOngX50000	prism_collection/GSE182308/chunk_0002/obs.parquet	canonical_obs	prism_collection/GSE182308	prism_collection/GSE182308/chunk_0002	chunk	chunk_0002	2	5000	33538	unknown					scRNA-seq	unknown	CRISPR	unknown	unknown	unknown	True	True	False	False	triplet-integrity-ok	2	original	jkobject:GCjqQtGwPzkY	jkobject:GCjqQtGwPzkY	additions	20260624-shared-var	metadata-only collection manifest; use obs->X->var links for payload resolution	shared_exact_hash	prism_collection/GSE182308/var.h5ad	ERu1IPvcVGaVJ4sx0002	x5pB02usxQSA2y93Wn9hXw	prism_collection/GSE182308
prism_collection/GSE182308	GSE182308	PRISM	DKFk4kol270f5XFH0000	prism_collection/GSE182308/chunk_0003/obs.parquet	canonical_obs	prism_collection/GSE182308	prism_collection/GSE182308/chunk_0003	chunk	chunk_0003	3	5000	33538	unknown					scRNA-seq	unknown	CRISPR	unknown	unknown	unknown	True	True	False	False	triplet-integrity-ok	2	original	jkobject:GCjqQtGwPzkY	jkobject:GCjqQtGwPzkY	additions	20260624-shared-var	metadata-only collection manifest; use obs->X->var links for payload resolution	shared_exact_hash	prism_collection/GSE182308/var.h5ad	ERu1IPvcVGaVJ4sx0002	x5pB02usxQSA2y93Wn9hXw	prism_collection/GSE182308
prism_collection/GSE182308	GSE182308	PRISM	h6ZhDumyQ1mQLHGP0000	prism_collection/GSE182308/chunk_0004/obs.parquet	canonical_obs	prism_collection/GSE182308	prism_collection/GSE182308/chunk_0004	chunk	chunk_0004	4	5000	33538	unknown					scRNA-seq	unknown	CRISPR	unknown	unknown	unknown	True	True	False	False	triplet-integrity-ok	2	original	jkobject:GCjqQtGwPzkY	jkobject:GCjqQtGwPzkY	additions	20260624-shared-var	metadata-only collection manifest; use obs->X->var links for payload resolution	shared_exact_hash	prism_collection/GSE182308/var.h5ad	ERu1IPvcVGaVJ4sx0002	x5pB02usxQSA2y93Wn9hXw	prism_collection/GSE182308
prism_collection/GSE182308	GSE182308	PRISM	KwNpFlrlh6GPCjUg0000	prism_collection/GSE182308/chunk_0005/obs.parquet	canonical_obs	prism_collection/GSE182308	prism_collection/GSE182308/chunk_0005	chunk	chunk_0005	5	5000	33538	unknown					scRNA-seq	unknown	CRISPR	unknown	unknown	unknown	True	True	False	False	triplet-integrity-ok	2	original	jkobject:GCjqQtGwPzkY	jkobject:GCjqQtGwPzkY	additions	20260624-shared-var	metadata-only collection manifest; use obs->X->var links for payload resolution	shared_exact_hash	prism_collection/GSE182308/var.h5ad	ERu1IPvcVGaVJ4sx0002	x5pB02usxQSA2y93Wn9hXw	prism_collection/GSE182308
prism_collection/GSE182308	GSE182308	PRISM	BmMNxFi5FmHoqqgs0000	prism_collection/GSE182308/chunk_0006/obs.parquet	canonical_obs	prism_collection/GSE182308	prism_collection/GSE182308/chunk_0006	chunk	chunk_0006	6	5000	33538	unknown					scRNA-seq	unknown	CRISPR	unknown	unknown	unknown	True	True	False	False	triplet-integrity-ok	2	original	jkobject:GCjqQtGwPzkY	jkobject:GCjqQtGwPzkY	additions	20260624-shared-var	metadata-only collection manifest; use obs->X->var links for payload resolution	shared_exact_hash	prism_collection/GSE182308/var.h5ad	ERu1IPvcVGaVJ4sx0002	x5pB02usxQSA2y93Wn9hXw	prism_collection/GSE182308
prism_collection/GSE182308	GSE182308	PRISM	Zeutqi9EoKUxDzEo0000	prism_collection/GSE182308/chunk_0007/obs.parquet	canonical_obs	prism_collection/GSE182308	prism_collection/GSE182308/chunk_0007	chunk	chunk_0007	7	5000	33538	unknown					scRNA-seq	unknown	CRISPR	unknown	unknown	unknown	True	True	False	False	triplet-integrity-ok	2	original	jkobject:GCjqQtGwPzkY	jkobject:GCjqQtGwPzkY	additions	20260624-shared-var	metadata-only collection manifest; use obs->X->var links for payload resolution	shared_exact_hash	prism_collection/GSE182308/var.h5ad	ERu1IPvcVGaVJ4sx0002	x5pB02usxQSA2y93Wn9hXw	prism_collection/GSE182308
prism_collection/GSE182308	GSE182308	PRISM	v3cU1oEDQV2slE7z0000	prism_collection/GSE182308/chunk_0008/obs.parquet	canonical_obs	prism_collection/GSE182308	prism_collection/GSE182308/chunk_0008	chunk	chunk_0008	8	5000	33538	unknown					scRNA-seq	unknown	CRISPR	unknown	unknown	unknown	True	True	False	False	triplet-integrity-ok	2	original	jkobject:GCjqQtGwPzkY	jkobject:GCjqQtGwPzkY	additions	20260624-shared-var	metadata-only collection manifest; use obs->X->var links for payload resolution	shared_exact_hash	prism_collection/GSE182308/var.h5ad	ERu1IPvcVGaVJ4sx0002	x5pB02usxQSA2y93Wn9hXw	prism_collection/GSE182308
prism_collection/GSE182308	GSE182308	PRISM	eWVBFjiIYSpZUQlP0000	prism_collection/GSE182308/chunk_0009/obs.parquet	canonical_obs	prism_collection/GSE182308	prism_collection/GSE182308/chunk_0009	chunk	chunk_0009	9	5000	33538	unknown					scRNA-seq	unknown	CRISPR	unknown	unknown	unknown	True	True	False	False	triplet-integrity-ok	2	original	jkobject:GCjqQtGwPzkY	jkobject:GCjqQtGwPzkY	additions	20260624-shared-var	metadata-only collection manifest; use obs->X->var links for payload resolution	shared_exact_hash	prism_collection/GSE182308/var.h5ad	ERu1IPvcVGaVJ4sx0002	x5pB02usxQSA2y93Wn9hXw	prism_collection/GSE182308
prism_collection/GSE182308	GSE182308	PRISM	x1gYUuG44d2tAlDf0000	prism_collection/GSE182308/chunk_0010/obs.parquet	canonical_obs	prism_collection/GSE182308	prism_collection/GSE182308/chunk_0010	chunk	chunk_0010	10	5000	33538	unknown					scRNA-seq	unknown	CRISPR	unknown	unknown	unknown	True	True	False	False	triplet-integrity-ok	2	original	jkobject:GCjqQtGwPzkY	jkobject:GCjqQtGwPzkY	additions	20260624-shared-var	metadata-only collection manifest; use obs->X->var links for payload resolution	shared_exact_hash	prism_collection/GSE182308/var.h5ad	ERu1IPvcVGaVJ4sx0002	x5pB02usxQSA2y93Wn9hXw	prism_collection/GSE182308
prism_collection/GSE182308	GSE182308	PRISM	SZyjKETiS77UyXDX0000	prism_collection/GSE182308/chunk_0011/obs.parquet	canonical_obs	prism_collection/GSE182308	prism_collection/GSE182308/chunk_0011	chunk	chunk_0011	11	5000	33538	unknown					scRNA-seq	unknown	CRISPR	unknown	unknown	unknown	True	True	False	False	triplet-integrity-ok	2	original	jkobject:GCjqQtGwPzkY	jkobject:GCjqQtGwPzkY	additions	20260624-shared-var	metadata-only collection manifest; use obs->X->var links for payload resolution	shared_exact_hash	prism_collection/GSE182308/var.h5ad	ERu1IPvcVGaVJ4sx0002	x5pB02usxQSA2y93Wn9hXw	prism_collection/GSE182308
prism_collection/GSE182308	GSE182308	PRISM	e5y32HjLrV9ucsdA0000	prism_collection/GSE182308/chunk_0012/obs.parquet	canonical_obs	prism_collection/GSE182308	prism_collection/GSE182308/chunk_0012	chunk	chunk_0012	12	5000	33538	unknown					scRNA-seq	unknown	CRISPR	unknown	unknown	unknown	True	True	False	False	triplet-integrity-ok	2	original	jkobject:GCjqQtGwPzkY	jkobject:GCjqQtGwPzkY	additions	20260624-shared-var	metadata-only collection manifest; use obs->X->var links for payload resolution	shared_exact_hash	prism_collection/GSE182308/var.h5ad	ERu1IPvcVGaVJ4sx0002	x5pB02usxQSA2y93Wn9hXw	prism_collection/GSE182308
prism_collection/GSE182308	GSE182308	PRISM	k6mSj3dgzAetCvuT0000	prism_collection/GSE182308/chunk_0013/obs.parquet	canonical_obs	prism_collection/GSE182308	prism_collection/GSE182308/chunk_0013	chunk	chunk_0013	13	5000	33538	unknown					scRNA-seq	unknown	CRISPR	unknown	unknown	unknown	True	True	True	False	triplet-integrity-ok	2	original	jkobject:GCjqQtGwPzkY	jkobject:GCjqQtGwPzkY	additions	20260624-shared-var	metadata-only collection manifest; use obs->X->var links for payload resolution	shared_exact_hash	prism_collection/GSE182308/var.h5ad	ERu1IPvcVGaVJ4sx0002	x5pB02usxQSA2y93Wn9hXw	prism_collection/GSE182308
prism_collection/GSE182308	GSE182308	PRISM	GUmquFKYbnyRsQh00000	prism_collection/GSE182308/chunk_0014/obs.parquet	canonical_obs	prism_collection/GSE182308	prism_collection/GSE182308/chunk_0014	chunk	chunk_0014	14	5000	33538	unknown					scRNA-seq	unknown	CRISPR	unknown	unknown	unknown	True	True	False	False	triplet-integrity-ok	2	original	jkobject:GCjqQtGwPzkY	jkobject:GCjqQtGwPzkY	additions	20260624-shared-var	metadata-only collection manifest; use obs->X->var links for payload resolution	shared_exact_hash	prism_collection/GSE182308/var.h5ad	ERu1IPvcVGaVJ4sx0002	x5pB02usxQSA2y93Wn9hXw	prism_collection/GSE182308
prism_collection/GSE182308	GSE182308	PRISM	DlhceBpGHjeP1UYh0000	prism_collection/GSE182308/chunk_0015/obs.parquet	canonical_obs	prism_collection/GSE182308	prism_collection/GSE182308/chunk_0015	chunk	chunk_0015	15	5000	33538	unknown					scRNA-seq	unknown	CRISPR	unknown	unknown	unknown	True	True	False	False	triplet-integrity-ok	2	original	jkobject:GCjqQtGwPzkY	jkobject:GCjqQtGwPzkY	additions	20260624-shared-var	metadata-only collection manifest; use obs->X->var links for payload resolution	shared_exact_hash	prism_collection/GSE182308/var.h5ad	ERu1IPvcVGaVJ4sx0002	x5pB02usxQSA2y93Wn9hXw	prism_collection/GSE182308
prism_collection/GSE182308	GSE182308	PRISM	fKs6B2FJ31ZxlHmz0000	prism_collection/GSE182308/chunk_0016/obs.parquet	canonical_obs	prism_collection/GSE182308	prism_collection/GSE182308/chunk_0016	chunk	chunk_0016	16	5000	33538	unknown					scRNA-seq	unknown	CRISPR	unknown	unknown	unknown	True	True	False	False	triplet-integrity-ok	2	original	jkobject:GCjqQtGwPzkY	jkobject:GCjqQtGwPzkY	additions	20260624-shared-var	metadata-only collection manifest; use obs->X->var links for payload resolution	shared_exact_hash	prism_collection/GSE182308/var.h5ad	ERu1IPvcVGaVJ4sx0002	x5pB02usxQSA2y93Wn9hXw	prism_collection/GSE182308
prism_collection/GSE182308	GSE182308	PRISM	Z3RtOHsQ4v5WcPa60000	prism_collection/GSE182308/chunk_0017/obs.parquet	canonical_obs	prism_collection/GSE182308	prism_collection/GSE182308/chunk_0017	chunk	chunk_0017	17	5000	33538	unknown					scRNA-seq	unknown	CRISPR	unknown	unknown	unknown	True	True	False	False	triplet-integrity-ok	2	original	jkobject:GCjqQtGwPzkY	jkobject:GCjqQtGwPzkY	additions	20260624-shared-var	metadata-only collection manifest; use obs->X->var links for payload resolution	shared_exact_hash	prism_collection/GSE182308/var.h5ad	ERu1IPvcVGaVJ4sx0002	x5pB02usxQSA2y93Wn9hXw	prism_collection/GSE182308
prism_collection/GSE182308	GSE182308	PRISM	wRzFHoU0z5EGgPlL0000	prism_collection/GSE182308/chunk_0018/obs.parquet	canonical_obs	prism_collection/GSE182308	prism_collection/GSE182308/chunk_0018	chunk	chunk_0018	18	4962	33538	unknown					scRNA-seq	unknown	CRISPR	unknown	unknown	unknown	True	True	False	False	triplet-integrity-ok	2	original	jkobject:GCjqQtGwPzkY	jkobject:GCjqQtGwPzkY	additions	20260624-shared-var	metadata-only collection manifest; use obs->X->var links for payload resolution	shared_exact_hash	prism_collection/GSE182308/var.h5ad	ERu1IPvcVGaVJ4sx0002	x5pB02usxQSA2y93Wn9hXw	prism_collection/GSE182308
prism_collection/GSE190604	GSE190604	PRISM	awq7YbfTz4WvTgnQ0000	prism_collection/GSE190604/obs.parquet	canonical_obs	prism_collection/GSE190604	prism_collection/GSE190604	none			103805	36755	unknown					scRNA-seq	unknown	CRISPR	unknown	unknown	unknown	True	True	False	True	triplet-integrity-ok	2	original	jkobject:GCjqQtGwPzkY	jkobject:GCjqQtGwPzkY	additions	20260624-shared-var	metadata-only collection manifest; use obs->X->var links for payload resolution	same_prefix	prism_collection/GSE190604/var.parquet			
prism_collection/GSE195510	GSE195510	PRISM	R32LmgaIVYcfvYGx0000	prism_collection/GSE195510/obs.parquet	canonical_obs	prism_collection/GSE195510	prism_collection/GSE195510	none			140709	17844	unknown					scRNA-seq	unknown	CRISPR	unknown	unknown	unknown	True	True	False	True	triplet-integrity-ok	2	original	jkobject:GCjqQtGwPzkY	jkobject:GCjqQtGwPzkY	additions	20260624-shared-var	metadata-only collection manifest; use obs->X->var links for payload resolution	same_prefix	prism_collection/GSE195510/var.parquet			
prism_collection/GSE196142	GSE196142	PRISM	ES26DsA0AQqpuDu80000	prism_collection/GSE196142/obs.parquet	canonical_obs	prism_collection/GSE196142	prism_collection/GSE196142	none			13220	32285	unknown					scRNA-seq	unknown	CRISPR	unknown	unknown	unknown	True	True	False	True	triplet-integrity-ok	2	original	jkobject:GCjqQtGwPzkY	jkobject:GCjqQtGwPzkY	additions	20260624-shared-var	metadata-only collection manifest; use obs->X->var links for payload resolution	same_prefix	prism_collection/GSE196142/var.parquet			
prism_collection/GSE197452_Perturb-seq	GSE197452_Perturb-seq	PRISM	6UsaktwOJjkXPM3L0000	prism_collection/GSE197452_Perturb-seq/obs.parquet	canonical_obs	prism_collection/GSE197452_Perturb-seq	prism_collection/GSE197452_Perturb-seq	none			20811	33694	unknown					scRNA-seq	unknown	CRISPR	unknown	unknown	unknown	True	True	False	True	triplet-integrity-ok	2	original	jkobject:GCjqQtGwPzkY	jkobject:GCjqQtGwPzkY	additions	20260624-shared-var	metadata-only collection manifest; use obs->X->var links for payload resolution	same_prefix	prism_collection/GSE197452_Perturb-seq/var.parquet			
prism_collection/GSE203592	GSE203592	PRISM	DQDHXFkEpvdiCySB0000	prism_collection/GSE203592/obs.parquet	canonical_obs	prism_collection/GSE203592	prism_collection/GSE203592	none			70646	31053	unknown					scRNA-seq	unknown	CRISPR	unknown	unknown	unknown	True	True	False	True	triplet-integrity-ok	2	original	jkobject:GCjqQtGwPzkY	jkobject:GCjqQtGwPzkY	additions	20260624-shared-var	metadata-only collection manifest; use obs->X->var links for payload resolution	same_prefix	prism_collection/GSE203592/var.parquet			
prism_collection/GSE205310	GSE205310	PRISM	bs6vUyBwVdBrwSi20000	prism_collection/GSE205310/obs.parquet	canonical_obs	prism_collection/GSE205310	prism_collection/GSE205310	none			124963	36601	unknown					scRNA-seq	unknown	CRISPR	unknown	unknown	unknown	True	True	False	True	triplet-integrity-ok	2	original	jkobject:GCjqQtGwPzkY	jkobject:GCjqQtGwPzkY	additions	20260624-shared-var	metadata-only collection manifest; use obs->X->var links for payload resolution	same_prefix	prism_collection/GSE205310/var.parquet			
prism_collection/GSE206107	GSE206107	PRISM	AN3hn2NPoKLbh0fO0000	prism_collection/GSE206107/obs.parquet	canonical_obs	prism_collection/GSE206107	prism_collection/GSE206107	none			51055	33502	unknown					scRNA-seq	unknown	CRISPR	unknown	unknown	unknown	True	True	False	True	triplet-integrity-ok	2	original	jkobject:GCjqQtGwPzkY	jkobject:GCjqQtGwPzkY	additions	20260624-shared-var	metadata-only collection manifest; use obs->X->var links for payload resolution	same_prefix	prism_collection/GSE206107/var.parquet			
prism_collection/GSE207360	GSE207360	PRISM	KSAkP0NJF5P5g1mJ0000	prism_collection/GSE207360/obs.parquet	canonical_obs	prism_collection/GSE207360	prism_collection/GSE207360	none			12487	60736	unknown					scRNA-seq	unknown	CRISPR	unknown	unknown	unknown	True	True	False	True	triplet-integrity-ok	2	original	jkobject:GCjqQtGwPzkY	jkobject:GCjqQtGwPzkY	additions	20260624-shared-var	metadata-only collection manifest; use obs->X->var links for payload resolution	same_prefix	prism_collection/GSE207360/var.parquet			
prism_collection/GSE208240	GSE208240	PRISM	vZr6LHGQBmmLOvfQ0000	prism_collection/GSE208240/chunk_0000/obs.parquet	canonical_obs	prism_collection/GSE208240	prism_collection/GSE208240/chunk_0000	chunk	chunk_0000	0	1000	33549	unknown					scRNA-seq	unknown	CRISPR	unknown	unknown	unknown	True	True	False	False	triplet-integrity-ok	2	original	jkobject:GCjqQtGwPzkY	jkobject:GCjqQtGwPzkY	additions	20260624-shared-var	metadata-only collection manifest; use obs->X->var links for payload resolution	shared_exact_hash	prism_collection/GSE208240/var.h5ad	zwXyYzax7y1xecO10002	lEMcxCXT_vJpCo5IUsXNUQ	prism_collection/GSE208240
prism_collection/GSE208240	GSE208240	PRISM	EE495yorwHjIn5yb0000	prism_collection/GSE208240/chunk_0001/obs.parquet	canonical_obs	prism_collection/GSE208240	prism_collection/GSE208240/chunk_0001	chunk	chunk_0001	1	1000	33549	unknown					scRNA-seq	unknown	CRISPR	unknown	unknown	unknown	True	True	False	False	triplet-integrity-ok	2	original	jkobject:GCjqQtGwPzkY	jkobject:GCjqQtGwPzkY	additions	20260624-shared-var	metadata-only collection manifest; use obs->X->var links for payload resolution	shared_exact_hash	prism_collection/GSE208240/var.h5ad	zwXyYzax7y1xecO10002	lEMcxCXT_vJpCo5IUsXNUQ	prism_collection/GSE208240
prism_collection/GSE208240	GSE208240	PRISM	YxKaPNk3908Qsn800000	prism_collection/GSE208240/chunk_0002/obs.parquet	canonical_obs	prism_collection/GSE208240	prism_collection/GSE208240/chunk_0002	chunk	chunk_0002	2	1000	33549	unknown					scRNA-seq	unknown	CRISPR	unknown	unknown	unknown	True	True	False	False	triplet-integrity-ok	2	original	jkobject:GCjqQtGwPzkY	jkobject:GCjqQtGwPzkY	additions	20260624-shared-var	metadata-only collection manifest; use obs->X->var links for payload resolution	shared_exact_hash	prism_collection/GSE208240/var.h5ad	zwXyYzax7y1xecO10002	lEMcxCXT_vJpCo5IUsXNUQ	prism_collection/GSE208240
prism_collection/GSE208240	GSE208240	PRISM	zv2GaUC6SrjYMuzm0000	prism_collection/GSE208240/chunk_0003/obs.parquet	canonical_obs	prism_collection/GSE208240	prism_collection/GSE208240/chunk_0003	chunk	chunk_0003	3	1000	33549	unknown					scRNA-seq	unknown	CRISPR	unknown	unknown	unknown	True	True	False	False	triplet-integrity-ok	2	original	jkobject:GCjqQtGwPzkY	jkobject:GCjqQtGwPzkY	additions	20260624-shared-var	metadata-only collection manifest; use obs->X->var links for payload resolution	shared_exact_hash	prism_collection/GSE208240/var.h5ad	zwXyYzax7y1xecO10002	lEMcxCXT_vJpCo5IUsXNUQ	prism_collection/GSE208240
prism_collection/GSE208240	GSE208240	PRISM	qx9Y5thwhplhYG700000	prism_collection/GSE208240/chunk_0004/obs.parquet	canonical_obs	prism_collection/GSE208240	prism_collection/GSE208240/chunk_0004	chunk	chunk_0004	4	1000	33549	unknown					scRNA-seq	unknown	CRISPR	unknown	unknown	unknown	True	True	False	False	triplet-integrity-ok	2	original	jkobject:GCjqQtGwPzkY	jkobject:GCjqQtGwPzkY	additions	20260624-shared-var	metadata-only collection manifest; use obs->X->var links for payload resolution	shared_exact_hash	prism_collection/GSE208240/var.h5ad	zwXyYzax7y1xecO10002	lEMcxCXT_vJpCo5IUsXNUQ	prism_collection/GSE208240
prism_collection/GSE208240	GSE208240	PRISM	0IkFK0pOO387CUjq0000	prism_collection/GSE208240/chunk_0005/obs.parquet	canonical_obs	prism_collection/GSE208240	prism_collection/GSE208240/chunk_0005	chunk	chunk_0005	5	1000	33549	unknown					scRNA-seq	unknown	CRISPR	unknown	unknown	unknown	True	True	False	False	triplet-integrity-ok	2	original	jkobject:GCjqQtGwPzkY	jkobject:GCjqQtGwPzkY	additions	20260624-shared-var	metadata-only collection manifest; use obs->X->var links for payload resolution	shared_exact_hash	prism_collection/GSE208240/var.h5ad	zwXyYzax7y1xecO10002	lEMcxCXT_vJpCo5IUsXNUQ	prism_collection/GSE208240
prism_collection/GSE208240	GSE208240	PRISM	bCCxcq5koTAUqf9P0000	prism_collection/GSE208240/chunk_0006/obs.parquet	canonical_obs	prism_collection/GSE208240	prism_collection/GSE208240/chunk_0006	chunk	chunk_0006	6	1000	33549	unknown					scRNA-seq	unknown	CRISPR	unknown	unknown	unknown	True	True	False	False	triplet-integrity-ok	2	original	jkobject:GCjqQtGwPzkY	jkobject:GCjqQtGwPzkY	additions	20260624-shared-var	metadata-only collection manifest; use obs->X->var links for payload resolution	shared_exact_hash	prism_collection/GSE208240/var.h5ad	zwXyYzax7y1xecO10002	lEMcxCXT_vJpCo5IUsXNUQ	prism_collection/GSE208240
prism_collection/GSE208240	GSE208240	PRISM	7aLW55UvN1UO533F0000	prism_collection/GSE208240/chunk_0007/obs.parquet	canonical_obs	prism_collection/GSE208240	prism_collection/GSE208240/chunk_0007	chunk	chunk_0007	7	1000	33549	unknown					scRNA-seq	unknown	CRISPR	unknown	unknown	unknown	True	True	False	False	triplet-integrity-ok	2	original	jkobject:GCjqQtGwPzkY	jkobject:GCjqQtGwPzkY	additions	20260624-shared-var	metadata-only collection manifest; use obs->X->var links for payload resolution	shared_exact_hash	prism_collection/GSE208240/var.h5ad	zwXyYzax7y1xecO10002	lEMcxCXT_vJpCo5IUsXNUQ	prism_collection/GSE208240
prism_collection/GSE208240	GSE208240	PRISM	gXVLYIMNNS3YSuXN0000	prism_collection/GSE208240/chunk_0008/obs.parquet	canonical_obs	prism_collection/GSE208240	prism_collection/GSE208240/chunk_0008	chunk	chunk_0008	8	1000	33549	unknown					scRNA-seq	unknown	CRISPR	unknown	unknown	unknown	True	True	False	False	triplet-integrity-ok	2	original	jkobject:GCjqQtGwPzkY	jkobject:GCjqQtGwPzkY	additions	20260624-shared-var	metadata-only collection manifest; use obs->X->var links for payload resolution	shared_exact_hash	prism_collection/GSE208240/var.h5ad	zwXyYzax7y1xecO10002	lEMcxCXT_vJpCo5IUsXNUQ	prism_collection/GSE208240
prism_collection/GSE208240	GSE208240	PRISM	zPL5JmU35Qwbq7Yc0000	prism_collection/GSE208240/chunk_0009/obs.parquet	canonical_obs	prism_collection/GSE208240	prism_collection/GSE208240/chunk_0009	chunk	chunk_0009	9	1000	33549	unknown					scRNA-seq	unknown	CRISPR	unknown	unknown	unknown	True	True	False	False	triplet-integrity-ok	2	original	jkobject:GCjqQtGwPzkY	jkobject:GCjqQtGwPzkY	additions	20260624-shared-var	metadata-only collection manifest; use obs->X->var links for payload resolution	shared_exact_hash	prism_collection/GSE208240/var.h5ad	zwXyYzax7y1xecO10002	lEMcxCXT_vJpCo5IUsXNUQ	prism_collection/GSE208240
prism_collection/GSE208240	GSE208240	PRISM	Lt0w2qVKEeQlkONJ0000	prism_collection/GSE208240/chunk_0010/obs.parquet	canonical_obs	prism_collection/GSE208240	prism_collection/GSE208240/chunk_0010	chunk	chunk_0010	10	1000	33549	unknown					scRNA-seq	unknown	CRISPR	unknown	unknown	unknown	True	True	False	False	triplet-integrity-ok	2	original	jkobject:GCjqQtGwPzkY	jkobject:GCjqQtGwPzkY	additions	20260624-shared-var	metadata-only collection manifest; use obs->X->var links for payload resolution	shared_exact_hash	prism_collection/GSE208240/var.h5ad	zwXyYzax7y1xecO10002	lEMcxCXT_vJpCo5IUsXNUQ	prism_collection/GSE208240
prism_collection/GSE208240	GSE208240	PRISM	Wlu8BaSkhtdmyI8p0000	prism_collection/GSE208240/chunk_0011/obs.parquet	canonical_obs	prism_collection/GSE208240	prism_collection/GSE208240/chunk_0011	chunk	chunk_0011	11	1000	33549	unknown					scRNA-seq	unknown	CRISPR	unknown	unknown	unknown	True	True	False	False	triplet-integrity-ok	2	original	jkobject:GCjqQtGwPzkY	jkobject:GCjqQtGwPzkY	additions	20260624-shared-var	metadata-only collection manifest; use obs->X->var links for payload resolution	shared_exact_hash	prism_collection/GSE208240/var.h5ad	zwXyYzax7y1xecO10002	lEMcxCXT_vJpCo5IUsXNUQ	prism_collection/GSE208240
prism_collection/GSE208240	GSE208240	PRISM	1qoixXMw2SPf2LFD0000	prism_collection/GSE208240/chunk_0012/obs.parquet	canonical_obs	prism_collection/GSE208240	prism_collection/GSE208240/chunk_0012	chunk	chunk_0012	12	1000	33549	unknown					scRNA-seq	unknown	CRISPR	unknown	unknown	unknown	True	True	False	False	triplet-integrity-ok	2	original	jkobject:GCjqQtGwPzkY	jkobject:GCjqQtGwPzkY	additions	20260624-shared-var	metadata-only collection manifest; use obs->X->var links for payload resolution	shared_exact_hash	prism_collection/GSE208240/var.h5ad	zwXyYzax7y1xecO10002	lEMcxCXT_vJpCo5IUsXNUQ	prism_collection/GSE208240
prism_collection/GSE208240	GSE208240	PRISM	ecUCYksy0Y57TWlo0000	prism_collection/GSE208240/chunk_0013/obs.parquet	canonical_obs	prism_collection/GSE208240	prism_collection/GSE208240/chunk_0013	chunk	chunk_0013	13	1000	33549	unknown					scRNA-seq	unknown	CRISPR	unknown	unknown	unknown	True	True	False	False	triplet-integrity-ok	2	original	jkobject:GCjqQtGwPzkY	jkobject:GCjqQtGwPzkY	additions	20260624-shared-var	metadata-only collection manifest; use obs->X->var links for payload resolution	shared_exact_hash	prism_collection/GSE208240/var.h5ad	zwXyYzax7y1xecO10002	lEMcxCXT_vJpCo5IUsXNUQ	prism_collection/GSE208240
prism_collection/GSE208240	GSE208240	PRISM	0c5ybZRI3wvu1wRQ0000	prism_collection/GSE208240/chunk_0014/obs.parquet	canonical_obs	prism_collection/GSE208240	prism_collection/GSE208240/chunk_0014	chunk	chunk_0014	14	1000	33549	unknown					scRNA-seq	unknown	CRISPR	unknown	unknown	unknown	True	True	True	False	triplet-integrity-ok	2	original	jkobject:GCjqQtGwPzkY	jkobject:GCjqQtGwPzkY	additions	20260624-shared-var	metadata-only collection manifest; use obs->X->var links for payload resolution	shared_exact_hash	prism_collection/GSE208240/var.h5ad	zwXyYzax7y1xecO10002	lEMcxCXT_vJpCo5IUsXNUQ	prism_collection/GSE208240
prism_collection/GSE208240	GSE208240	PRISM	hjeBvxxclRl2yPdz0000	prism_collection/GSE208240/chunk_0015/obs.parquet	canonical_obs	prism_collection/GSE208240	prism_collection/GSE208240/chunk_0015	chunk	chunk_0015	15	1000	33549	unknown					scRNA-seq	unknown	CRISPR	unknown	unknown	unknown	True	True	False	False	triplet-integrity-ok	2	original	jkobject:GCjqQtGwPzkY	jkobject:GCjqQtGwPzkY	additions	20260624-shared-var	metadata-only collection manifest; use obs->X->var links for payload resolution	shared_exact_hash	prism_collection/GSE208240/var.h5ad	zwXyYzax7y1xecO10002	lEMcxCXT_vJpCo5IUsXNUQ	prism_collection/GSE208240
prism_collection/GSE208240	GSE208240	PRISM	JNbeFRRU2G5lbQU50000	prism_collection/GSE208240/chunk_0016/obs.parquet	canonical_obs	prism_collection/GSE208240	prism_collection/GSE208240/chunk_0016	chunk	chunk_0016	16	1000	33549	unknown					scRNA-seq	unknown	CRISPR	unknown	unknown	unknown	True	True	False	False	triplet-integrity-ok	2	original	jkobject:GCjqQtGwPzkY	jkobject:GCjqQtGwPzkY	additions	20260624-shared-var	metadata-only collection manifest; use obs->X->var links for payload resolution	shared_exact_hash	prism_collection/GSE208240/var.h5ad	zwXyYzax7y1xecO10002	lEMcxCXT_vJpCo5IUsXNUQ	prism_collection/GSE208240
prism_collection/GSE208240	GSE208240	PRISM	rooCHGQGmJcOUnso0000	prism_collection/GSE208240/chunk_0017/obs.parquet	canonical_obs	prism_collection/GSE208240	prism_collection/GSE208240/chunk_0017	chunk	chunk_0017	17	1000	33549	unknown					scRNA-seq	unknown	CRISPR	unknown	unknown	unknown	True	True	False	False	triplet-integrity-ok	2	original	jkobject:GCjqQtGwPzkY	jkobject:GCjqQtGwPzkY	additions	20260624-shared-var	metadata-only collection manifest; use obs->X->var links for payload resolution	shared_exact_hash	prism_collection/GSE208240/var.h5ad	zwXyYzax7y1xecO10002	lEMcxCXT_vJpCo5IUsXNUQ	prism_collection/GSE208240
prism_collection/GSE208240	GSE208240	PRISM	mhMaTCFxyIBJqp150000	prism_collection/GSE208240/chunk_0018/obs.parquet	canonical_obs	prism_collection/GSE208240	prism_collection/GSE208240/chunk_0018	chunk	chunk_0018	18	1000	33549	unknown					scRNA-seq	unknown	CRISPR	unknown	unknown	unknown	True	True	False	False	triplet-integrity-ok	2	original	jkobject:GCjqQtGwPzkY	jkobject:GCjqQtGwPzkY	additions	20260624-shared-var	metadata-only collection manifest; use obs->X->var links for payload resolution	shared_exact_hash	prism_collection/GSE208240/var.h5ad	zwXyYzax7y1xecO10002	lEMcxCXT_vJpCo5IUsXNUQ	prism_collection/GSE208240
prism_collection/GSE208240	GSE208240	PRISM	nH7LkI0wHmTZqwDd0000	prism_collection/GSE208240/chunk_0019/obs.parquet	canonical_obs	prism_collection/GSE208240	prism_collection/GSE208240/chunk_0019	chunk	chunk_0019	19	1000	33549	unknown					scRNA-seq	unknown	CRISPR	unknown	unknown	unknown	True	True	False	False	triplet-integrity-ok	2	original	jkobject:GCjqQtGwPzkY	jkobject:GCjqQtGwPzkY	additions	20260624-shared-var	metadata-only collection manifest; use obs->X->var links for payload resolution	shared_exact_hash	prism_collection/GSE208240/var.h5ad	zwXyYzax7y1xecO10002	lEMcxCXT_vJpCo5IUsXNUQ	prism_collection/GSE208240
prism_collection/GSE208240	GSE208240	PRISM	Vc0qmExan9v6EgLj0000	prism_collection/GSE208240/chunk_0020/obs.parquet	canonical_obs	prism_collection/GSE208240	prism_collection/GSE208240/chunk_0020	chunk	chunk_0020	20	1000	33549	unknown					scRNA-seq	unknown	CRISPR	unknown	unknown	unknown	True	True	False	False	triplet-integrity-ok	2	original	jkobject:GCjqQtGwPzkY	jkobject:GCjqQtGwPzkY	additions	20260624-shared-var	metadata-only collection manifest; use obs->X->var links for payload resolution	shared_exact_hash	prism_collection/GSE208240/var.h5ad	zwXyYzax7y1xecO10002	lEMcxCXT_vJpCo5IUsXNUQ	prism_collection/GSE208240
prism_collection/GSE208240	GSE208240	PRISM	XtGFXP64Yxk8HRJE0000	prism_collection/GSE208240/chunk_0021/obs.parquet	canonical_obs	prism_collection/GSE208240	prism_collection/GSE208240/chunk_0021	chunk	chunk_0021	21	1000	33549	unknown					scRNA-seq	unknown	CRISPR	unknown	unknown	unknown	True	True	False	False	triplet-integrity-ok	2	original	jkobject:GCjqQtGwPzkY	jkobject:GCjqQtGwPzkY	additions	20260624-shared-var	metadata-only collection manifest; use obs->X->var links for payload resolution	shared_exact_hash	prism_collection/GSE208240/var.h5ad	zwXyYzax7y1xecO10002	lEMcxCXT_vJpCo5IUsXNUQ	prism_collection/GSE208240
prism_collection/GSE208240	GSE208240	PRISM	EJJNgwiBXqtGsJ3C0000	prism_collection/GSE208240/chunk_0022/obs.parquet	canonical_obs	prism_collection/GSE208240	prism_collection/GSE208240/chunk_0022	chunk	chunk_0022	22	1000	33549	unknown					scRNA-seq	unknown	CRISPR	unknown	unknown	unknown	True	True	False	False	triplet-integrity-ok	2	original	jkobject:GCjqQtGwPzkY	jkobject:GCjqQtGwPzkY	additions	20260624-shared-var	metadata-only collection manifest; use obs->X->var links for payload resolution	shared_exact_hash	prism_collection/GSE208240/var.h5ad	zwXyYzax7y1xecO10002	lEMcxCXT_vJpCo5IUsXNUQ	prism_collection/GSE208240
prism_collection/GSE208240	GSE208240	PRISM	5Cb3wCBadYtUrtko0000	prism_collection/GSE208240/chunk_0023/obs.parquet	canonical_obs	prism_collection/GSE208240	prism_collection/GSE208240/chunk_0023	chunk	chunk_0023	23	1000	33549	unknown					scRNA-seq	unknown	CRISPR	unknown	unknown	unknown	True	True	False	False	triplet-integrity-ok	2	original	jkobject:GCjqQtGwPzkY	jkobject:GCjqQtGwPzkY	additions	20260624-shared-var	metadata-only collection manifest; use obs->X->var links for payload resolution	shared_exact_hash	prism_collection/GSE208240/var.h5ad	zwXyYzax7y1xecO10002	lEMcxCXT_vJpCo5IUsXNUQ	prism_collection/GSE208240
prism_collection/GSE208240	GSE208240	PRISM	tS4Iv4fV0kgR2Uz60000	prism_collection/GSE208240/chunk_0024/obs.parquet	canonical_obs	prism_collection/GSE208240	prism_collection/GSE208240/chunk_0024	chunk	chunk_0024	24	1000	33549	unknown					scRNA-seq	unknown	CRISPR	unknown	unknown	unknown	True	True	False	False	triplet-integrity-ok	2	original	jkobject:GCjqQtGwPzkY	jkobject:GCjqQtGwPzkY	additions	20260624-shared-var	metadata-only collection manifest; use obs->X->var links for payload resolution	shared_exact_hash	prism_collection/GSE208240/var.h5ad	zwXyYzax7y1xecO10002	lEMcxCXT_vJpCo5IUsXNUQ	prism_collection/GSE208240
prism_collection/GSE208240	GSE208240	PRISM	6CnLfpH1mvdHYldX0000	prism_collection/GSE208240/chunk_0025/obs.parquet	canonical_obs	prism_collection/GSE208240	prism_collection/GSE208240/chunk_0025	chunk	chunk_0025	25	1000	33549	unknown					scRNA-seq	unknown	CRISPR	unknown	unknown	unknown	True	True	False	False	triplet-integrity-ok	2	original	jkobject:GCjqQtGwPzkY	jkobject:GCjqQtGwPzkY	additions	20260624-shared-var	metadata-only collection manifest; use obs->X->var links for payload resolution	shared_exact_hash	prism_collection/GSE208240/var.h5ad	zwXyYzax7y1xecO10002	lEMcxCXT_vJpCo5IUsXNUQ	prism_collection/GSE208240
prism_collection/GSE208240	GSE208240	PRISM	eNjyFNxVmiFUD5880000	prism_collection/GSE208240/chunk_0026/obs.parquet	canonical_obs	prism_collection/GSE208240	prism_collection/GSE208240/chunk_0026	chunk	chunk_0026	26	1000	33549	unknown					scRNA-seq	unknown	CRISPR	unknown	unknown	unknown	True	True	False	False	triplet-integrity-ok	2	original	jkobject:GCjqQtGwPzkY	jkobject:GCjqQtGwPzkY	additions	20260624-shared-var	metadata-only collection manifest; use obs->X->var links for payload resolution	shared_exact_hash	prism_collection/GSE208240/var.h5ad	zwXyYzax7y1xecO10002	lEMcxCXT_vJpCo5IUsXNUQ	prism_collection/GSE208240
prism_collection/GSE208240	GSE208240	PRISM	vPF05nuHqvGEn9Cn0000	prism_collection/GSE208240/chunk_0027/obs.parquet	canonical_obs	prism_collection/GSE208240	prism_collection/GSE208240/chunk_0027	chunk	chunk_0027	27	1000	33549	unknown					scRNA-seq	unknown	CRISPR	unknown	unknown	unknown	True	True	False	False	triplet-integrity-ok	2	original	jkobject:GCjqQtGwPzkY	jkobject:GCjqQtGwPzkY	additions	20260624-shared-var	metadata-only collection manifest; use obs->X->var links for payload resolution	shared_exact_hash	prism_collection/GSE208240/var.h5ad	zwXyYzax7y1xecO10002	lEMcxCXT_vJpCo5IUsXNUQ	prism_collection/GSE208240
prism_collection/GSE208240	GSE208240	PRISM	z77qPRZUJGVgtP5M0000	prism_collection/GSE208240/chunk_0028/obs.parquet	canonical_obs	prism_collection/GSE208240	prism_collection/GSE208240/chunk_0028	chunk	chunk_0028	28	1000	33549	unknown					scRNA-seq	unknown	CRISPR	unknown	unknown	unknown	True	True	False	False	triplet-integrity-ok	2	original	jkobject:GCjqQtGwPzkY	jkobject:GCjqQtGwPzkY	additions	20260624-shared-var	metadata-only collection manifest; use obs->X->var links for payload resolution	shared_exact_hash	prism_collection/GSE208240/var.h5ad	zwXyYzax7y1xecO10002	lEMcxCXT_vJpCo5IUsXNUQ	prism_collection/GSE208240
prism_collection/GSE208240	GSE208240	PRISM	Ao2mrCqTRYe7BFLt0000	prism_collection/GSE208240/chunk_0029/obs.parquet	canonical_obs	prism_collection/GSE208240	prism_collection/GSE208240/chunk_0029	chunk	chunk_0029	29	1000	33549	unknown					scRNA-seq	unknown	CRISPR	unknown	unknown	unknown	True	True	False	False	triplet-integrity-ok	2	original	jkobject:GCjqQtGwPzkY	jkobject:GCjqQtGwPzkY	additions	20260624-shared-var	metadata-only collection manifest; use obs->X->var links for payload resolution	shared_exact_hash	prism_collection/GSE208240/var.h5ad	zwXyYzax7y1xecO10002	lEMcxCXT_vJpCo5IUsXNUQ	prism_collection/GSE208240
prism_collection/GSE208240	GSE208240	PRISM	wLdhReW0s6ZGihe20000	prism_collection/GSE208240/chunk_0030/obs.parquet	canonical_obs	prism_collection/GSE208240	prism_collection/GSE208240/chunk_0030	chunk	chunk_0030	30	1000	33549	unknown					scRNA-seq	unknown	CRISPR	unknown	unknown	unknown	True	True	False	False	triplet-integrity-ok	2	original	jkobject:GCjqQtGwPzkY	jkobject:GCjqQtGwPzkY	additions	20260624-shared-var	metadata-only collection manifest; use obs->X->var links for payload resolution	shared_exact_hash	prism_collection/GSE208240/var.h5ad	zwXyYzax7y1xecO10002	lEMcxCXT_vJpCo5IUsXNUQ	prism_collection/GSE208240
prism_collection/GSE208240	GSE208240	PRISM	AkN9x8ARouzBCt4h0000	prism_collection/GSE208240/chunk_0031/obs.parquet	canonical_obs	prism_collection/GSE208240	prism_collection/GSE208240/chunk_0031	chunk	chunk_0031	31	1000	33549	unknown					scRNA-seq	unknown	CRISPR	unknown	unknown	unknown	True	True	False	False	triplet-integrity-ok	2	original	jkobject:GCjqQtGwPzkY	jkobject:GCjqQtGwPzkY	additions	20260624-shared-var	metadata-only collection manifest; use obs->X->var links for payload resolution	shared_exact_hash	prism_collection/GSE208240/var.h5ad	zwXyYzax7y1xecO10002	lEMcxCXT_vJpCo5IUsXNUQ	prism_collection/GSE208240
prism_collection/GSE208240	GSE208240	PRISM	Ndhv8VbcxT6m6yib0000	prism_collection/GSE208240/chunk_0032/obs.parquet	canonical_obs	prism_collection/GSE208240	prism_collection/GSE208240/chunk_0032	chunk	chunk_0032	32	1000	33549	unknown					scRNA-seq	unknown	CRISPR	unknown	unknown	unknown	True	True	False	False	triplet-integrity-ok	2	original	jkobject:GCjqQtGwPzkY	jkobject:GCjqQtGwPzkY	additions	20260624-shared-var	metadata-only collection manifest; use obs->X->var links for payload resolution	shared_exact_hash	prism_collection/GSE208240/var.h5ad	zwXyYzax7y1xecO10002	lEMcxCXT_vJpCo5IUsXNUQ	prism_collection/GSE208240
prism_collection/GSE208240	GSE208240	PRISM	4d6Yglpz09Cr7sKR0000	prism_collection/GSE208240/chunk_0033/obs.parquet	canonical_obs	prism_collection/GSE208240	prism_collection/GSE208240/chunk_0033	chunk	chunk_0033	33	1000	33549	unknown					scRNA-seq	unknown	CRISPR	unknown	unknown	unknown	True	True	False	False	triplet-integrity-ok	2	original	jkobject:GCjqQtGwPzkY	jkobject:GCjqQtGwPzkY	additions	20260624-shared-var	metadata-only collection manifest; use obs->X->var links for payload resolution	shared_exact_hash	prism_collection/GSE208240/var.h5ad	zwXyYzax7y1xecO10002	lEMcxCXT_vJpCo5IUsXNUQ	prism_collection/GSE208240
prism_collection/GSE208240	GSE208240	PRISM	7eY2sCsSgrngbJMY0000	prism_collection/GSE208240/chunk_0034/obs.parquet	canonical_obs	prism_collection/GSE208240	prism_collection/GSE208240/chunk_0034	chunk	chunk_0034	34	1000	33549	unknown					scRNA-seq	unknown	CRISPR	unknown	unknown	unknown	True	True	False	False	triplet-integrity-ok	2	original	jkobject:GCjqQtGwPzkY	jkobject:GCjqQtGwPzkY	additions	20260624-shared-var	metadata-only collection manifest; use obs->X->var links for payload resolution	shared_exact_hash	prism_collection/GSE208240/var.h5ad	zwXyYzax7y1xecO10002	lEMcxCXT_vJpCo5IUsXNUQ	prism_collection/GSE208240
prism_collection/GSE208240	GSE208240	PRISM	QT8hZ0Im3EnFqjDX0000	prism_collection/GSE208240/chunk_0035/obs.parquet	canonical_obs	prism_collection/GSE208240	prism_collection/GSE208240/chunk_0035	chunk	chunk_0035	35	1000	33549	unknown					scRNA-seq	unknown	CRISPR	unknown	unknown	unknown	True	True	False	False	triplet-integrity-ok	2	original	jkobject:GCjqQtGwPzkY	jkobject:GCjqQtGwPzkY	additions	20260624-shared-var	metadata-only collection manifest; use obs->X->var links for payload resolution	shared_exact_hash	prism_collection/GSE208240/var.h5ad	zwXyYzax7y1xecO10002	lEMcxCXT_vJpCo5IUsXNUQ	prism_collection/GSE208240
prism_collection/GSE208240	GSE208240	PRISM	KWzS53FjgNeYTNVE0000	prism_collection/GSE208240/chunk_0036/obs.parquet	canonical_obs	prism_collection/GSE208240	prism_collection/GSE208240/chunk_0036	chunk	chunk_0036	36	1000	33549	unknown					scRNA-seq	unknown	CRISPR	unknown	unknown	unknown	True	True	False	False	triplet-integrity-ok	2	original	jkobject:GCjqQtGwPzkY	jkobject:GCjqQtGwPzkY	additions	20260624-shared-var	metadata-only collection manifest; use obs->X->var links for payload resolution	shared_exact_hash	prism_collection/GSE208240/var.h5ad	zwXyYzax7y1xecO10002	lEMcxCXT_vJpCo5IUsXNUQ	prism_collection/GSE208240
prism_collection/GSE208240	GSE208240	PRISM	3S1Vg1OYNy5gMUhj0000	prism_collection/GSE208240/chunk_0037/obs.parquet	canonical_obs	prism_collection/GSE208240	prism_collection/GSE208240/chunk_0037	chunk	chunk_0037	37	1000	33549	unknown					scRNA-seq	unknown	CRISPR	unknown	unknown	unknown	True	True	False	False	triplet-integrity-ok	2	original	jkobject:GCjqQtGwPzkY	jkobject:GCjqQtGwPzkY	additions	20260624-shared-var	metadata-only collection manifest; use obs->X->var links for payload resolution	shared_exact_hash	prism_collection/GSE208240/var.h5ad	zwXyYzax7y1xecO10002	lEMcxCXT_vJpCo5IUsXNUQ	prism_collection/GSE208240
prism_collection/GSE208240	GSE208240	PRISM	kD2uO6LUb1SkxWnU0000	prism_collection/GSE208240/chunk_0038/obs.parquet	canonical_obs	prism_collection/GSE208240	prism_collection/GSE208240/chunk_0038	chunk	chunk_0038	38	1000	33549	unknown					scRNA-seq	unknown	CRISPR	unknown	unknown	unknown	True	True	False	False	triplet-integrity-ok	2	original	jkobject:GCjqQtGwPzkY	jkobject:GCjqQtGwPzkY	additions	20260624-shared-var	metadata-only collection manifest; use obs->X->var links for payload resolution	shared_exact_hash	prism_collection/GSE208240/var.h5ad	zwXyYzax7y1xecO10002	lEMcxCXT_vJpCo5IUsXNUQ	prism_collection/GSE208240
prism_collection/GSE208240	GSE208240	PRISM	GuPvXSyZShkhZpuR0000	prism_collection/GSE208240/chunk_0039/obs.parquet	canonical_obs	prism_collection/GSE208240	prism_collection/GSE208240/chunk_0039	chunk	chunk_0039	39	1000	33549	unknown					scRNA-seq	unknown	CRISPR	unknown	unknown	unknown	True	True	False	False	triplet-integrity-ok	2	original	jkobject:GCjqQtGwPzkY	jkobject:GCjqQtGwPzkY	additions	20260624-shared-var	metadata-only collection manifest; use obs->X->var links for payload resolution	shared_exact_hash	prism_collection/GSE208240/var.h5ad	zwXyYzax7y1xecO10002	lEMcxCXT_vJpCo5IUsXNUQ	prism_collection/GSE208240
prism_collection/GSE208240	GSE208240	PRISM	CPYAPwzImBOLocba0000	prism_collection/GSE208240/chunk_0040/obs.parquet	canonical_obs	prism_collection/GSE208240	prism_collection/GSE208240/chunk_0040	chunk	chunk_0040	40	1000	33549	unknown					scRNA-seq	unknown	CRISPR	unknown	unknown	unknown	True	True	False	False	triplet-integrity-ok	2	original	jkobject:GCjqQtGwPzkY	jkobject:GCjqQtGwPzkY	additions	20260624-shared-var	metadata-only collection manifest; use obs->X->var links for payload resolution	shared_exact_hash	prism_collection/GSE208240/var.h5ad	zwXyYzax7y1xecO10002	lEMcxCXT_vJpCo5IUsXNUQ	prism_collection/GSE208240
prism_collection/GSE208240	GSE208240	PRISM	Bg0SZcEoWTpsjLfm0000	prism_collection/GSE208240/chunk_0041/obs.parquet	canonical_obs	prism_collection/GSE208240	prism_collection/GSE208240/chunk_0041	chunk	chunk_0041	41	1000	33549	unknown					scRNA-seq	unknown	CRISPR	unknown	unknown	unknown	True	True	False	False	triplet-integrity-ok	2	original	jkobject:GCjqQtGwPzkY	jkobject:GCjqQtGwPzkY	additions	20260624-shared-var	metadata-only collection manifest; use obs->X->var links for payload resolution	shared_exact_hash	prism_collection/GSE208240/var.h5ad	zwXyYzax7y1xecO10002	lEMcxCXT_vJpCo5IUsXNUQ	prism_collection/GSE208240
prism_collection/GSE208240	GSE208240	PRISM	gzjSpjv4sYw0VmG90000	prism_collection/GSE208240/chunk_0042/obs.parquet	canonical_obs	prism_collection/GSE208240	prism_collection/GSE208240/chunk_0042	chunk	chunk_0042	42	1000	33549	unknown					scRNA-seq	unknown	CRISPR	unknown	unknown	unknown	True	True	True	False	triplet-integrity-ok	2	original	jkobject:GCjqQtGwPzkY	jkobject:GCjqQtGwPzkY	additions	20260624-shared-var	metadata-only collection manifest; use obs->X->var links for payload resolution	shared_exact_hash	prism_collection/GSE208240/var.h5ad	zwXyYzax7y1xecO10002	lEMcxCXT_vJpCo5IUsXNUQ	prism_collection/GSE208240
prism_collection/GSE208240	GSE208240	PRISM	VZLrhOYsEFexmrQO0000	prism_collection/GSE208240/chunk_0043/obs.parquet	canonical_obs	prism_collection/GSE208240	prism_collection/GSE208240/chunk_0043	chunk	chunk_0043	43	1000	33549	unknown					scRNA-seq	unknown	CRISPR	unknown	unknown	unknown	True	True	False	False	triplet-integrity-ok	2	original	jkobject:GCjqQtGwPzkY	jkobject:GCjqQtGwPzkY	additions	20260624-shared-var	metadata-only collection manifest; use obs->X->var links for payload resolution	shared_exact_hash	prism_collection/GSE208240/var.h5ad	zwXyYzax7y1xecO10002	lEMcxCXT_vJpCo5IUsXNUQ	prism_collection/GSE208240
prism_collection/GSE208240	GSE208240	PRISM	23LkQ62y6uwA6waQ0000	prism_collection/GSE208240/chunk_0044/obs.parquet	canonical_obs	prism_collection/GSE208240	prism_collection/GSE208240/chunk_0044	chunk	chunk_0044	44	1000	33549	unknown					scRNA-seq	unknown	CRISPR	unknown	unknown	unknown	True	True	False	False	triplet-integrity-ok	2	original	jkobject:GCjqQtGwPzkY	jkobject:GCjqQtGwPzkY	additions	20260624-shared-var	metadata-only collection manifest; use obs->X->var links for payload resolution	shared_exact_hash	prism_collection/GSE208240/var.h5ad	zwXyYzax7y1xecO10002	lEMcxCXT_vJpCo5IUsXNUQ	prism_collection/GSE208240
prism_collection/GSE208240	GSE208240	PRISM	2BXLw7x3lRhbBLmp0000	prism_collection/GSE208240/chunk_0045/obs.parquet	canonical_obs	prism_collection/GSE208240	prism_collection/GSE208240/chunk_0045	chunk	chunk_0045	45	1000	33549	unknown					scRNA-seq	unknown	CRISPR	unknown	unknown	unknown	True	True	False	False	triplet-integrity-ok	2	original	jkobject:GCjqQtGwPzkY	jkobject:GCjqQtGwPzkY	additions	20260624-shared-var	metadata-only collection manifest; use obs->X->var links for payload resolution	shared_exact_hash	prism_collection/GSE208240/var.h5ad	zwXyYzax7y1xecO10002	lEMcxCXT_vJpCo5IUsXNUQ	prism_collection/GSE208240
prism_collection/GSE208240	GSE208240	PRISM	BdEXnzHlE700mHcz0000	prism_collection/GSE208240/chunk_0046/obs.parquet	canonical_obs	prism_collection/GSE208240	prism_collection/GSE208240/chunk_0046	chunk	chunk_0046	46	1000	33549	unknown					scRNA-seq	unknown	CRISPR	unknown	unknown	unknown	True	True	False	False	triplet-integrity-ok	2	original	jkobject:GCjqQtGwPzkY	jkobject:GCjqQtGwPzkY	additions	20260624-shared-var	metadata-only collection manifest; use obs->X->var links for payload resolution	shared_exact_hash	prism_collection/GSE208240/var.h5ad	zwXyYzax7y1xecO10002	lEMcxCXT_vJpCo5IUsXNUQ	prism_collection/GSE208240
prism_collection/GSE208240	GSE208240	PRISM	gvZwqN0L4QcHLG4L0000	prism_collection/GSE208240/chunk_0047/obs.parquet	canonical_obs	prism_collection/GSE208240	prism_collection/GSE208240/chunk_0047	chunk	chunk_0047	47	1000	33549	unknown					scRNA-seq	unknown	CRISPR	unknown	unknown	unknown	True	True	False	False	triplet-integrity-ok	2	original	jkobject:GCjqQtGwPzkY	jkobject:GCjqQtGwPzkY	additions	20260624-shared-var	metadata-only collection manifest; use obs->X->var links for payload resolution	shared_exact_hash	prism_collection/GSE208240/var.h5ad	zwXyYzax7y1xecO10002	lEMcxCXT_vJpCo5IUsXNUQ	prism_collection/GSE208240
prism_collection/GSE208240	GSE208240	PRISM	0px1V324IpfuNiIx0000	prism_collection/GSE208240/chunk_0048/obs.parquet	canonical_obs	prism_collection/GSE208240	prism_collection/GSE208240/chunk_0048	chunk	chunk_0048	48	1000	33549	unknown					scRNA-seq	unknown	CRISPR	unknown	unknown	unknown	True	True	False	False	triplet-integrity-ok	2	original	jkobject:GCjqQtGwPzkY	jkobject:GCjqQtGwPzkY	additions	20260624-shared-var	metadata-only collection manifest; use obs->X->var links for payload resolution	shared_exact_hash	prism_collection/GSE208240/var.h5ad	zwXyYzax7y1xecO10002	lEMcxCXT_vJpCo5IUsXNUQ	prism_collection/GSE208240
prism_collection/GSE208240	GSE208240	PRISM	o0Pm2RaMgNT7iHcQ0000	prism_collection/GSE208240/chunk_0049/obs.parquet	canonical_obs	prism_collection/GSE208240	prism_collection/GSE208240/chunk_0049	chunk	chunk_0049	49	1000	33549	unknown					scRNA-seq	unknown	CRISPR	unknown	unknown	unknown	True	True	False	False	triplet-integrity-ok	2	original	jkobject:GCjqQtGwPzkY	jkobject:GCjqQtGwPzkY	additions	20260624-shared-var	metadata-only collection manifest; use obs->X->var links for payload resolution	shared_exact_hash	prism_collection/GSE208240/var.h5ad	zwXyYzax7y1xecO10002	lEMcxCXT_vJpCo5IUsXNUQ	prism_collection/GSE208240
prism_collection/GSE208240	GSE208240	PRISM	Z0KOMabqrMdY7HyQ0000	prism_collection/GSE208240/chunk_0050/obs.parquet	canonical_obs	prism_collection/GSE208240	prism_collection/GSE208240/chunk_0050	chunk	chunk_0050	50	1000	33549	unknown					scRNA-seq	unknown	CRISPR	unknown	unknown	unknown	True	True	False	False	triplet-integrity-ok	2	original	jkobject:GCjqQtGwPzkY	jkobject:GCjqQtGwPzkY	additions	20260624-shared-var	metadata-only collection manifest; use obs->X->var links for payload resolution	shared_exact_hash	prism_collection/GSE208240/var.h5ad	zwXyYzax7y1xecO10002	lEMcxCXT_vJpCo5IUsXNUQ	prism_collection/GSE208240
prism_collection/GSE208240	GSE208240	PRISM	GtyHAHi1PDM6v5og0000	prism_collection/GSE208240/chunk_0051/obs.parquet	canonical_obs	prism_collection/GSE208240	prism_collection/GSE208240/chunk_0051	chunk	chunk_0051	51	1000	33549	unknown					scRNA-seq	unknown	CRISPR	unknown	unknown	unknown	True	True	False	False	triplet-integrity-ok	2	original	jkobject:GCjqQtGwPzkY	jkobject:GCjqQtGwPzkY	additions	20260624-shared-var	metadata-only collection manifest; use obs->X->var links for payload resolution	shared_exact_hash	prism_collection/GSE208240/var.h5ad	zwXyYzax7y1xecO10002	lEMcxCXT_vJpCo5IUsXNUQ	prism_collection/GSE208240
prism_collection/GSE208240	GSE208240	PRISM	9M9WRxN217EZ2tGn0000	prism_collection/GSE208240/chunk_0052/obs.parquet	canonical_obs	prism_collection/GSE208240	prism_collection/GSE208240/chunk_0052	chunk	chunk_0052	52	1000	33549	unknown					scRNA-seq	unknown	CRISPR	unknown	unknown	unknown	True	True	False	False	triplet-integrity-ok	2	original	jkobject:GCjqQtGwPzkY	jkobject:GCjqQtGwPzkY	additions	20260624-shared-var	metadata-only collection manifest; use obs->X->var links for payload resolution	shared_exact_hash	prism_collection/GSE208240/var.h5ad	zwXyYzax7y1xecO10002	lEMcxCXT_vJpCo5IUsXNUQ	prism_collection/GSE208240
prism_collection/GSE208240	GSE208240	PRISM	nx1D9KPhg9Eumouv0000	prism_collection/GSE208240/chunk_0053/obs.parquet	canonical_obs	prism_collection/GSE208240	prism_collection/GSE208240/chunk_0053	chunk	chunk_0053	53	1000	33549	unknown					scRNA-seq	unknown	CRISPR	unknown	unknown	unknown	True	True	False	False	triplet-integrity-ok	2	original	jkobject:GCjqQtGwPzkY	jkobject:GCjqQtGwPzkY	additions	20260624-shared-var	metadata-only collection manifest; use obs->X->var links for payload resolution	shared_exact_hash	prism_collection/GSE208240/var.h5ad	zwXyYzax7y1xecO10002	lEMcxCXT_vJpCo5IUsXNUQ	prism_collection/GSE208240
prism_collection/GSE208240	GSE208240	PRISM	87rH5AyzBdei9B0I0000	prism_collection/GSE208240/chunk_0054/obs.parquet	canonical_obs	prism_collection/GSE208240	prism_collection/GSE208240/chunk_0054	chunk	chunk_0054	54	1000	33549	unknown					scRNA-seq	unknown	CRISPR	unknown	unknown	unknown	True	True	False	False	triplet-integrity-ok	2	original	jkobject:GCjqQtGwPzkY	jkobject:GCjqQtGwPzkY	additions	20260624-shared-var	metadata-only collection manifest; use obs->X->var links for payload resolution	shared_exact_hash	prism_collection/GSE208240/var.h5ad	zwXyYzax7y1xecO10002	lEMcxCXT_vJpCo5IUsXNUQ	prism_collection/GSE208240
prism_collection/GSE208240	GSE208240	PRISM	w6jyPTxZGmB3BjFl0000	prism_collection/GSE208240/chunk_0055/obs.parquet	canonical_obs	prism_collection/GSE208240	prism_collection/GSE208240/chunk_0055	chunk	chunk_0055	55	1000	33549	unknown					scRNA-seq	unknown	CRISPR	unknown	unknown	unknown	True	True	False	False	triplet-integrity-ok	2	original	jkobject:GCjqQtGwPzkY	jkobject:GCjqQtGwPzkY	additions	20260624-shared-var	metadata-only collection manifest; use obs->X->var links for payload resolution	shared_exact_hash	prism_collection/GSE208240/var.h5ad	zwXyYzax7y1xecO10002	lEMcxCXT_vJpCo5IUsXNUQ	prism_collection/GSE208240
prism_collection/GSE208240	GSE208240	PRISM	gCQPmVX2aL7HcBy70000	prism_collection/GSE208240/chunk_0056/obs.parquet	canonical_obs	prism_collection/GSE208240	prism_collection/GSE208240/chunk_0056	chunk	chunk_0056	56	1000	33549	unknown					scRNA-seq	unknown	CRISPR	unknown	unknown	unknown	True	True	False	False	triplet-integrity-ok	2	original	jkobject:GCjqQtGwPzkY	jkobject:GCjqQtGwPzkY	additions	20260624-shared-var	metadata-only collection manifest; use obs->X->var links for payload resolution	shared_exact_hash	prism_collection/GSE208240/var.h5ad	zwXyYzax7y1xecO10002	lEMcxCXT_vJpCo5IUsXNUQ	prism_collection/GSE208240
prism_collection/GSE208240	GSE208240	PRISM	PEYXKO7ajzTB9Wz60000	prism_collection/GSE208240/chunk_0057/obs.parquet	canonical_obs	prism_collection/GSE208240	prism_collection/GSE208240/chunk_0057	chunk	chunk_0057	57	1000	33549	unknown					scRNA-seq	unknown	CRISPR	unknown	unknown	unknown	True	True	False	False	triplet-integrity-ok	2	original	jkobject:GCjqQtGwPzkY	jkobject:GCjqQtGwPzkY	additions	20260624-shared-var	metadata-only collection manifest; use obs->X->var links for payload resolution	shared_exact_hash	prism_collection/GSE208240/var.h5ad	zwXyYzax7y1xecO10002	lEMcxCXT_vJpCo5IUsXNUQ	prism_collection/GSE208240
prism_collection/GSE208240	GSE208240	PRISM	NMLtSNdISC1zfKpP0000	prism_collection/GSE208240/chunk_0058/obs.parquet	canonical_obs	prism_collection/GSE208240	prism_collection/GSE208240/chunk_0058	chunk	chunk_0058	58	1000	33549	unknown					scRNA-seq	unknown	CRISPR	unknown	unknown	unknown	True	True	False	False	triplet-integrity-ok	2	original	jkobject:GCjqQtGwPzkY	jkobject:GCjqQtGwPzkY	additions	20260624-shared-var	metadata-only collection manifest; use obs->X->var links for payload resolution	shared_exact_hash	prism_collection/GSE208240/var.h5ad	zwXyYzax7y1xecO10002	lEMcxCXT_vJpCo5IUsXNUQ	prism_collection/GSE208240
prism_collection/GSE208240	GSE208240	PRISM	DWcKuUXhKHnv5WTg0000	prism_collection/GSE208240/chunk_0059/obs.parquet	canonical_obs	prism_collection/GSE208240	prism_collection/GSE208240/chunk_0059	chunk	chunk_0059	59	1000	33549	unknown					scRNA-seq	unknown	CRISPR	unknown	unknown	unknown	True	True	False	False	triplet-integrity-ok	2	original	jkobject:GCjqQtGwPzkY	jkobject:GCjqQtGwPzkY	additions	20260624-shared-var	metadata-only collection manifest; use obs->X->var links for payload resolution	shared_exact_hash	prism_collection/GSE208240/var.h5ad	zwXyYzax7y1xecO10002	lEMcxCXT_vJpCo5IUsXNUQ	prism_collection/GSE208240
prism_collection/GSE208240	GSE208240	PRISM	rCJ7J9Zks4ZTvjKk0000	prism_collection/GSE208240/chunk_0060/obs.parquet	canonical_obs	prism_collection/GSE208240	prism_collection/GSE208240/chunk_0060	chunk	chunk_0060	60	1000	33549	unknown					scRNA-seq	unknown	CRISPR	unknown	unknown	unknown	True	True	False	False	triplet-integrity-ok	2	original	jkobject:GCjqQtGwPzkY	jkobject:GCjqQtGwPzkY	additions	20260624-shared-var	metadata-only collection manifest; use obs->X->var links for payload resolution	shared_exact_hash	prism_collection/GSE208240/var.h5ad	zwXyYzax7y1xecO10002	lEMcxCXT_vJpCo5IUsXNUQ	prism_collection/GSE208240
prism_collection/GSE208240	GSE208240	PRISM	l4VWnXyAg1ydN4zN0000	prism_collection/GSE208240/chunk_0061/obs.parquet	canonical_obs	prism_collection/GSE208240	prism_collection/GSE208240/chunk_0061	chunk	chunk_0061	61	1000	33549	unknown					scRNA-seq	unknown	CRISPR	unknown	unknown	unknown	True	True	False	False	triplet-integrity-ok	2	original	jkobject:GCjqQtGwPzkY	jkobject:GCjqQtGwPzkY	additions	20260624-shared-var	metadata-only collection manifest; use obs->X->var links for payload resolution	shared_exact_hash	prism_collection/GSE208240/var.h5ad	zwXyYzax7y1xecO10002	lEMcxCXT_vJpCo5IUsXNUQ	prism_collection/GSE208240
prism_collection/GSE208240	GSE208240	PRISM	xwPbFR8eLAhfKGnF0000	prism_collection/GSE208240/chunk_0062/obs.parquet	canonical_obs	prism_collection/GSE208240	prism_collection/GSE208240/chunk_0062	chunk	chunk_0062	62	1000	33549	unknown					scRNA-seq	unknown	CRISPR	unknown	unknown	unknown	True	True	False	False	triplet-integrity-ok	2	original	jkobject:GCjqQtGwPzkY	jkobject:GCjqQtGwPzkY	additions	20260624-shared-var	metadata-only collection manifest; use obs->X->var links for payload resolution	shared_exact_hash	prism_collection/GSE208240/var.h5ad	zwXyYzax7y1xecO10002	lEMcxCXT_vJpCo5IUsXNUQ	prism_collection/GSE208240
prism_collection/GSE208240	GSE208240	PRISM	wNn6Hp1ifFYrSrLX0000	prism_collection/GSE208240/chunk_0063/obs.parquet	canonical_obs	prism_collection/GSE208240	prism_collection/GSE208240/chunk_0063	chunk	chunk_0063	63	1000	33549	unknown					scRNA-seq	unknown	CRISPR	unknown	unknown	unknown	True	True	False	False	triplet-integrity-ok	2	original	jkobject:GCjqQtGwPzkY	jkobject:GCjqQtGwPzkY	additions	20260624-shared-var	metadata-only collection manifest; use obs->X->var links for payload resolution	shared_exact_hash	prism_collection/GSE208240/var.h5ad	zwXyYzax7y1xecO10002	lEMcxCXT_vJpCo5IUsXNUQ	prism_collection/GSE208240
prism_collection/GSE208240	GSE208240	PRISM	E0InMpgzXS2O5Omi0000	prism_collection/GSE208240/chunk_0064/obs.parquet	canonical_obs	prism_collection/GSE208240	prism_collection/GSE208240/chunk_0064	chunk	chunk_0064	64	1000	33549	unknown					scRNA-seq	unknown	CRISPR	unknown	unknown	unknown	True	True	False	False	triplet-integrity-ok	2	original	jkobject:GCjqQtGwPzkY	jkobject:GCjqQtGwPzkY	additions	20260624-shared-var	metadata-only collection manifest; use obs->X->var links for payload resolution	shared_exact_hash	prism_collection/GSE208240/var.h5ad	zwXyYzax7y1xecO10002	lEMcxCXT_vJpCo5IUsXNUQ	prism_collection/GSE208240
prism_collection/GSE208240	GSE208240	PRISM	vJeg7s38aL9hWQos0000	prism_collection/GSE208240/chunk_0065/obs.parquet	canonical_obs	prism_collection/GSE208240	prism_collection/GSE208240/chunk_0065	chunk	chunk_0065	65	1000	33549	unknown					scRNA-seq	unknown	CRISPR	unknown	unknown	unknown	True	True	False	False	triplet-integrity-ok	2	original	jkobject:GCjqQtGwPzkY	jkobject:GCjqQtGwPzkY	additions	20260624-shared-var	metadata-only collection manifest; use obs->X->var links for payload resolution	shared_exact_hash	prism_collection/GSE208240/var.h5ad	zwXyYzax7y1xecO10002	lEMcxCXT_vJpCo5IUsXNUQ	prism_collection/GSE208240
prism_collection/GSE208240	GSE208240	PRISM	dd91oPBes2UuJtdL0000	prism_collection/GSE208240/chunk_0066/obs.parquet	canonical_obs	prism_collection/GSE208240	prism_collection/GSE208240/chunk_0066	chunk	chunk_0066	66	1000	33549	unknown					scRNA-seq	unknown	CRISPR	unknown	unknown	unknown	True	True	False	False	triplet-integrity-ok	2	original	jkobject:GCjqQtGwPzkY	jkobject:GCjqQtGwPzkY	additions	20260624-shared-var	metadata-only collection manifest; use obs->X->var links for payload resolution	shared_exact_hash	prism_collection/GSE208240/var.h5ad	zwXyYzax7y1xecO10002	lEMcxCXT_vJpCo5IUsXNUQ	prism_collection/GSE208240
prism_collection/GSE208240	GSE208240	PRISM	DVTlBUBBFLbXa2gf0000	prism_collection/GSE208240/chunk_0067/obs.parquet	canonical_obs	prism_collection/GSE208240	prism_collection/GSE208240/chunk_0067	chunk	chunk_0067	67	1000	33549	unknown					scRNA-seq	unknown	CRISPR	unknown	unknown	unknown	True	True	False	False	triplet-integrity-ok	2	original	jkobject:GCjqQtGwPzkY	jkobject:GCjqQtGwPzkY	additions	20260624-shared-var	metadata-only collection manifest; use obs->X->var links for payload resolution	shared_exact_hash	prism_collection/GSE208240/var.h5ad	zwXyYzax7y1xecO10002	lEMcxCXT_vJpCo5IUsXNUQ	prism_collection/GSE208240
prism_collection/GSE208240	GSE208240	PRISM	NWbSvD8K9cDciGkI0000	prism_collection/GSE208240/chunk_0068/obs.parquet	canonical_obs	prism_collection/GSE208240	prism_collection/GSE208240/chunk_0068	chunk	chunk_0068	68	1000	33549	unknown					scRNA-seq	unknown	CRISPR	unknown	unknown	unknown	True	True	False	False	triplet-integrity-ok	2	original	jkobject:GCjqQtGwPzkY	jkobject:GCjqQtGwPzkY	additions	20260624-shared-var	metadata-only collection manifest; use obs->X->var links for payload resolution	shared_exact_hash	prism_collection/GSE208240/var.h5ad	zwXyYzax7y1xecO10002	lEMcxCXT_vJpCo5IUsXNUQ	prism_collection/GSE208240
prism_collection/GSE208240	GSE208240	PRISM	dgXzIIdMj75o7L970000	prism_collection/GSE208240/chunk_0069/obs.parquet	canonical_obs	prism_collection/GSE208240	prism_collection/GSE208240/chunk_0069	chunk	chunk_0069	69	1000	33549	unknown					scRNA-seq	unknown	CRISPR	unknown	unknown	unknown	True	True	False	False	triplet-integrity-ok	2	original	jkobject:GCjqQtGwPzkY	jkobject:GCjqQtGwPzkY	additions	20260624-shared-var	metadata-only collection manifest; use obs->X->var links for payload resolution	shared_exact_hash	prism_collection/GSE208240/var.h5ad	zwXyYzax7y1xecO10002	lEMcxCXT_vJpCo5IUsXNUQ	prism_collection/GSE208240
prism_collection/GSE208240	GSE208240	PRISM	XdHmu1cQioLFkn5K0000	prism_collection/GSE208240/chunk_0070/obs.parquet	canonical_obs	prism_collection/GSE208240	prism_collection/GSE208240/chunk_0070	chunk	chunk_0070	70	1000	33549	unknown					scRNA-seq	unknown	CRISPR	unknown	unknown	unknown	True	True	True	False	triplet-integrity-ok	2	original	jkobject:GCjqQtGwPzkY	jkobject:GCjqQtGwPzkY	additions	20260624-shared-var	metadata-only collection manifest; use obs->X->var links for payload resolution	shared_exact_hash	prism_collection/GSE208240/var.h5ad	zwXyYzax7y1xecO10002	lEMcxCXT_vJpCo5IUsXNUQ	prism_collection/GSE208240
prism_collection/GSE208240	GSE208240	PRISM	cErY0p320UqI8vta0000	prism_collection/GSE208240/chunk_0071/obs.parquet	canonical_obs	prism_collection/GSE208240	prism_collection/GSE208240/chunk_0071	chunk	chunk_0071	71	1000	33549	unknown					scRNA-seq	unknown	CRISPR	unknown	unknown	unknown	True	True	False	False	triplet-integrity-ok	2	original	jkobject:GCjqQtGwPzkY	jkobject:GCjqQtGwPzkY	additions	20260624-shared-var	metadata-only collection manifest; use obs->X->var links for payload resolution	shared_exact_hash	prism_collection/GSE208240/var.h5ad	zwXyYzax7y1xecO10002	lEMcxCXT_vJpCo5IUsXNUQ	prism_collection/GSE208240
prism_collection/GSE208240	GSE208240	PRISM	8jX1W3PDCJi5C5U10000	prism_collection/GSE208240/chunk_0072/obs.parquet	canonical_obs	prism_collection/GSE208240	prism_collection/GSE208240/chunk_0072	chunk	chunk_0072	72	1000	33549	unknown					scRNA-seq	unknown	CRISPR	unknown	unknown	unknown	True	True	False	False	triplet-integrity-ok	2	original	jkobject:GCjqQtGwPzkY	jkobject:GCjqQtGwPzkY	additions	20260624-shared-var	metadata-only collection manifest; use obs->X->var links for payload resolution	shared_exact_hash	prism_collection/GSE208240/var.h5ad	zwXyYzax7y1xecO10002	lEMcxCXT_vJpCo5IUsXNUQ	prism_collection/GSE208240
prism_collection/GSE208240	GSE208240	PRISM	JKeu33ReKqVMy6Gn0000	prism_collection/GSE208240/chunk_0073/obs.parquet	canonical_obs	prism_collection/GSE208240	prism_collection/GSE208240/chunk_0073	chunk	chunk_0073	73	989	33549	unknown					scRNA-seq	unknown	CRISPR	unknown	unknown	unknown	True	True	False	False	triplet-integrity-ok	2	original	jkobject:GCjqQtGwPzkY	jkobject:GCjqQtGwPzkY	additions	20260624-shared-var	metadata-only collection manifest; use obs->X->var links for payload resolution	shared_exact_hash	prism_collection/GSE208240/var.h5ad	zwXyYzax7y1xecO10002	lEMcxCXT_vJpCo5IUsXNUQ	prism_collection/GSE208240
prism_collection/GSE212396	GSE212396	PRISM	uK62BkpJifOuRwrI0000	prism_collection/GSE212396/chunk_0000/obs.parquet	canonical_obs	prism_collection/GSE212396	prism_collection/GSE212396/chunk_0000	chunk	chunk_0000	0	5000	33706	unknown					scRNA-seq	unknown	CRISPR	unknown	unknown	unknown	True	True	False	False	triplet-integrity-ok	2	original	jkobject:GCjqQtGwPzkY	jkobject:GCjqQtGwPzkY	additions	20260624-shared-var	metadata-only collection manifest; use obs->X->var links for payload resolution	shared_exact_hash	prism_collection/GSE212396/var.h5ad	j7Ap5E43gpFjaF5u0002	XnwwrrV5BkqQPG_OZ4p6Ew	prism_collection/GSE212396
prism_collection/GSE212396	GSE212396	PRISM	WgkUFIbsTvmD1NOU0000	prism_collection/GSE212396/chunk_0001/obs.parquet	canonical_obs	prism_collection/GSE212396	prism_collection/GSE212396/chunk_0001	chunk	chunk_0001	1	5000	33706	unknown					scRNA-seq	unknown	CRISPR	unknown	unknown	unknown	True	True	False	False	triplet-integrity-ok	2	original	jkobject:GCjqQtGwPzkY	jkobject:GCjqQtGwPzkY	additions	20260624-shared-var	metadata-only collection manifest; use obs->X->var links for payload resolution	shared_exact_hash	prism_collection/GSE212396/var.h5ad	j7Ap5E43gpFjaF5u0002	XnwwrrV5BkqQPG_OZ4p6Ew	prism_collection/GSE212396
prism_collection/GSE212396	GSE212396	PRISM	dL65PS8yUfSk1NRT0000	prism_collection/GSE212396/chunk_0002/obs.parquet	canonical_obs	prism_collection/GSE212396	prism_collection/GSE212396/chunk_0002	chunk	chunk_0002	2	5000	33706	unknown					scRNA-seq	unknown	CRISPR	unknown	unknown	unknown	True	True	False	False	triplet-integrity-ok	2	original	jkobject:GCjqQtGwPzkY	jkobject:GCjqQtGwPzkY	additions	20260624-shared-var	metadata-only collection manifest; use obs->X->var links for payload resolution	shared_exact_hash	prism_collection/GSE212396/var.h5ad	j7Ap5E43gpFjaF5u0002	XnwwrrV5BkqQPG_OZ4p6Ew	prism_collection/GSE212396
prism_collection/GSE212396	GSE212396	PRISM	VPxrGWJxwgFEoo1k0000	prism_collection/GSE212396/chunk_0003/obs.parquet	canonical_obs	prism_collection/GSE212396	prism_collection/GSE212396/chunk_0003	chunk	chunk_0003	3	5000	33706	unknown					scRNA-seq	unknown	CRISPR	unknown	unknown	unknown	True	True	False	False	triplet-integrity-ok	2	original	jkobject:GCjqQtGwPzkY	jkobject:GCjqQtGwPzkY	additions	20260624-shared-var	metadata-only collection manifest; use obs->X->var links for payload resolution	shared_exact_hash	prism_collection/GSE212396/var.h5ad	j7Ap5E43gpFjaF5u0002	XnwwrrV5BkqQPG_OZ4p6Ew	prism_collection/GSE212396
prism_collection/GSE212396	GSE212396	PRISM	gU94GGORaMkqKYX20000	prism_collection/GSE212396/chunk_0004/obs.parquet	canonical_obs	prism_collection/GSE212396	prism_collection/GSE212396/chunk_0004	chunk	chunk_0004	4	5000	33706	unknown					scRNA-seq	unknown	CRISPR	unknown	unknown	unknown	True	True	False	False	triplet-integrity-ok	2	original	jkobject:GCjqQtGwPzkY	jkobject:GCjqQtGwPzkY	additions	20260624-shared-var	metadata-only collection manifest; use obs->X->var links for payload resolution	shared_exact_hash	prism_collection/GSE212396/var.h5ad	j7Ap5E43gpFjaF5u0002	XnwwrrV5BkqQPG_OZ4p6Ew	prism_collection/GSE212396
prism_collection/GSE212396	GSE212396	PRISM	C8goRiNTX3sLPBw60000	prism_collection/GSE212396/chunk_0005/obs.parquet	canonical_obs	prism_collection/GSE212396	prism_collection/GSE212396/chunk_0005	chunk	chunk_0005	5	5000	33706	unknown					scRNA-seq	unknown	CRISPR	unknown	unknown	unknown	True	True	False	False	triplet-integrity-ok	2	original	jkobject:GCjqQtGwPzkY	jkobject:GCjqQtGwPzkY	additions	20260624-shared-var	metadata-only collection manifest; use obs->X->var links for payload resolution	shared_exact_hash	prism_collection/GSE212396/var.h5ad	j7Ap5E43gpFjaF5u0002	XnwwrrV5BkqQPG_OZ4p6Ew	prism_collection/GSE212396
prism_collection/GSE212396	GSE212396	PRISM	62lmxMXBQy3Bk83p0000	prism_collection/GSE212396/chunk_0006/obs.parquet	canonical_obs	prism_collection/GSE212396	prism_collection/GSE212396/chunk_0006	chunk	chunk_0006	6	5000	33706	unknown					scRNA-seq	unknown	CRISPR	unknown	unknown	unknown	True	True	False	False	triplet-integrity-ok	2	original	jkobject:GCjqQtGwPzkY	jkobject:GCjqQtGwPzkY	additions	20260624-shared-var	metadata-only collection manifest; use obs->X->var links for payload resolution	shared_exact_hash	prism_collection/GSE212396/var.h5ad	j7Ap5E43gpFjaF5u0002	XnwwrrV5BkqQPG_OZ4p6Ew	prism_collection/GSE212396
prism_collection/GSE212396	GSE212396	PRISM	cJicLVI4P7rpVKbr0000	prism_collection/GSE212396/chunk_0007/obs.parquet	canonical_obs	prism_collection/GSE212396	prism_collection/GSE212396/chunk_0007	chunk	chunk_0007	7	5000	33706	unknown					scRNA-seq	unknown	CRISPR	unknown	unknown	unknown	True	True	False	False	triplet-integrity-ok	2	original	jkobject:GCjqQtGwPzkY	jkobject:GCjqQtGwPzkY	additions	20260624-shared-var	metadata-only collection manifest; use obs->X->var links for payload resolution	shared_exact_hash	prism_collection/GSE212396/var.h5ad	j7Ap5E43gpFjaF5u0002	XnwwrrV5BkqQPG_OZ4p6Ew	prism_collection/GSE212396
prism_collection/GSE212396	GSE212396	PRISM	u1YkQRHaNoGhflK80000	prism_collection/GSE212396/chunk_0008/obs.parquet	canonical_obs	prism_collection/GSE212396	prism_collection/GSE212396/chunk_0008	chunk	chunk_0008	8	5000	33706	unknown					scRNA-seq	unknown	CRISPR	unknown	unknown	unknown	True	True	False	False	triplet-integrity-ok	2	original	jkobject:GCjqQtGwPzkY	jkobject:GCjqQtGwPzkY	additions	20260624-shared-var	metadata-only collection manifest; use obs->X->var links for payload resolution	shared_exact_hash	prism_collection/GSE212396/var.h5ad	j7Ap5E43gpFjaF5u0002	XnwwrrV5BkqQPG_OZ4p6Ew	prism_collection/GSE212396
prism_collection/GSE212396	GSE212396	PRISM	MANMm5HDXnPuauJz0000	prism_collection/GSE212396/chunk_0009/obs.parquet	canonical_obs	prism_collection/GSE212396	prism_collection/GSE212396/chunk_0009	chunk	chunk_0009	9	5000	33706	unknown					scRNA-seq	unknown	CRISPR	unknown	unknown	unknown	True	True	False	False	triplet-integrity-ok	2	original	jkobject:GCjqQtGwPzkY	jkobject:GCjqQtGwPzkY	additions	20260624-shared-var	metadata-only collection manifest; use obs->X->var links for payload resolution	shared_exact_hash	prism_collection/GSE212396/var.h5ad	j7Ap5E43gpFjaF5u0002	XnwwrrV5BkqQPG_OZ4p6Ew	prism_collection/GSE212396
prism_collection/GSE212396	GSE212396	PRISM	1tiPtgQQk3LRVnra0000	prism_collection/GSE212396/chunk_0010/obs.parquet	canonical_obs	prism_collection/GSE212396	prism_collection/GSE212396/chunk_0010	chunk	chunk_0010	10	5000	33706	unknown					scRNA-seq	unknown	CRISPR	unknown	unknown	unknown	True	True	False	False	triplet-integrity-ok	2	original	jkobject:GCjqQtGwPzkY	jkobject:GCjqQtGwPzkY	additions	20260624-shared-var	metadata-only collection manifest; use obs->X->var links for payload resolution	shared_exact_hash	prism_collection/GSE212396/var.h5ad	j7Ap5E43gpFjaF5u0002	XnwwrrV5BkqQPG_OZ4p6Ew	prism_collection/GSE212396
prism_collection/GSE212396	GSE212396	PRISM	zA0hVCIx5uNBVs0n0000	prism_collection/GSE212396/chunk_0011/obs.parquet	canonical_obs	prism_collection/GSE212396	prism_collection/GSE212396/chunk_0011	chunk	chunk_0011	11	5000	33706	unknown					scRNA-seq	unknown	CRISPR	unknown	unknown	unknown	True	True	False	False	triplet-integrity-ok	2	original	jkobject:GCjqQtGwPzkY	jkobject:GCjqQtGwPzkY	additions	20260624-shared-var	metadata-only collection manifest; use obs->X->var links for payload resolution	shared_exact_hash	prism_collection/GSE212396/var.h5ad	j7Ap5E43gpFjaF5u0002	XnwwrrV5BkqQPG_OZ4p6Ew	prism_collection/GSE212396
prism_collection/GSE212396	GSE212396	PRISM	MU0p1porZEUQKmsW0000	prism_collection/GSE212396/chunk_0012/obs.parquet	canonical_obs	prism_collection/GSE212396	prism_collection/GSE212396/chunk_0012	chunk	chunk_0012	12	5000	33706	unknown					scRNA-seq	unknown	CRISPR	unknown	unknown	unknown	True	True	False	False	triplet-integrity-ok	2	original	jkobject:GCjqQtGwPzkY	jkobject:GCjqQtGwPzkY	additions	20260624-shared-var	metadata-only collection manifest; use obs->X->var links for payload resolution	shared_exact_hash	prism_collection/GSE212396/var.h5ad	j7Ap5E43gpFjaF5u0002	XnwwrrV5BkqQPG_OZ4p6Ew	prism_collection/GSE212396
prism_collection/GSE212396	GSE212396	PRISM	gcrN1nUXbN1nz1Hc0000	prism_collection/GSE212396/chunk_0013/obs.parquet	canonical_obs	prism_collection/GSE212396	prism_collection/GSE212396/chunk_0013	chunk	chunk_0013	13	5000	33706	unknown					scRNA-seq	unknown	CRISPR	unknown	unknown	unknown	True	True	False	False	triplet-integrity-ok	2	original	jkobject:GCjqQtGwPzkY	jkobject:GCjqQtGwPzkY	additions	20260624-shared-var	metadata-only collection manifest; use obs->X->var links for payload resolution	shared_exact_hash	prism_collection/GSE212396/var.h5ad	j7Ap5E43gpFjaF5u0002	XnwwrrV5BkqQPG_OZ4p6Ew	prism_collection/GSE212396
prism_collection/GSE212396	GSE212396	PRISM	BVa4CzYEr592EmQQ0000	prism_collection/GSE212396/chunk_0014/obs.parquet	canonical_obs	prism_collection/GSE212396	prism_collection/GSE212396/chunk_0014	chunk	chunk_0014	14	5000	33706	unknown					scRNA-seq	unknown	CRISPR	unknown	unknown	unknown	True	True	False	False	triplet-integrity-ok	2	original	jkobject:GCjqQtGwPzkY	jkobject:GCjqQtGwPzkY	additions	20260624-shared-var	metadata-only collection manifest; use obs->X->var links for payload resolution	shared_exact_hash	prism_collection/GSE212396/var.h5ad	j7Ap5E43gpFjaF5u0002	XnwwrrV5BkqQPG_OZ4p6Ew	prism_collection/GSE212396
prism_collection/GSE212396	GSE212396	PRISM	IlXn6AoDq2rfzhXK0000	prism_collection/GSE212396/chunk_0015/obs.parquet	canonical_obs	prism_collection/GSE212396	prism_collection/GSE212396/chunk_0015	chunk	chunk_0015	15	5000	33706	unknown					scRNA-seq	unknown	CRISPR	unknown	unknown	unknown	True	True	False	False	triplet-integrity-ok	2	original	jkobject:GCjqQtGwPzkY	jkobject:GCjqQtGwPzkY	additions	20260624-shared-var	metadata-only collection manifest; use obs->X->var links for payload resolution	shared_exact_hash	prism_collection/GSE212396/var.h5ad	j7Ap5E43gpFjaF5u0002	XnwwrrV5BkqQPG_OZ4p6Ew	prism_collection/GSE212396
prism_collection/GSE212396	GSE212396	PRISM	sEEtXMVOAEd6ma7i0000	prism_collection/GSE212396/chunk_0016/obs.parquet	canonical_obs	prism_collection/GSE212396	prism_collection/GSE212396/chunk_0016	chunk	chunk_0016	16	5000	33706	unknown					scRNA-seq	unknown	CRISPR	unknown	unknown	unknown	True	True	False	False	triplet-integrity-ok	2	original	jkobject:GCjqQtGwPzkY	jkobject:GCjqQtGwPzkY	additions	20260624-shared-var	metadata-only collection manifest; use obs->X->var links for payload resolution	shared_exact_hash	prism_collection/GSE212396/var.h5ad	j7Ap5E43gpFjaF5u0002	XnwwrrV5BkqQPG_OZ4p6Ew	prism_collection/GSE212396
prism_collection/GSE212396	GSE212396	PRISM	23LeGPIYNEbeo5We0000	prism_collection/GSE212396/chunk_0017/obs.parquet	canonical_obs	prism_collection/GSE212396	prism_collection/GSE212396/chunk_0017	chunk	chunk_0017	17	5000	33706	unknown					scRNA-seq	unknown	CRISPR	unknown	unknown	unknown	True	True	False	False	triplet-integrity-ok	2	original	jkobject:GCjqQtGwPzkY	jkobject:GCjqQtGwPzkY	additions	20260624-shared-var	metadata-only collection manifest; use obs->X->var links for payload resolution	shared_exact_hash	prism_collection/GSE212396/var.h5ad	j7Ap5E43gpFjaF5u0002	XnwwrrV5BkqQPG_OZ4p6Ew	prism_collection/GSE212396
prism_collection/GSE212396	GSE212396	PRISM	c5n1DevuM0E8rBcg0000	prism_collection/GSE212396/chunk_0018/obs.parquet	canonical_obs	prism_collection/GSE212396	prism_collection/GSE212396/chunk_0018	chunk	chunk_0018	18	5000	33706	unknown					scRNA-seq	unknown	CRISPR	unknown	unknown	unknown	True	True	False	False	triplet-integrity-ok	2	original	jkobject:GCjqQtGwPzkY	jkobject:GCjqQtGwPzkY	additions	20260624-shared-var	metadata-only collection manifest; use obs->X->var links for payload resolution	shared_exact_hash	prism_collection/GSE212396/var.h5ad	j7Ap5E43gpFjaF5u0002	XnwwrrV5BkqQPG_OZ4p6Ew	prism_collection/GSE212396
prism_collection/GSE212396	GSE212396	PRISM	6TeqxiuDMWEhYbd50000	prism_collection/GSE212396/chunk_0019/obs.parquet	canonical_obs	prism_collection/GSE212396	prism_collection/GSE212396/chunk_0019	chunk	chunk_0019	19	5000	33706	unknown					scRNA-seq	unknown	CRISPR	unknown	unknown	unknown	True	True	False	False	triplet-integrity-ok	2	original	jkobject:GCjqQtGwPzkY	jkobject:GCjqQtGwPzkY	additions	20260624-shared-var	metadata-only collection manifest; use obs->X->var links for payload resolution	shared_exact_hash	prism_collection/GSE212396/var.h5ad	j7Ap5E43gpFjaF5u0002	XnwwrrV5BkqQPG_OZ4p6Ew	prism_collection/GSE212396
prism_collection/GSE212396	GSE212396	PRISM	G1CENiyZojrA87Ek0000	prism_collection/GSE212396/chunk_0020/obs.parquet	canonical_obs	prism_collection/GSE212396	prism_collection/GSE212396/chunk_0020	chunk	chunk_0020	20	3155	33706	unknown					scRNA-seq	unknown	CRISPR	unknown	unknown	unknown	True	True	False	False	triplet-integrity-ok	2	original	jkobject:GCjqQtGwPzkY	jkobject:GCjqQtGwPzkY	additions	20260624-shared-var	metadata-only collection manifest; use obs->X->var links for payload resolution	shared_exact_hash	prism_collection/GSE212396/var.h5ad	j7Ap5E43gpFjaF5u0002	XnwwrrV5BkqQPG_OZ4p6Ew	prism_collection/GSE212396
prism_collection/GSE213511	GSE213511	PRISM	zfVqaxwRjBTwi5380000	prism_collection/GSE213511/chunk_0000/obs.parquet	canonical_obs	prism_collection/GSE213511	prism_collection/GSE213511/chunk_0000	chunk	chunk_0000	0	5000	35947	unknown					scRNA-seq	unknown	CRISPR	unknown	unknown	unknown	True	True	False	False	triplet-integrity-ok	2	original	jkobject:GCjqQtGwPzkY	jkobject:GCjqQtGwPzkY	additions	20260624-shared-var	metadata-only collection manifest; use obs->X->var links for payload resolution	shared_exact_hash	prism_collection/GSE213511/var.h5ad	Sda7dY41bGyOlBrt0001	yKOlxqooDQ8-3KPu-Q2DTQ	prism_collection/GSE213511
prism_collection/GSE213511	GSE213511	PRISM	FVk0FYEauFG6Xh5k0000	prism_collection/GSE213511/chunk_0001/obs.parquet	canonical_obs	prism_collection/GSE213511	prism_collection/GSE213511/chunk_0001	chunk	chunk_0001	1	5000	35947	unknown					scRNA-seq	unknown	CRISPR	unknown	unknown	unknown	True	True	False	False	triplet-integrity-ok	2	original	jkobject:GCjqQtGwPzkY	jkobject:GCjqQtGwPzkY	additions	20260624-shared-var	metadata-only collection manifest; use obs->X->var links for payload resolution	shared_exact_hash	prism_collection/GSE213511/var.h5ad	Sda7dY41bGyOlBrt0001	yKOlxqooDQ8-3KPu-Q2DTQ	prism_collection/GSE213511
prism_collection/GSE213511	GSE213511	PRISM	Z97QArS3RsHBkMFl0000	prism_collection/GSE213511/chunk_0002/obs.parquet	canonical_obs	prism_collection/GSE213511	prism_collection/GSE213511/chunk_0002	chunk	chunk_0002	2	5000	35947	unknown					scRNA-seq	unknown	CRISPR	unknown	unknown	unknown	True	True	False	False	triplet-integrity-ok	2	original	jkobject:GCjqQtGwPzkY	jkobject:GCjqQtGwPzkY	additions	20260624-shared-var	metadata-only collection manifest; use obs->X->var links for payload resolution	shared_exact_hash	prism_collection/GSE213511/var.h5ad	Sda7dY41bGyOlBrt0001	yKOlxqooDQ8-3KPu-Q2DTQ	prism_collection/GSE213511
prism_collection/GSE213511	GSE213511	PRISM	nTUCme5guKdWQdZw0000	prism_collection/GSE213511/chunk_0003/obs.parquet	canonical_obs	prism_collection/GSE213511	prism_collection/GSE213511/chunk_0003	chunk	chunk_0003	3	5000	35947	unknown					scRNA-seq	unknown	CRISPR	unknown	unknown	unknown	True	True	True	False	triplet-integrity-ok	2	original	jkobject:GCjqQtGwPzkY	jkobject:GCjqQtGwPzkY	additions	20260624-shared-var	metadata-only collection manifest; use obs->X->var links for payload resolution	shared_exact_hash	prism_collection/GSE213511/var.h5ad	Sda7dY41bGyOlBrt0001	yKOlxqooDQ8-3KPu-Q2DTQ	prism_collection/GSE213511
prism_collection/GSE213511	GSE213511	PRISM	ICcbJtH4pG9KNLNU0000	prism_collection/GSE213511/chunk_0004/obs.parquet	canonical_obs	prism_collection/GSE213511	prism_collection/GSE213511/chunk_0004	chunk	chunk_0004	4	5000	35947	unknown					scRNA-seq	unknown	CRISPR	unknown	unknown	unknown	True	True	False	False	triplet-integrity-ok	2	original	jkobject:GCjqQtGwPzkY	jkobject:GCjqQtGwPzkY	additions	20260624-shared-var	metadata-only collection manifest; use obs->X->var links for payload resolution	shared_exact_hash	prism_collection/GSE213511/var.h5ad	Sda7dY41bGyOlBrt0001	yKOlxqooDQ8-3KPu-Q2DTQ	prism_collection/GSE213511
prism_collection/GSE213511	GSE213511	PRISM	9QaesfV3QSBEj1bZ0000	prism_collection/GSE213511/chunk_0005/obs.parquet	canonical_obs	prism_collection/GSE213511	prism_collection/GSE213511/chunk_0005	chunk	chunk_0005	5	5000	35947	unknown					scRNA-seq	unknown	CRISPR	unknown	unknown	unknown	True	True	False	False	triplet-integrity-ok	2	original	jkobject:GCjqQtGwPzkY	jkobject:GCjqQtGwPzkY	additions	20260624-shared-var	metadata-only collection manifest; use obs->X->var links for payload resolution	shared_exact_hash	prism_collection/GSE213511/var.h5ad	Sda7dY41bGyOlBrt0001	yKOlxqooDQ8-3KPu-Q2DTQ	prism_collection/GSE213511
prism_collection/GSE213511	GSE213511	PRISM	5zeYSUqbEDH6ow9U0000	prism_collection/GSE213511/chunk_0006/obs.parquet	canonical_obs	prism_collection/GSE213511	prism_collection/GSE213511/chunk_0006	chunk	chunk_0006	6	5000	35947	unknown					scRNA-seq	unknown	CRISPR	unknown	unknown	unknown	True	True	False	False	triplet-integrity-ok	2	original	jkobject:GCjqQtGwPzkY	jkobject:GCjqQtGwPzkY	additions	20260624-shared-var	metadata-only collection manifest; use obs->X->var links for payload resolution	shared_exact_hash	prism_collection/GSE213511/var.h5ad	Sda7dY41bGyOlBrt0001	yKOlxqooDQ8-3KPu-Q2DTQ	prism_collection/GSE213511
prism_collection/GSE213511	GSE213511	PRISM	kPSBnnSBVxJHV03Y0000	prism_collection/GSE213511/chunk_0007/obs.parquet	canonical_obs	prism_collection/GSE213511	prism_collection/GSE213511/chunk_0007	chunk	chunk_0007	7	5000	35947	unknown					scRNA-seq	unknown	CRISPR	unknown	unknown	unknown	True	True	False	False	triplet-integrity-ok	2	original	jkobject:GCjqQtGwPzkY	jkobject:GCjqQtGwPzkY	additions	20260624-shared-var	metadata-only collection manifest; use obs->X->var links for payload resolution	shared_exact_hash	prism_collection/GSE213511/var.h5ad	Sda7dY41bGyOlBrt0001	yKOlxqooDQ8-3KPu-Q2DTQ	prism_collection/GSE213511
prism_collection/GSE213511	GSE213511	PRISM	DPYL15zz6RVJkm0h0000	prism_collection/GSE213511/chunk_0008/obs.parquet	canonical_obs	prism_collection/GSE213511	prism_collection/GSE213511/chunk_0008	chunk	chunk_0008	8	5000	35947	unknown					scRNA-seq	unknown	CRISPR	unknown	unknown	unknown	True	True	False	False	triplet-integrity-ok	2	original	jkobject:GCjqQtGwPzkY	jkobject:GCjqQtGwPzkY	additions	20260624-shared-var	metadata-only collection manifest; use obs->X->var links for payload resolution	shared_exact_hash	prism_collection/GSE213511/var.h5ad	Sda7dY41bGyOlBrt0001	yKOlxqooDQ8-3KPu-Q2DTQ	prism_collection/GSE213511
prism_collection/GSE213511	GSE213511	PRISM	pwdQH0nsvJIbWk380000	prism_collection/GSE213511/chunk_0009/obs.parquet	canonical_obs	prism_collection/GSE213511	prism_collection/GSE213511/chunk_0009	chunk	chunk_0009	9	5000	35947	unknown					scRNA-seq	unknown	CRISPR	unknown	unknown	unknown	True	True	False	False	triplet-integrity-ok	2	original	jkobject:GCjqQtGwPzkY	jkobject:GCjqQtGwPzkY	additions	20260624-shared-var	metadata-only collection manifest; use obs->X->var links for payload resolution	shared_exact_hash	prism_collection/GSE213511/var.h5ad	Sda7dY41bGyOlBrt0001	yKOlxqooDQ8-3KPu-Q2DTQ	prism_collection/GSE213511
prism_collection/GSE213511	GSE213511	PRISM	dPzEMduToLegetzI0000	prism_collection/GSE213511/chunk_0010/obs.parquet	canonical_obs	prism_collection/GSE213511	prism_collection/GSE213511/chunk_0010	chunk	chunk_0010	10	5000	35947	unknown					scRNA-seq	unknown	CRISPR	unknown	unknown	unknown	True	True	False	False	triplet-integrity-ok	2	original	jkobject:GCjqQtGwPzkY	jkobject:GCjqQtGwPzkY	additions	20260624-shared-var	metadata-only collection manifest; use obs->X->var links for payload resolution	shared_exact_hash	prism_collection/GSE213511/var.h5ad	Sda7dY41bGyOlBrt0001	yKOlxqooDQ8-3KPu-Q2DTQ	prism_collection/GSE213511
prism_collection/GSE213511	GSE213511	PRISM	7fexgDCUrFcg9v0n0000	prism_collection/GSE213511/chunk_0011/obs.parquet	canonical_obs	prism_collection/GSE213511	prism_collection/GSE213511/chunk_0011	chunk	chunk_0011	11	5000	35947	unknown					scRNA-seq	unknown	CRISPR	unknown	unknown	unknown	True	True	False	False	triplet-integrity-ok	2	original	jkobject:GCjqQtGwPzkY	jkobject:GCjqQtGwPzkY	additions	20260624-shared-var	metadata-only collection manifest; use obs->X->var links for payload resolution	shared_exact_hash	prism_collection/GSE213511/var.h5ad	Sda7dY41bGyOlBrt0001	yKOlxqooDQ8-3KPu-Q2DTQ	prism_collection/GSE213511
prism_collection/GSE213511	GSE213511	PRISM	I6TVhHhC9byld6C70000	prism_collection/GSE213511/chunk_0012/obs.parquet	canonical_obs	prism_collection/GSE213511	prism_collection/GSE213511/chunk_0012	chunk	chunk_0012	12	5000	35947	unknown					scRNA-seq	unknown	CRISPR	unknown	unknown	unknown	True	True	False	False	triplet-integrity-ok	2	original	jkobject:GCjqQtGwPzkY	jkobject:GCjqQtGwPzkY	additions	20260624-shared-var	metadata-only collection manifest; use obs->X->var links for payload resolution	shared_exact_hash	prism_collection/GSE213511/var.h5ad	Sda7dY41bGyOlBrt0001	yKOlxqooDQ8-3KPu-Q2DTQ	prism_collection/GSE213511
prism_collection/GSE213511	GSE213511	PRISM	5a0YFcPvVfaqLA6A0000	prism_collection/GSE213511/chunk_0013/obs.parquet	canonical_obs	prism_collection/GSE213511	prism_collection/GSE213511/chunk_0013	chunk	chunk_0013	13	5000	35947	unknown					scRNA-seq	unknown	CRISPR	unknown	unknown	unknown	True	True	False	False	triplet-integrity-ok	2	original	jkobject:GCjqQtGwPzkY	jkobject:GCjqQtGwPzkY	additions	20260624-shared-var	metadata-only collection manifest; use obs->X->var links for payload resolution	shared_exact_hash	prism_collection/GSE213511/var.h5ad	Sda7dY41bGyOlBrt0001	yKOlxqooDQ8-3KPu-Q2DTQ	prism_collection/GSE213511
prism_collection/GSE213511	GSE213511	PRISM	dbI3IRYKitiO53Lz0000	prism_collection/GSE213511/chunk_0014/obs.parquet	canonical_obs	prism_collection/GSE213511	prism_collection/GSE213511/chunk_0014	chunk	chunk_0014	14	5000	35947	unknown					scRNA-seq	unknown	CRISPR	unknown	unknown	unknown	True	True	False	False	triplet-integrity-ok	2	original	jkobject:GCjqQtGwPzkY	jkobject:GCjqQtGwPzkY	additions	20260624-shared-var	metadata-only collection manifest; use obs->X->var links for payload resolution	shared_exact_hash	prism_collection/GSE213511/var.h5ad	Sda7dY41bGyOlBrt0001	yKOlxqooDQ8-3KPu-Q2DTQ	prism_collection/GSE213511
prism_collection/GSE213511	GSE213511	PRISM	saBp6OcAn7lVH2HO0000	prism_collection/GSE213511/chunk_0015/obs.parquet	canonical_obs	prism_collection/GSE213511	prism_collection/GSE213511/chunk_0015	chunk	chunk_0015	15	5000	35947	unknown					scRNA-seq	unknown	CRISPR	unknown	unknown	unknown	True	True	False	False	triplet-integrity-ok	2	original	jkobject:GCjqQtGwPzkY	jkobject:GCjqQtGwPzkY	additions	20260624-shared-var	metadata-only collection manifest; use obs->X->var links for payload resolution	shared_exact_hash	prism_collection/GSE213511/var.h5ad	Sda7dY41bGyOlBrt0001	yKOlxqooDQ8-3KPu-Q2DTQ	prism_collection/GSE213511
prism_collection/GSE213511	GSE213511	PRISM	NrAMb0MUNwxhFhbf0000	prism_collection/GSE213511/chunk_0016/obs.parquet	canonical_obs	prism_collection/GSE213511	prism_collection/GSE213511/chunk_0016	chunk	chunk_0016	16	5000	35947	unknown					scRNA-seq	unknown	CRISPR	unknown	unknown	unknown	True	True	False	False	triplet-integrity-ok	2	original	jkobject:GCjqQtGwPzkY	jkobject:GCjqQtGwPzkY	additions	20260624-shared-var	metadata-only collection manifest; use obs->X->var links for payload resolution	shared_exact_hash	prism_collection/GSE213511/var.h5ad	Sda7dY41bGyOlBrt0001	yKOlxqooDQ8-3KPu-Q2DTQ	prism_collection/GSE213511
prism_collection/GSE213511	GSE213511	PRISM	jw4a53uAwiPbsKFg0000	prism_collection/GSE213511/chunk_0017/obs.parquet	canonical_obs	prism_collection/GSE213511	prism_collection/GSE213511/chunk_0017	chunk	chunk_0017	17	5000	35947	unknown					scRNA-seq	unknown	CRISPR	unknown	unknown	unknown	True	True	False	False	triplet-integrity-ok	2	original	jkobject:GCjqQtGwPzkY	jkobject:GCjqQtGwPzkY	additions	20260624-shared-var	metadata-only collection manifest; use obs->X->var links for payload resolution	shared_exact_hash	prism_collection/GSE213511/var.h5ad	Sda7dY41bGyOlBrt0001	yKOlxqooDQ8-3KPu-Q2DTQ	prism_collection/GSE213511
prism_collection/GSE213511	GSE213511	PRISM	dPRYNkhaePYenrs30000	prism_collection/GSE213511/chunk_0018/obs.parquet	canonical_obs	prism_collection/GSE213511	prism_collection/GSE213511/chunk_0018	chunk	chunk_0018	18	5000	35947	unknown					scRNA-seq	unknown	CRISPR	unknown	unknown	unknown	True	True	False	False	triplet-integrity-ok	2	original	jkobject:GCjqQtGwPzkY	jkobject:GCjqQtGwPzkY	additions	20260624-shared-var	metadata-only collection manifest; use obs->X->var links for payload resolution	shared_exact_hash	prism_collection/GSE213511/var.h5ad	Sda7dY41bGyOlBrt0001	yKOlxqooDQ8-3KPu-Q2DTQ	prism_collection/GSE213511
prism_collection/GSE213511	GSE213511	PRISM	ZBXESqYnqUIm1SPa0000	prism_collection/GSE213511/chunk_0019/obs.parquet	canonical_obs	prism_collection/GSE213511	prism_collection/GSE213511/chunk_0019	chunk	chunk_0019	19	5000	35947	unknown					scRNA-seq	unknown	CRISPR	unknown	unknown	unknown	True	True	False	False	triplet-integrity-ok	2	original	jkobject:GCjqQtGwPzkY	jkobject:GCjqQtGwPzkY	additions	20260624-shared-var	metadata-only collection manifest; use obs->X->var links for payload resolution	shared_exact_hash	prism_collection/GSE213511/var.h5ad	Sda7dY41bGyOlBrt0001	yKOlxqooDQ8-3KPu-Q2DTQ	prism_collection/GSE213511
prism_collection/GSE213511	GSE213511	PRISM	2vt2qMBaCgToS9pZ0000	prism_collection/GSE213511/chunk_0020/obs.parquet	canonical_obs	prism_collection/GSE213511	prism_collection/GSE213511/chunk_0020	chunk	chunk_0020	20	5000	35947	unknown					scRNA-seq	unknown	CRISPR	unknown	unknown	unknown	True	True	False	False	triplet-integrity-ok	2	original	jkobject:GCjqQtGwPzkY	jkobject:GCjqQtGwPzkY	additions	20260624-shared-var	metadata-only collection manifest; use obs->X->var links for payload resolution	shared_exact_hash	prism_collection/GSE213511/var.h5ad	Sda7dY41bGyOlBrt0001	yKOlxqooDQ8-3KPu-Q2DTQ	prism_collection/GSE213511
prism_collection/GSE213511	GSE213511	PRISM	lRdQUTw8ZMKaG8n60000	prism_collection/GSE213511/chunk_0021/obs.parquet	canonical_obs	prism_collection/GSE213511	prism_collection/GSE213511/chunk_0021	chunk	chunk_0021	21	5000	35947	unknown					scRNA-seq	unknown	CRISPR	unknown	unknown	unknown	True	True	False	False	triplet-integrity-ok	2	original	jkobject:GCjqQtGwPzkY	jkobject:GCjqQtGwPzkY	additions	20260624-shared-var	metadata-only collection manifest; use obs->X->var links for payload resolution	shared_exact_hash	prism_collection/GSE213511/var.h5ad	Sda7dY41bGyOlBrt0001	yKOlxqooDQ8-3KPu-Q2DTQ	prism_collection/GSE213511
prism_collection/GSE213511	GSE213511	PRISM	3ofmgzJGsYM4WeVu0000	prism_collection/GSE213511/chunk_0022/obs.parquet	canonical_obs	prism_collection/GSE213511	prism_collection/GSE213511/chunk_0022	chunk	chunk_0022	22	5000	35947	unknown					scRNA-seq	unknown	CRISPR	unknown	unknown	unknown	True	True	False	False	triplet-integrity-ok	2	original	jkobject:GCjqQtGwPzkY	jkobject:GCjqQtGwPzkY	additions	20260624-shared-var	metadata-only collection manifest; use obs->X->var links for payload resolution	shared_exact_hash	prism_collection/GSE213511/var.h5ad	Sda7dY41bGyOlBrt0001	yKOlxqooDQ8-3KPu-Q2DTQ	prism_collection/GSE213511
prism_collection/GSE213511	GSE213511	PRISM	jdiRyH7nZQiT6zwG0000	prism_collection/GSE213511/chunk_0023/obs.parquet	canonical_obs	prism_collection/GSE213511	prism_collection/GSE213511/chunk_0023	chunk	chunk_0023	23	5000	35947	unknown					scRNA-seq	unknown	CRISPR	unknown	unknown	unknown	True	True	False	False	triplet-integrity-ok	2	original	jkobject:GCjqQtGwPzkY	jkobject:GCjqQtGwPzkY	additions	20260624-shared-var	metadata-only collection manifest; use obs->X->var links for payload resolution	shared_exact_hash	prism_collection/GSE213511/var.h5ad	Sda7dY41bGyOlBrt0001	yKOlxqooDQ8-3KPu-Q2DTQ	prism_collection/GSE213511
prism_collection/GSE213511	GSE213511	PRISM	ZjZaHnHBFH7oc8cC0000	prism_collection/GSE213511/chunk_0024/obs.parquet	canonical_obs	prism_collection/GSE213511	prism_collection/GSE213511/chunk_0024	chunk	chunk_0024	24	5000	35947	unknown					scRNA-seq	unknown	CRISPR	unknown	unknown	unknown	True	True	False	False	triplet-integrity-ok	2	original	jkobject:GCjqQtGwPzkY	jkobject:GCjqQtGwPzkY	additions	20260624-shared-var	metadata-only collection manifest; use obs->X->var links for payload resolution	shared_exact_hash	prism_collection/GSE213511/var.h5ad	Sda7dY41bGyOlBrt0001	yKOlxqooDQ8-3KPu-Q2DTQ	prism_collection/GSE213511
prism_collection/GSE213511	GSE213511	PRISM	voCLbI2wWGSJIbeR0000	prism_collection/GSE213511/chunk_0025/obs.parquet	canonical_obs	prism_collection/GSE213511	prism_collection/GSE213511/chunk_0025	chunk	chunk_0025	25	5000	35947	unknown					scRNA-seq	unknown	CRISPR	unknown	unknown	unknown	True	True	False	False	triplet-integrity-ok	2	original	jkobject:GCjqQtGwPzkY	jkobject:GCjqQtGwPzkY	additions	20260624-shared-var	metadata-only collection manifest; use obs->X->var links for payload resolution	shared_exact_hash	prism_collection/GSE213511/var.h5ad	Sda7dY41bGyOlBrt0001	yKOlxqooDQ8-3KPu-Q2DTQ	prism_collection/GSE213511
prism_collection/GSE213511	GSE213511	PRISM	Ol5XwEUciDoWKOEA0000	prism_collection/GSE213511/chunk_0026/obs.parquet	canonical_obs	prism_collection/GSE213511	prism_collection/GSE213511/chunk_0026	chunk	chunk_0026	26	5000	35947	unknown					scRNA-seq	unknown	CRISPR	unknown	unknown	unknown	True	True	False	False	triplet-integrity-ok	2	original	jkobject:GCjqQtGwPzkY	jkobject:GCjqQtGwPzkY	additions	20260624-shared-var	metadata-only collection manifest; use obs->X->var links for payload resolution	shared_exact_hash	prism_collection/GSE213511/var.h5ad	Sda7dY41bGyOlBrt0001	yKOlxqooDQ8-3KPu-Q2DTQ	prism_collection/GSE213511
prism_collection/GSE213511	GSE213511	PRISM	Gkz0mrASpiQt0daF0000	prism_collection/GSE213511/chunk_0027/obs.parquet	canonical_obs	prism_collection/GSE213511	prism_collection/GSE213511/chunk_0027	chunk	chunk_0027	27	5000	35947	unknown					scRNA-seq	unknown	CRISPR	unknown	unknown	unknown	True	True	False	False	triplet-integrity-ok	2	original	jkobject:GCjqQtGwPzkY	jkobject:GCjqQtGwPzkY	additions	20260624-shared-var	metadata-only collection manifest; use obs->X->var links for payload resolution	shared_exact_hash	prism_collection/GSE213511/var.h5ad	Sda7dY41bGyOlBrt0001	yKOlxqooDQ8-3KPu-Q2DTQ	prism_collection/GSE213511
prism_collection/GSE213511	GSE213511	PRISM	nZbKcKQrLryWzr4U0000	prism_collection/GSE213511/chunk_0028/obs.parquet	canonical_obs	prism_collection/GSE213511	prism_collection/GSE213511/chunk_0028	chunk	chunk_0028	28	5000	35947	unknown					scRNA-seq	unknown	CRISPR	unknown	unknown	unknown	True	True	False	False	triplet-integrity-ok	2	original	jkobject:GCjqQtGwPzkY	jkobject:GCjqQtGwPzkY	additions	20260624-shared-var	metadata-only collection manifest; use obs->X->var links for payload resolution	shared_exact_hash	prism_collection/GSE213511/var.h5ad	Sda7dY41bGyOlBrt0001	yKOlxqooDQ8-3KPu-Q2DTQ	prism_collection/GSE213511
prism_collection/GSE213511	GSE213511	PRISM	6XkttGLOhLYQGSIa0000	prism_collection/GSE213511/chunk_0029/obs.parquet	canonical_obs	prism_collection/GSE213511	prism_collection/GSE213511/chunk_0029	chunk	chunk_0029	29	5000	35947	unknown					scRNA-seq	unknown	CRISPR	unknown	unknown	unknown	True	True	False	False	triplet-integrity-ok	2	original	jkobject:GCjqQtGwPzkY	jkobject:GCjqQtGwPzkY	additions	20260624-shared-var	metadata-only collection manifest; use obs->X->var links for payload resolution	shared_exact_hash	prism_collection/GSE213511/var.h5ad	Sda7dY41bGyOlBrt0001	yKOlxqooDQ8-3KPu-Q2DTQ	prism_collection/GSE213511
prism_collection/GSE213511	GSE213511	PRISM	J7viPQwZJDtqLhiJ0000	prism_collection/GSE213511/chunk_0030/obs.parquet	canonical_obs	prism_collection/GSE213511	prism_collection/GSE213511/chunk_0030	chunk	chunk_0030	30	5000	35947	unknown					scRNA-seq	unknown	CRISPR	unknown	unknown	unknown	True	True	False	False	triplet-integrity-ok	2	original	jkobject:GCjqQtGwPzkY	jkobject:GCjqQtGwPzkY	additions	20260624-shared-var	metadata-only collection manifest; use obs->X->var links for payload resolution	shared_exact_hash	prism_collection/GSE213511/var.h5ad	Sda7dY41bGyOlBrt0001	yKOlxqooDQ8-3KPu-Q2DTQ	prism_collection/GSE213511
prism_collection/GSE213511	GSE213511	PRISM	egj4AJVMQfhgBTV20000	prism_collection/GSE213511/chunk_0031/obs.parquet	canonical_obs	prism_collection/GSE213511	prism_collection/GSE213511/chunk_0031	chunk	chunk_0031	31	5000	35947	unknown					scRNA-seq	unknown	CRISPR	unknown	unknown	unknown	True	True	True	False	triplet-integrity-ok	2	original	jkobject:GCjqQtGwPzkY	jkobject:GCjqQtGwPzkY	additions	20260624-shared-var	metadata-only collection manifest; use obs->X->var links for payload resolution	shared_exact_hash	prism_collection/GSE213511/var.h5ad	Sda7dY41bGyOlBrt0001	yKOlxqooDQ8-3KPu-Q2DTQ	prism_collection/GSE213511
prism_collection/GSE213511	GSE213511	PRISM	UEiVn6H5n8W4oZ9j0000	prism_collection/GSE213511/chunk_0032/obs.parquet	canonical_obs	prism_collection/GSE213511	prism_collection/GSE213511/chunk_0032	chunk	chunk_0032	32	5000	35947	unknown					scRNA-seq	unknown	CRISPR	unknown	unknown	unknown	True	True	False	False	triplet-integrity-ok	2	original	jkobject:GCjqQtGwPzkY	jkobject:GCjqQtGwPzkY	additions	20260624-shared-var	metadata-only collection manifest; use obs->X->var links for payload resolution	shared_exact_hash	prism_collection/GSE213511/var.h5ad	Sda7dY41bGyOlBrt0001	yKOlxqooDQ8-3KPu-Q2DTQ	prism_collection/GSE213511
prism_collection/GSE213511	GSE213511	PRISM	7JaXzjEnNeY6KmQe0000	prism_collection/GSE213511/chunk_0033/obs.parquet	canonical_obs	prism_collection/GSE213511	prism_collection/GSE213511/chunk_0033	chunk	chunk_0033	33	5000	35947	unknown					scRNA-seq	unknown	CRISPR	unknown	unknown	unknown	True	True	False	False	triplet-integrity-ok	2	original	jkobject:GCjqQtGwPzkY	jkobject:GCjqQtGwPzkY	additions	20260624-shared-var	metadata-only collection manifest; use obs->X->var links for payload resolution	shared_exact_hash	prism_collection/GSE213511/var.h5ad	Sda7dY41bGyOlBrt0001	yKOlxqooDQ8-3KPu-Q2DTQ	prism_collection/GSE213511
prism_collection/GSE213511	GSE213511	PRISM	Z5plcMSAjUsVr9vj0000	prism_collection/GSE213511/chunk_0034/obs.parquet	canonical_obs	prism_collection/GSE213511	prism_collection/GSE213511/chunk_0034	chunk	chunk_0034	34	5000	35947	unknown					scRNA-seq	unknown	CRISPR	unknown	unknown	unknown	True	True	False	False	triplet-integrity-ok	2	original	jkobject:GCjqQtGwPzkY	jkobject:GCjqQtGwPzkY	additions	20260624-shared-var	metadata-only collection manifest; use obs->X->var links for payload resolution	shared_exact_hash	prism_collection/GSE213511/var.h5ad	Sda7dY41bGyOlBrt0001	yKOlxqooDQ8-3KPu-Q2DTQ	prism_collection/GSE213511
prism_collection/GSE213511	GSE213511	PRISM	jGL9mQNzUnLtuYO00000	prism_collection/GSE213511/chunk_0035/obs.parquet	canonical_obs	prism_collection/GSE213511	prism_collection/GSE213511/chunk_0035	chunk	chunk_0035	35	5000	35947	unknown					scRNA-seq	unknown	CRISPR	unknown	unknown	unknown	True	True	False	False	triplet-integrity-ok	2	original	jkobject:GCjqQtGwPzkY	jkobject:GCjqQtGwPzkY	additions	20260624-shared-var	metadata-only collection manifest; use obs->X->var links for payload resolution	shared_exact_hash	prism_collection/GSE213511/var.h5ad	Sda7dY41bGyOlBrt0001	yKOlxqooDQ8-3KPu-Q2DTQ	prism_collection/GSE213511
prism_collection/GSE213511	GSE213511	PRISM	zFOth2ixhxsmTsmN0000	prism_collection/GSE213511/chunk_0036/obs.parquet	canonical_obs	prism_collection/GSE213511	prism_collection/GSE213511/chunk_0036	chunk	chunk_0036	36	1177	35947	unknown					scRNA-seq	unknown	CRISPR	unknown	unknown	unknown	True	True	False	False	triplet-integrity-ok	2	original	jkobject:GCjqQtGwPzkY	jkobject:GCjqQtGwPzkY	additions	20260624-shared-var	metadata-only collection manifest; use obs->X->var links for payload resolution	shared_exact_hash	prism_collection/GSE213511/var.h5ad	Sda7dY41bGyOlBrt0001	yKOlxqooDQ8-3KPu-Q2DTQ	prism_collection/GSE213511
prism_collection/GSE213921	GSE213921	PRISM	NF1p663yc9ADaiMm0000	prism_collection/GSE213921/obs.parquet	canonical_obs	prism_collection/GSE213921	prism_collection/GSE213921	none			9797	32285	unknown					scRNA-seq	unknown	CRISPR	unknown	unknown	unknown	True	True	False	True	triplet-integrity-ok	2	original	jkobject:GCjqQtGwPzkY	jkobject:GCjqQtGwPzkY	additions	20260624-shared-var	metadata-only collection manifest; use obs->X->var links for payload resolution	same_prefix	prism_collection/GSE213921/var.parquet			
prism_collection/GSE214844	GSE214844	PRISM	Y07lThJKNjOR136n0000	prism_collection/GSE214844/chunk_0000/obs.parquet	canonical_obs	prism_collection/GSE214844	prism_collection/GSE214844/chunk_0000	chunk	chunk_0000	0	1000	60736	unknown					scRNA-seq	unknown	CRISPR	unknown	unknown	unknown	True	True	False	False	triplet-integrity-ok	2	original	jkobject:GCjqQtGwPzkY	jkobject:GCjqQtGwPzkY	additions	20260624-shared-var	metadata-only collection manifest; use obs->X->var links for payload resolution	shared_exact_hash	prism_collection/GSE214844/var.h5ad	WpcFoVmAtt2udJgA0002	pVTe7ao07abu7FPivHHmCA	prism_collection/GSE214844
prism_collection/GSE214844	GSE214844	PRISM	g3RS9fleebCmOxtg0000	prism_collection/GSE214844/chunk_0001/obs.parquet	canonical_obs	prism_collection/GSE214844	prism_collection/GSE214844/chunk_0001	chunk	chunk_0001	1	1000	60736	unknown					scRNA-seq	unknown	CRISPR	unknown	unknown	unknown	True	True	False	False	triplet-integrity-ok	2	original	jkobject:GCjqQtGwPzkY	jkobject:GCjqQtGwPzkY	additions	20260624-shared-var	metadata-only collection manifest; use obs->X->var links for payload resolution	shared_exact_hash	prism_collection/GSE214844/var.h5ad	WpcFoVmAtt2udJgA0002	pVTe7ao07abu7FPivHHmCA	prism_collection/GSE214844
prism_collection/GSE214844	GSE214844	PRISM	ts1HulCncbvIbJrK0000	prism_collection/GSE214844/chunk_0002/obs.parquet	canonical_obs	prism_collection/GSE214844	prism_collection/GSE214844/chunk_0002	chunk	chunk_0002	2	1000	60736	unknown					scRNA-seq	unknown	CRISPR	unknown	unknown	unknown	True	True	False	False	triplet-integrity-ok	2	original	jkobject:GCjqQtGwPzkY	jkobject:GCjqQtGwPzkY	additions	20260624-shared-var	metadata-only collection manifest; use obs->X->var links for payload resolution	shared_exact_hash	prism_collection/GSE214844/var.h5ad	WpcFoVmAtt2udJgA0002	pVTe7ao07abu7FPivHHmCA	prism_collection/GSE214844
prism_collection/GSE214844	GSE214844	PRISM	Mf7VYIFIrQudj5ka0000	prism_collection/GSE214844/chunk_0003/obs.parquet	canonical_obs	prism_collection/GSE214844	prism_collection/GSE214844/chunk_0003	chunk	chunk_0003	3	1000	60736	unknown					scRNA-seq	unknown	CRISPR	unknown	unknown	unknown	True	True	False	False	triplet-integrity-ok	2	original	jkobject:GCjqQtGwPzkY	jkobject:GCjqQtGwPzkY	additions	20260624-shared-var	metadata-only collection manifest; use obs->X->var links for payload resolution	shared_exact_hash	prism_collection/GSE214844/var.h5ad	WpcFoVmAtt2udJgA0002	pVTe7ao07abu7FPivHHmCA	prism_collection/GSE214844
prism_collection/GSE214844	GSE214844	PRISM	Dl8yBXAWjhoolk4r0000	prism_collection/GSE214844/chunk_0004/obs.parquet	canonical_obs	prism_collection/GSE214844	prism_collection/GSE214844/chunk_0004	chunk	chunk_0004	4	1000	60736	unknown					scRNA-seq	unknown	CRISPR	unknown	unknown	unknown	True	True	False	False	triplet-integrity-ok	2	original	jkobject:GCjqQtGwPzkY	jkobject:GCjqQtGwPzkY	additions	20260624-shared-var	metadata-only collection manifest; use obs->X->var links for payload resolution	shared_exact_hash	prism_collection/GSE214844/var.h5ad	WpcFoVmAtt2udJgA0002	pVTe7ao07abu7FPivHHmCA	prism_collection/GSE214844
prism_collection/GSE214844	GSE214844	PRISM	UpyndqjDMZ5aiUp60000	prism_collection/GSE214844/chunk_0005/obs.parquet	canonical_obs	prism_collection/GSE214844	prism_collection/GSE214844/chunk_0005	chunk	chunk_0005	5	1000	60736	unknown					scRNA-seq	unknown	CRISPR	unknown	unknown	unknown	True	True	False	False	triplet-integrity-ok	2	original	jkobject:GCjqQtGwPzkY	jkobject:GCjqQtGwPzkY	additions	20260624-shared-var	metadata-only collection manifest; use obs->X->var links for payload resolution	shared_exact_hash	prism_collection/GSE214844/var.h5ad	WpcFoVmAtt2udJgA0002	pVTe7ao07abu7FPivHHmCA	prism_collection/GSE214844
prism_collection/GSE214844	GSE214844	PRISM	ILd5iDCMN1qI2RWv0000	prism_collection/GSE214844/chunk_0006/obs.parquet	canonical_obs	prism_collection/GSE214844	prism_collection/GSE214844/chunk_0006	chunk	chunk_0006	6	1000	60736	unknown					scRNA-seq	unknown	CRISPR	unknown	unknown	unknown	True	True	False	False	triplet-integrity-ok	2	original	jkobject:GCjqQtGwPzkY	jkobject:GCjqQtGwPzkY	additions	20260624-shared-var	metadata-only collection manifest; use obs->X->var links for payload resolution	shared_exact_hash	prism_collection/GSE214844/var.h5ad	WpcFoVmAtt2udJgA0002	pVTe7ao07abu7FPivHHmCA	prism_collection/GSE214844
prism_collection/GSE214844	GSE214844	PRISM	tZx0XjVu9lIOG7Sz0000	prism_collection/GSE214844/chunk_0007/obs.parquet	canonical_obs	prism_collection/GSE214844	prism_collection/GSE214844/chunk_0007	chunk	chunk_0007	7	1000	60736	unknown					scRNA-seq	unknown	CRISPR	unknown	unknown	unknown	True	True	False	False	triplet-integrity-ok	2	original	jkobject:GCjqQtGwPzkY	jkobject:GCjqQtGwPzkY	additions	20260624-shared-var	metadata-only collection manifest; use obs->X->var links for payload resolution	shared_exact_hash	prism_collection/GSE214844/var.h5ad	WpcFoVmAtt2udJgA0002	pVTe7ao07abu7FPivHHmCA	prism_collection/GSE214844
prism_collection/GSE214844	GSE214844	PRISM	kyn5MvbabxUj4iuN0000	prism_collection/GSE214844/chunk_0008/obs.parquet	canonical_obs	prism_collection/GSE214844	prism_collection/GSE214844/chunk_0008	chunk	chunk_0008	8	1000	60736	unknown					scRNA-seq	unknown	CRISPR	unknown	unknown	unknown	True	True	False	False	triplet-integrity-ok	2	original	jkobject:GCjqQtGwPzkY	jkobject:GCjqQtGwPzkY	additions	20260624-shared-var	metadata-only collection manifest; use obs->X->var links for payload resolution	shared_exact_hash	prism_collection/GSE214844/var.h5ad	WpcFoVmAtt2udJgA0002	pVTe7ao07abu7FPivHHmCA	prism_collection/GSE214844
prism_collection/GSE214844	GSE214844	PRISM	MXGamcEFMG5na9yd0000	prism_collection/GSE214844/chunk_0009/obs.parquet	canonical_obs	prism_collection/GSE214844	prism_collection/GSE214844/chunk_0009	chunk	chunk_0009	9	1000	60736	unknown					scRNA-seq	unknown	CRISPR	unknown	unknown	unknown	True	True	False	False	triplet-integrity-ok	2	original	jkobject:GCjqQtGwPzkY	jkobject:GCjqQtGwPzkY	additions	20260624-shared-var	metadata-only collection manifest; use obs->X->var links for payload resolution	shared_exact_hash	prism_collection/GSE214844/var.h5ad	WpcFoVmAtt2udJgA0002	pVTe7ao07abu7FPivHHmCA	prism_collection/GSE214844
prism_collection/GSE214844	GSE214844	PRISM	UlQjjNrZ8CdfUNj30000	prism_collection/GSE214844/chunk_0010/obs.parquet	canonical_obs	prism_collection/GSE214844	prism_collection/GSE214844/chunk_0010	chunk	chunk_0010	10	1000	60736	unknown					scRNA-seq	unknown	CRISPR	unknown	unknown	unknown	True	True	False	False	triplet-integrity-ok	2	original	jkobject:GCjqQtGwPzkY	jkobject:GCjqQtGwPzkY	additions	20260624-shared-var	metadata-only collection manifest; use obs->X->var links for payload resolution	shared_exact_hash	prism_collection/GSE214844/var.h5ad	WpcFoVmAtt2udJgA0002	pVTe7ao07abu7FPivHHmCA	prism_collection/GSE214844
prism_collection/GSE214844	GSE214844	PRISM	3xAlwTsaq1knpyA00000	prism_collection/GSE214844/chunk_0011/obs.parquet	canonical_obs	prism_collection/GSE214844	prism_collection/GSE214844/chunk_0011	chunk	chunk_0011	11	1000	60736	unknown					scRNA-seq	unknown	CRISPR	unknown	unknown	unknown	True	True	False	False	triplet-integrity-ok	2	original	jkobject:GCjqQtGwPzkY	jkobject:GCjqQtGwPzkY	additions	20260624-shared-var	metadata-only collection manifest; use obs->X->var links for payload resolution	shared_exact_hash	prism_collection/GSE214844/var.h5ad	WpcFoVmAtt2udJgA0002	pVTe7ao07abu7FPivHHmCA	prism_collection/GSE214844
prism_collection/GSE214844	GSE214844	PRISM	LFPGwKzNZ8mvqwxz0000	prism_collection/GSE214844/chunk_0012/obs.parquet	canonical_obs	prism_collection/GSE214844	prism_collection/GSE214844/chunk_0012	chunk	chunk_0012	12	487	60736	unknown					scRNA-seq	unknown	CRISPR	unknown	unknown	unknown	True	True	False	False	triplet-integrity-ok	2	original	jkobject:GCjqQtGwPzkY	jkobject:GCjqQtGwPzkY	additions	20260624-shared-var	metadata-only collection manifest; use obs->X->var links for payload resolution	shared_exact_hash	prism_collection/GSE214844/var.h5ad	WpcFoVmAtt2udJgA0002	pVTe7ao07abu7FPivHHmCA	prism_collection/GSE214844
prism_collection/GSE215253	GSE215253	PRISM	yFDmVDpvl4YA2CJ60000	prism_collection/GSE215253/chunk_0000/obs.parquet	canonical_obs	prism_collection/GSE215253	prism_collection/GSE215253/chunk_0000	chunk	chunk_0000	0	5000	36601	unknown					scRNA-seq	unknown	CRISPR	unknown	unknown	unknown	True	True	False	False	triplet-integrity-ok	2	original	jkobject:GCjqQtGwPzkY	jkobject:GCjqQtGwPzkY	additions	20260624-shared-var	metadata-only collection manifest; use obs->X->var links for payload resolution	shared_exact_hash	prism_collection/GSE215253/var.h5ad	ysQiMoClywCM6nLj0002	7JRoKFVO6_ei0lwyGJabEg	prism_collection/GSE215253
prism_collection/GSE215253	GSE215253	PRISM	qzkebNYXVoSWK6Tt0000	prism_collection/GSE215253/chunk_0001/obs.parquet	canonical_obs	prism_collection/GSE215253	prism_collection/GSE215253/chunk_0001	chunk	chunk_0001	1	5000	36601	unknown					scRNA-seq	unknown	CRISPR	unknown	unknown	unknown	True	True	False	False	triplet-integrity-ok	2	original	jkobject:GCjqQtGwPzkY	jkobject:GCjqQtGwPzkY	additions	20260624-shared-var	metadata-only collection manifest; use obs->X->var links for payload resolution	shared_exact_hash	prism_collection/GSE215253/var.h5ad	ysQiMoClywCM6nLj0002	7JRoKFVO6_ei0lwyGJabEg	prism_collection/GSE215253
prism_collection/GSE215253	GSE215253	PRISM	LnIpMCX7blwcrDDP0000	prism_collection/GSE215253/chunk_0002/obs.parquet	canonical_obs	prism_collection/GSE215253	prism_collection/GSE215253/chunk_0002	chunk	chunk_0002	2	5000	36601	unknown					scRNA-seq	unknown	CRISPR	unknown	unknown	unknown	True	True	False	False	triplet-integrity-ok	2	original	jkobject:GCjqQtGwPzkY	jkobject:GCjqQtGwPzkY	additions	20260624-shared-var	metadata-only collection manifest; use obs->X->var links for payload resolution	shared_exact_hash	prism_collection/GSE215253/var.h5ad	ysQiMoClywCM6nLj0002	7JRoKFVO6_ei0lwyGJabEg	prism_collection/GSE215253
prism_collection/GSE215253	GSE215253	PRISM	HbCf85Nb0TCCigOd0000	prism_collection/GSE215253/chunk_0003/obs.parquet	canonical_obs	prism_collection/GSE215253	prism_collection/GSE215253/chunk_0003	chunk	chunk_0003	3	5000	36601	unknown					scRNA-seq	unknown	CRISPR	unknown	unknown	unknown	True	True	False	False	triplet-integrity-ok	2	original	jkobject:GCjqQtGwPzkY	jkobject:GCjqQtGwPzkY	additions	20260624-shared-var	metadata-only collection manifest; use obs->X->var links for payload resolution	shared_exact_hash	prism_collection/GSE215253/var.h5ad	ysQiMoClywCM6nLj0002	7JRoKFVO6_ei0lwyGJabEg	prism_collection/GSE215253
prism_collection/GSE215253	GSE215253	PRISM	qnFw4CGbkWDjzPkB0000	prism_collection/GSE215253/chunk_0004/obs.parquet	canonical_obs	prism_collection/GSE215253	prism_collection/GSE215253/chunk_0004	chunk	chunk_0004	4	5000	36601	unknown					scRNA-seq	unknown	CRISPR	unknown	unknown	unknown	True	True	False	False	triplet-integrity-ok	2	original	jkobject:GCjqQtGwPzkY	jkobject:GCjqQtGwPzkY	additions	20260624-shared-var	metadata-only collection manifest; use obs->X->var links for payload resolution	shared_exact_hash	prism_collection/GSE215253/var.h5ad	ysQiMoClywCM6nLj0002	7JRoKFVO6_ei0lwyGJabEg	prism_collection/GSE215253
prism_collection/GSE215253	GSE215253	PRISM	J2a40pKRUmbYo69G0000	prism_collection/GSE215253/chunk_0005/obs.parquet	canonical_obs	prism_collection/GSE215253	prism_collection/GSE215253/chunk_0005	chunk	chunk_0005	5	5000	36601	unknown					scRNA-seq	unknown	CRISPR	unknown	unknown	unknown	True	True	False	False	triplet-integrity-ok	2	original	jkobject:GCjqQtGwPzkY	jkobject:GCjqQtGwPzkY	additions	20260624-shared-var	metadata-only collection manifest; use obs->X->var links for payload resolution	shared_exact_hash	prism_collection/GSE215253/var.h5ad	ysQiMoClywCM6nLj0002	7JRoKFVO6_ei0lwyGJabEg	prism_collection/GSE215253
prism_collection/GSE215253	GSE215253	PRISM	l5ofIeI5MuBm8BT60000	prism_collection/GSE215253/chunk_0006/obs.parquet	canonical_obs	prism_collection/GSE215253	prism_collection/GSE215253/chunk_0006	chunk	chunk_0006	6	5000	36601	unknown					scRNA-seq	unknown	CRISPR	unknown	unknown	unknown	True	True	False	False	triplet-integrity-ok	2	original	jkobject:GCjqQtGwPzkY	jkobject:GCjqQtGwPzkY	additions	20260624-shared-var	metadata-only collection manifest; use obs->X->var links for payload resolution	shared_exact_hash	prism_collection/GSE215253/var.h5ad	ysQiMoClywCM6nLj0002	7JRoKFVO6_ei0lwyGJabEg	prism_collection/GSE215253
prism_collection/GSE215253	GSE215253	PRISM	l6OxgIz7AUnqnfHk0000	prism_collection/GSE215253/chunk_0007/obs.parquet	canonical_obs	prism_collection/GSE215253	prism_collection/GSE215253/chunk_0007	chunk	chunk_0007	7	5000	36601	unknown					scRNA-seq	unknown	CRISPR	unknown	unknown	unknown	True	True	False	False	triplet-integrity-ok	2	original	jkobject:GCjqQtGwPzkY	jkobject:GCjqQtGwPzkY	additions	20260624-shared-var	metadata-only collection manifest; use obs->X->var links for payload resolution	shared_exact_hash	prism_collection/GSE215253/var.h5ad	ysQiMoClywCM6nLj0002	7JRoKFVO6_ei0lwyGJabEg	prism_collection/GSE215253
prism_collection/GSE215253	GSE215253	PRISM	DkPVsU6BMKwkEt8X0000	prism_collection/GSE215253/chunk_0008/obs.parquet	canonical_obs	prism_collection/GSE215253	prism_collection/GSE215253/chunk_0008	chunk	chunk_0008	8	5000	36601	unknown					scRNA-seq	unknown	CRISPR	unknown	unknown	unknown	True	True	True	False	triplet-integrity-ok	2	original	jkobject:GCjqQtGwPzkY	jkobject:GCjqQtGwPzkY	additions	20260624-shared-var	metadata-only collection manifest; use obs->X->var links for payload resolution	shared_exact_hash	prism_collection/GSE215253/var.h5ad	ysQiMoClywCM6nLj0002	7JRoKFVO6_ei0lwyGJabEg	prism_collection/GSE215253
prism_collection/GSE215253	GSE215253	PRISM	FMa00h4XQursJw6K0000	prism_collection/GSE215253/chunk_0009/obs.parquet	canonical_obs	prism_collection/GSE215253	prism_collection/GSE215253/chunk_0009	chunk	chunk_0009	9	5000	36601	unknown					scRNA-seq	unknown	CRISPR	unknown	unknown	unknown	True	True	False	False	triplet-integrity-ok	2	original	jkobject:GCjqQtGwPzkY	jkobject:GCjqQtGwPzkY	additions	20260624-shared-var	metadata-only collection manifest; use obs->X->var links for payload resolution	shared_exact_hash	prism_collection/GSE215253/var.h5ad	ysQiMoClywCM6nLj0002	7JRoKFVO6_ei0lwyGJabEg	prism_collection/GSE215253
prism_collection/GSE215253	GSE215253	PRISM	ZEVWmuRNjpI5z3wA0000	prism_collection/GSE215253/chunk_0010/obs.parquet	canonical_obs	prism_collection/GSE215253	prism_collection/GSE215253/chunk_0010	chunk	chunk_0010	10	5000	36601	unknown					scRNA-seq	unknown	CRISPR	unknown	unknown	unknown	True	True	False	False	triplet-integrity-ok	2	original	jkobject:GCjqQtGwPzkY	jkobject:GCjqQtGwPzkY	additions	20260624-shared-var	metadata-only collection manifest; use obs->X->var links for payload resolution	shared_exact_hash	prism_collection/GSE215253/var.h5ad	ysQiMoClywCM6nLj0002	7JRoKFVO6_ei0lwyGJabEg	prism_collection/GSE215253
prism_collection/GSE215253	GSE215253	PRISM	IYH8oBHGEeiHQJch0000	prism_collection/GSE215253/chunk_0011/obs.parquet	canonical_obs	prism_collection/GSE215253	prism_collection/GSE215253/chunk_0011	chunk	chunk_0011	11	5000	36601	unknown					scRNA-seq	unknown	CRISPR	unknown	unknown	unknown	True	True	False	False	triplet-integrity-ok	2	original	jkobject:GCjqQtGwPzkY	jkobject:GCjqQtGwPzkY	additions	20260624-shared-var	metadata-only collection manifest; use obs->X->var links for payload resolution	shared_exact_hash	prism_collection/GSE215253/var.h5ad	ysQiMoClywCM6nLj0002	7JRoKFVO6_ei0lwyGJabEg	prism_collection/GSE215253
prism_collection/GSE215253	GSE215253	PRISM	5wgpT5GG7HJ1vKdL0000	prism_collection/GSE215253/chunk_0012/obs.parquet	canonical_obs	prism_collection/GSE215253	prism_collection/GSE215253/chunk_0012	chunk	chunk_0012	12	5000	36601	unknown					scRNA-seq	unknown	CRISPR	unknown	unknown	unknown	True	True	False	False	triplet-integrity-ok	2	original	jkobject:GCjqQtGwPzkY	jkobject:GCjqQtGwPzkY	additions	20260624-shared-var	metadata-only collection manifest; use obs->X->var links for payload resolution	shared_exact_hash	prism_collection/GSE215253/var.h5ad	ysQiMoClywCM6nLj0002	7JRoKFVO6_ei0lwyGJabEg	prism_collection/GSE215253
prism_collection/GSE215253	GSE215253	PRISM	Vu6pjQCOR2I7ml430000	prism_collection/GSE215253/chunk_0013/obs.parquet	canonical_obs	prism_collection/GSE215253	prism_collection/GSE215253/chunk_0013	chunk	chunk_0013	13	5000	36601	unknown					scRNA-seq	unknown	CRISPR	unknown	unknown	unknown	True	True	False	False	triplet-integrity-ok	2	original	jkobject:GCjqQtGwPzkY	jkobject:GCjqQtGwPzkY	additions	20260624-shared-var	metadata-only collection manifest; use obs->X->var links for payload resolution	shared_exact_hash	prism_collection/GSE215253/var.h5ad	ysQiMoClywCM6nLj0002	7JRoKFVO6_ei0lwyGJabEg	prism_collection/GSE215253
prism_collection/GSE215253	GSE215253	PRISM	zt42xV6PQOWsE5kn0000	prism_collection/GSE215253/chunk_0014/obs.parquet	canonical_obs	prism_collection/GSE215253	prism_collection/GSE215253/chunk_0014	chunk	chunk_0014	14	5000	36601	unknown					scRNA-seq	unknown	CRISPR	unknown	unknown	unknown	True	True	False	False	triplet-integrity-ok	2	original	jkobject:GCjqQtGwPzkY	jkobject:GCjqQtGwPzkY	additions	20260624-shared-var	metadata-only collection manifest; use obs->X->var links for payload resolution	shared_exact_hash	prism_collection/GSE215253/var.h5ad	ysQiMoClywCM6nLj0002	7JRoKFVO6_ei0lwyGJabEg	prism_collection/GSE215253
prism_collection/GSE215253	GSE215253	PRISM	G4znTYWPoyWTeRjt0000	prism_collection/GSE215253/chunk_0015/obs.parquet	canonical_obs	prism_collection/GSE215253	prism_collection/GSE215253/chunk_0015	chunk	chunk_0015	15	5000	36601	unknown					scRNA-seq	unknown	CRISPR	unknown	unknown	unknown	True	True	False	False	triplet-integrity-ok	2	original	jkobject:GCjqQtGwPzkY	jkobject:GCjqQtGwPzkY	additions	20260624-shared-var	metadata-only collection manifest; use obs->X->var links for payload resolution	shared_exact_hash	prism_collection/GSE215253/var.h5ad	ysQiMoClywCM6nLj0002	7JRoKFVO6_ei0lwyGJabEg	prism_collection/GSE215253
prism_collection/GSE215253	GSE215253	PRISM	LGFwoSiWNJMiUrDU0000	prism_collection/GSE215253/chunk_0016/obs.parquet	canonical_obs	prism_collection/GSE215253	prism_collection/GSE215253/chunk_0016	chunk	chunk_0016	16	5000	36601	unknown					scRNA-seq	unknown	CRISPR	unknown	unknown	unknown	True	True	False	False	triplet-integrity-ok	2	original	jkobject:GCjqQtGwPzkY	jkobject:GCjqQtGwPzkY	additions	20260624-shared-var	metadata-only collection manifest; use obs->X->var links for payload resolution	shared_exact_hash	prism_collection/GSE215253/var.h5ad	ysQiMoClywCM6nLj0002	7JRoKFVO6_ei0lwyGJabEg	prism_collection/GSE215253
prism_collection/GSE215253	GSE215253	PRISM	bLNty16XC0nMDBPk0000	prism_collection/GSE215253/chunk_0017/obs.parquet	canonical_obs	prism_collection/GSE215253	prism_collection/GSE215253/chunk_0017	chunk	chunk_0017	17	5000	36601	unknown					scRNA-seq	unknown	CRISPR	unknown	unknown	unknown	True	True	False	False	triplet-integrity-ok	2	original	jkobject:GCjqQtGwPzkY	jkobject:GCjqQtGwPzkY	additions	20260624-shared-var	metadata-only collection manifest; use obs->X->var links for payload resolution	shared_exact_hash	prism_collection/GSE215253/var.h5ad	ysQiMoClywCM6nLj0002	7JRoKFVO6_ei0lwyGJabEg	prism_collection/GSE215253
prism_collection/GSE215253	GSE215253	PRISM	Mf7wDVb4qSPt12vj0000	prism_collection/GSE215253/chunk_0018/obs.parquet	canonical_obs	prism_collection/GSE215253	prism_collection/GSE215253/chunk_0018	chunk	chunk_0018	18	5000	36601	unknown					scRNA-seq	unknown	CRISPR	unknown	unknown	unknown	True	True	False	False	triplet-integrity-ok	2	original	jkobject:GCjqQtGwPzkY	jkobject:GCjqQtGwPzkY	additions	20260624-shared-var	metadata-only collection manifest; use obs->X->var links for payload resolution	shared_exact_hash	prism_collection/GSE215253/var.h5ad	ysQiMoClywCM6nLj0002	7JRoKFVO6_ei0lwyGJabEg	prism_collection/GSE215253
prism_collection/GSE215253	GSE215253	PRISM	tTJqmtulg7WHxGLR0000	prism_collection/GSE215253/chunk_0019/obs.parquet	canonical_obs	prism_collection/GSE215253	prism_collection/GSE215253/chunk_0019	chunk	chunk_0019	19	5000	36601	unknown					scRNA-seq	unknown	CRISPR	unknown	unknown	unknown	True	True	False	False	triplet-integrity-ok	2	original	jkobject:GCjqQtGwPzkY	jkobject:GCjqQtGwPzkY	additions	20260624-shared-var	metadata-only collection manifest; use obs->X->var links for payload resolution	shared_exact_hash	prism_collection/GSE215253/var.h5ad	ysQiMoClywCM6nLj0002	7JRoKFVO6_ei0lwyGJabEg	prism_collection/GSE215253
prism_collection/GSE215253	GSE215253	PRISM	uMd5ApYVk5NeanuR0000	prism_collection/GSE215253/chunk_0020/obs.parquet	canonical_obs	prism_collection/GSE215253	prism_collection/GSE215253/chunk_0020	chunk	chunk_0020	20	5000	36601	unknown					scRNA-seq	unknown	CRISPR	unknown	unknown	unknown	True	True	False	False	triplet-integrity-ok	2	original	jkobject:GCjqQtGwPzkY	jkobject:GCjqQtGwPzkY	additions	20260624-shared-var	metadata-only collection manifest; use obs->X->var links for payload resolution	shared_exact_hash	prism_collection/GSE215253/var.h5ad	ysQiMoClywCM6nLj0002	7JRoKFVO6_ei0lwyGJabEg	prism_collection/GSE215253
prism_collection/GSE215253	GSE215253	PRISM	h0m47pHP8CBfhFqW0000	prism_collection/GSE215253/chunk_0021/obs.parquet	canonical_obs	prism_collection/GSE215253	prism_collection/GSE215253/chunk_0021	chunk	chunk_0021	21	5000	36601	unknown					scRNA-seq	unknown	CRISPR	unknown	unknown	unknown	True	True	False	False	triplet-integrity-ok	2	original	jkobject:GCjqQtGwPzkY	jkobject:GCjqQtGwPzkY	additions	20260624-shared-var	metadata-only collection manifest; use obs->X->var links for payload resolution	shared_exact_hash	prism_collection/GSE215253/var.h5ad	ysQiMoClywCM6nLj0002	7JRoKFVO6_ei0lwyGJabEg	prism_collection/GSE215253
prism_collection/GSE215253	GSE215253	PRISM	OJkHkbp0VuVqdAsX0000	prism_collection/GSE215253/chunk_0022/obs.parquet	canonical_obs	prism_collection/GSE215253	prism_collection/GSE215253/chunk_0022	chunk	chunk_0022	22	5000	36601	unknown					scRNA-seq	unknown	CRISPR	unknown	unknown	unknown	True	True	False	False	triplet-integrity-ok	2	original	jkobject:GCjqQtGwPzkY	jkobject:GCjqQtGwPzkY	additions	20260624-shared-var	metadata-only collection manifest; use obs->X->var links for payload resolution	shared_exact_hash	prism_collection/GSE215253/var.h5ad	ysQiMoClywCM6nLj0002	7JRoKFVO6_ei0lwyGJabEg	prism_collection/GSE215253
prism_collection/GSE215253	GSE215253	PRISM	CPM2zB6U3HxWiUv30000	prism_collection/GSE215253/chunk_0023/obs.parquet	canonical_obs	prism_collection/GSE215253	prism_collection/GSE215253/chunk_0023	chunk	chunk_0023	23	5000	36601	unknown					scRNA-seq	unknown	CRISPR	unknown	unknown	unknown	True	True	False	False	triplet-integrity-ok	2	original	jkobject:GCjqQtGwPzkY	jkobject:GCjqQtGwPzkY	additions	20260624-shared-var	metadata-only collection manifest; use obs->X->var links for payload resolution	shared_exact_hash	prism_collection/GSE215253/var.h5ad	ysQiMoClywCM6nLj0002	7JRoKFVO6_ei0lwyGJabEg	prism_collection/GSE215253
prism_collection/GSE215253	GSE215253	PRISM	eQ9ci1EsHxKr3Ph50000	prism_collection/GSE215253/chunk_0024/obs.parquet	canonical_obs	prism_collection/GSE215253	prism_collection/GSE215253/chunk_0024	chunk	chunk_0024	24	5000	36601	unknown					scRNA-seq	unknown	CRISPR	unknown	unknown	unknown	True	True	False	False	triplet-integrity-ok	2	original	jkobject:GCjqQtGwPzkY	jkobject:GCjqQtGwPzkY	additions	20260624-shared-var	metadata-only collection manifest; use obs->X->var links for payload resolution	shared_exact_hash	prism_collection/GSE215253/var.h5ad	ysQiMoClywCM6nLj0002	7JRoKFVO6_ei0lwyGJabEg	prism_collection/GSE215253
prism_collection/GSE215253	GSE215253	PRISM	tzpeEmZKiDsA0kN20000	prism_collection/GSE215253/chunk_0025/obs.parquet	canonical_obs	prism_collection/GSE215253	prism_collection/GSE215253/chunk_0025	chunk	chunk_0025	25	5000	36601	unknown					scRNA-seq	unknown	CRISPR	unknown	unknown	unknown	True	True	False	False	triplet-integrity-ok	2	original	jkobject:GCjqQtGwPzkY	jkobject:GCjqQtGwPzkY	additions	20260624-shared-var	metadata-only collection manifest; use obs->X->var links for payload resolution	shared_exact_hash	prism_collection/GSE215253/var.h5ad	ysQiMoClywCM6nLj0002	7JRoKFVO6_ei0lwyGJabEg	prism_collection/GSE215253
prism_collection/GSE215253	GSE215253	PRISM	7f0dL3uCRJhM1xA30000	prism_collection/GSE215253/chunk_0026/obs.parquet	canonical_obs	prism_collection/GSE215253	prism_collection/GSE215253/chunk_0026	chunk	chunk_0026	26	5000	36601	unknown					scRNA-seq	unknown	CRISPR	unknown	unknown	unknown	True	True	False	False	triplet-integrity-ok	2	original	jkobject:GCjqQtGwPzkY	jkobject:GCjqQtGwPzkY	additions	20260624-shared-var	metadata-only collection manifest; use obs->X->var links for payload resolution	shared_exact_hash	prism_collection/GSE215253/var.h5ad	ysQiMoClywCM6nLj0002	7JRoKFVO6_ei0lwyGJabEg	prism_collection/GSE215253
prism_collection/GSE215253	GSE215253	PRISM	NEAKa90kKE6LpKJg0000	prism_collection/GSE215253/chunk_0027/obs.parquet	canonical_obs	prism_collection/GSE215253	prism_collection/GSE215253/chunk_0027	chunk	chunk_0027	27	5000	36601	unknown					scRNA-seq	unknown	CRISPR	unknown	unknown	unknown	True	True	False	False	triplet-integrity-ok	2	original	jkobject:GCjqQtGwPzkY	jkobject:GCjqQtGwPzkY	additions	20260624-shared-var	metadata-only collection manifest; use obs->X->var links for payload resolution	shared_exact_hash	prism_collection/GSE215253/var.h5ad	ysQiMoClywCM6nLj0002	7JRoKFVO6_ei0lwyGJabEg	prism_collection/GSE215253
prism_collection/GSE215253	GSE215253	PRISM	lzGT7mrChUPbL9MJ0000	prism_collection/GSE215253/chunk_0028/obs.parquet	canonical_obs	prism_collection/GSE215253	prism_collection/GSE215253/chunk_0028	chunk	chunk_0028	28	5000	36601	unknown					scRNA-seq	unknown	CRISPR	unknown	unknown	unknown	True	True	False	False	triplet-integrity-ok	2	original	jkobject:GCjqQtGwPzkY	jkobject:GCjqQtGwPzkY	additions	20260624-shared-var	metadata-only collection manifest; use obs->X->var links for payload resolution	shared_exact_hash	prism_collection/GSE215253/var.h5ad	ysQiMoClywCM6nLj0002	7JRoKFVO6_ei0lwyGJabEg	prism_collection/GSE215253
prism_collection/GSE215253	GSE215253	PRISM	wRLIx1FKD4Mq2w6P0000	prism_collection/GSE215253/chunk_0029/obs.parquet	canonical_obs	prism_collection/GSE215253	prism_collection/GSE215253/chunk_0029	chunk	chunk_0029	29	5000	36601	unknown					scRNA-seq	unknown	CRISPR	unknown	unknown	unknown	True	True	False	False	triplet-integrity-ok	2	original	jkobject:GCjqQtGwPzkY	jkobject:GCjqQtGwPzkY	additions	20260624-shared-var	metadata-only collection manifest; use obs->X->var links for payload resolution	shared_exact_hash	prism_collection/GSE215253/var.h5ad	ysQiMoClywCM6nLj0002	7JRoKFVO6_ei0lwyGJabEg	prism_collection/GSE215253
prism_collection/GSE215253	GSE215253	PRISM	7PIxrwLVCxYm8qiG0000	prism_collection/GSE215253/chunk_0030/obs.parquet	canonical_obs	prism_collection/GSE215253	prism_collection/GSE215253/chunk_0030	chunk	chunk_0030	30	5000	36601	unknown					scRNA-seq	unknown	CRISPR	unknown	unknown	unknown	True	True	False	False	triplet-integrity-ok	2	original	jkobject:GCjqQtGwPzkY	jkobject:GCjqQtGwPzkY	additions	20260624-shared-var	metadata-only collection manifest; use obs->X->var links for payload resolution	shared_exact_hash	prism_collection/GSE215253/var.h5ad	ysQiMoClywCM6nLj0002	7JRoKFVO6_ei0lwyGJabEg	prism_collection/GSE215253
prism_collection/GSE215253	GSE215253	PRISM	xfNly5uvOT9sIaXx0000	prism_collection/GSE215253/chunk_0031/obs.parquet	canonical_obs	prism_collection/GSE215253	prism_collection/GSE215253/chunk_0031	chunk	chunk_0031	31	5000	36601	unknown					scRNA-seq	unknown	CRISPR	unknown	unknown	unknown	True	True	False	False	triplet-integrity-ok	2	original	jkobject:GCjqQtGwPzkY	jkobject:GCjqQtGwPzkY	additions	20260624-shared-var	metadata-only collection manifest; use obs->X->var links for payload resolution	shared_exact_hash	prism_collection/GSE215253/var.h5ad	ysQiMoClywCM6nLj0002	7JRoKFVO6_ei0lwyGJabEg	prism_collection/GSE215253
prism_collection/GSE215253	GSE215253	PRISM	SE3K3voufV4e6FOl0000	prism_collection/GSE215253/chunk_0032/obs.parquet	canonical_obs	prism_collection/GSE215253	prism_collection/GSE215253/chunk_0032	chunk	chunk_0032	32	5000	36601	unknown					scRNA-seq	unknown	CRISPR	unknown	unknown	unknown	True	True	False	False	triplet-integrity-ok	2	original	jkobject:GCjqQtGwPzkY	jkobject:GCjqQtGwPzkY	additions	20260624-shared-var	metadata-only collection manifest; use obs->X->var links for payload resolution	shared_exact_hash	prism_collection/GSE215253/var.h5ad	ysQiMoClywCM6nLj0002	7JRoKFVO6_ei0lwyGJabEg	prism_collection/GSE215253
prism_collection/GSE215253	GSE215253	PRISM	TNY9iP8AMN6dDy640000	prism_collection/GSE215253/chunk_0033/obs.parquet	canonical_obs	prism_collection/GSE215253	prism_collection/GSE215253/chunk_0033	chunk	chunk_0033	33	5000	36601	unknown					scRNA-seq	unknown	CRISPR	unknown	unknown	unknown	True	True	False	False	triplet-integrity-ok	2	original	jkobject:GCjqQtGwPzkY	jkobject:GCjqQtGwPzkY	additions	20260624-shared-var	metadata-only collection manifest; use obs->X->var links for payload resolution	shared_exact_hash	prism_collection/GSE215253/var.h5ad	ysQiMoClywCM6nLj0002	7JRoKFVO6_ei0lwyGJabEg	prism_collection/GSE215253
prism_collection/GSE215253	GSE215253	PRISM	o2Sn4eGFCJ0scm2q0000	prism_collection/GSE215253/chunk_0034/obs.parquet	canonical_obs	prism_collection/GSE215253	prism_collection/GSE215253/chunk_0034	chunk	chunk_0034	34	5000	36601	unknown					scRNA-seq	unknown	CRISPR	unknown	unknown	unknown	True	True	False	False	triplet-integrity-ok	2	original	jkobject:GCjqQtGwPzkY	jkobject:GCjqQtGwPzkY	additions	20260624-shared-var	metadata-only collection manifest; use obs->X->var links for payload resolution	shared_exact_hash	prism_collection/GSE215253/var.h5ad	ysQiMoClywCM6nLj0002	7JRoKFVO6_ei0lwyGJabEg	prism_collection/GSE215253
prism_collection/GSE215253	GSE215253	PRISM	RX1D82omUD5WvAye0000	prism_collection/GSE215253/chunk_0035/obs.parquet	canonical_obs	prism_collection/GSE215253	prism_collection/GSE215253/chunk_0035	chunk	chunk_0035	35	5000	36601	unknown					scRNA-seq	unknown	CRISPR	unknown	unknown	unknown	True	True	False	False	triplet-integrity-ok	2	original	jkobject:GCjqQtGwPzkY	jkobject:GCjqQtGwPzkY	additions	20260624-shared-var	metadata-only collection manifest; use obs->X->var links for payload resolution	shared_exact_hash	prism_collection/GSE215253/var.h5ad	ysQiMoClywCM6nLj0002	7JRoKFVO6_ei0lwyGJabEg	prism_collection/GSE215253
prism_collection/GSE215253	GSE215253	PRISM	2j3yOP4JHe2zRV9E0000	prism_collection/GSE215253/chunk_0036/obs.parquet	canonical_obs	prism_collection/GSE215253	prism_collection/GSE215253/chunk_0036	chunk	chunk_0036	36	5000	36601	unknown					scRNA-seq	unknown	CRISPR	unknown	unknown	unknown	True	True	True	False	triplet-integrity-ok	2	original	jkobject:GCjqQtGwPzkY	jkobject:GCjqQtGwPzkY	additions	20260624-shared-var	metadata-only collection manifest; use obs->X->var links for payload resolution	shared_exact_hash	prism_collection/GSE215253/var.h5ad	ysQiMoClywCM6nLj0002	7JRoKFVO6_ei0lwyGJabEg	prism_collection/GSE215253
prism_collection/GSE215253	GSE215253	PRISM	D0D8ROHz6WZ79UgB0000	prism_collection/GSE215253/chunk_0037/obs.parquet	canonical_obs	prism_collection/GSE215253	prism_collection/GSE215253/chunk_0037	chunk	chunk_0037	37	5000	36601	unknown					scRNA-seq	unknown	CRISPR	unknown	unknown	unknown	True	True	False	False	triplet-integrity-ok	2	original	jkobject:GCjqQtGwPzkY	jkobject:GCjqQtGwPzkY	additions	20260624-shared-var	metadata-only collection manifest; use obs->X->var links for payload resolution	shared_exact_hash	prism_collection/GSE215253/var.h5ad	ysQiMoClywCM6nLj0002	7JRoKFVO6_ei0lwyGJabEg	prism_collection/GSE215253
prism_collection/GSE215253	GSE215253	PRISM	8T6SXQFmekKwWDzN0000	prism_collection/GSE215253/chunk_0038/obs.parquet	canonical_obs	prism_collection/GSE215253	prism_collection/GSE215253/chunk_0038	chunk	chunk_0038	38	5000	36601	unknown					scRNA-seq	unknown	CRISPR	unknown	unknown	unknown	True	True	False	False	triplet-integrity-ok	2	original	jkobject:GCjqQtGwPzkY	jkobject:GCjqQtGwPzkY	additions	20260624-shared-var	metadata-only collection manifest; use obs->X->var links for payload resolution	shared_exact_hash	prism_collection/GSE215253/var.h5ad	ysQiMoClywCM6nLj0002	7JRoKFVO6_ei0lwyGJabEg	prism_collection/GSE215253
prism_collection/GSE215253	GSE215253	PRISM	xiMaUMInDOCOJtMx0000	prism_collection/GSE215253/chunk_0039/obs.parquet	canonical_obs	prism_collection/GSE215253	prism_collection/GSE215253/chunk_0039	chunk	chunk_0039	39	5000	36601	unknown					scRNA-seq	unknown	CRISPR	unknown	unknown	unknown	True	True	False	False	triplet-integrity-ok	2	original	jkobject:GCjqQtGwPzkY	jkobject:GCjqQtGwPzkY	additions	20260624-shared-var	metadata-only collection manifest; use obs->X->var links for payload resolution	shared_exact_hash	prism_collection/GSE215253/var.h5ad	ysQiMoClywCM6nLj0002	7JRoKFVO6_ei0lwyGJabEg	prism_collection/GSE215253
prism_collection/GSE215253	GSE215253	PRISM	iEMNhvis99r2IVvL0000	prism_collection/GSE215253/chunk_0040/obs.parquet	canonical_obs	prism_collection/GSE215253	prism_collection/GSE215253/chunk_0040	chunk	chunk_0040	40	5000	36601	unknown					scRNA-seq	unknown	CRISPR	unknown	unknown	unknown	True	True	False	False	triplet-integrity-ok	2	original	jkobject:GCjqQtGwPzkY	jkobject:GCjqQtGwPzkY	additions	20260624-shared-var	metadata-only collection manifest; use obs->X->var links for payload resolution	shared_exact_hash	prism_collection/GSE215253/var.h5ad	ysQiMoClywCM6nLj0002	7JRoKFVO6_ei0lwyGJabEg	prism_collection/GSE215253
prism_collection/GSE215253	GSE215253	PRISM	lIWuUDofzfBqBCns0000	prism_collection/GSE215253/chunk_0041/obs.parquet	canonical_obs	prism_collection/GSE215253	prism_collection/GSE215253/chunk_0041	chunk	chunk_0041	41	5000	36601	unknown					scRNA-seq	unknown	CRISPR	unknown	unknown	unknown	True	True	False	False	triplet-integrity-ok	2	original	jkobject:GCjqQtGwPzkY	jkobject:GCjqQtGwPzkY	additions	20260624-shared-var	metadata-only collection manifest; use obs->X->var links for payload resolution	shared_exact_hash	prism_collection/GSE215253/var.h5ad	ysQiMoClywCM6nLj0002	7JRoKFVO6_ei0lwyGJabEg	prism_collection/GSE215253
prism_collection/GSE215253	GSE215253	PRISM	qSiSqJKmNotCwDhR0000	prism_collection/GSE215253/chunk_0042/obs.parquet	canonical_obs	prism_collection/GSE215253	prism_collection/GSE215253/chunk_0042	chunk	chunk_0042	42	5000	36601	unknown					scRNA-seq	unknown	CRISPR	unknown	unknown	unknown	True	True	False	False	triplet-integrity-ok	2	original	jkobject:GCjqQtGwPzkY	jkobject:GCjqQtGwPzkY	additions	20260624-shared-var	metadata-only collection manifest; use obs->X->var links for payload resolution	shared_exact_hash	prism_collection/GSE215253/var.h5ad	ysQiMoClywCM6nLj0002	7JRoKFVO6_ei0lwyGJabEg	prism_collection/GSE215253
prism_collection/GSE215253	GSE215253	PRISM	kfZULA8SHEADY3MK0000	prism_collection/GSE215253/chunk_0043/obs.parquet	canonical_obs	prism_collection/GSE215253	prism_collection/GSE215253/chunk_0043	chunk	chunk_0043	43	5000	36601	unknown					scRNA-seq	unknown	CRISPR	unknown	unknown	unknown	True	True	False	False	triplet-integrity-ok	2	original	jkobject:GCjqQtGwPzkY	jkobject:GCjqQtGwPzkY	additions	20260624-shared-var	metadata-only collection manifest; use obs->X->var links for payload resolution	shared_exact_hash	prism_collection/GSE215253/var.h5ad	ysQiMoClywCM6nLj0002	7JRoKFVO6_ei0lwyGJabEg	prism_collection/GSE215253
prism_collection/GSE215253	GSE215253	PRISM	kAXtnyx2IaO2Wtmx0000	prism_collection/GSE215253/chunk_0044/obs.parquet	canonical_obs	prism_collection/GSE215253	prism_collection/GSE215253/chunk_0044	chunk	chunk_0044	44	5000	36601	unknown					scRNA-seq	unknown	CRISPR	unknown	unknown	unknown	True	True	False	False	triplet-integrity-ok	2	original	jkobject:GCjqQtGwPzkY	jkobject:GCjqQtGwPzkY	additions	20260624-shared-var	metadata-only collection manifest; use obs->X->var links for payload resolution	shared_exact_hash	prism_collection/GSE215253/var.h5ad	ysQiMoClywCM6nLj0002	7JRoKFVO6_ei0lwyGJabEg	prism_collection/GSE215253
prism_collection/GSE215253	GSE215253	PRISM	94g3bjrVIFhd2euZ0000	prism_collection/GSE215253/chunk_0045/obs.parquet	canonical_obs	prism_collection/GSE215253	prism_collection/GSE215253/chunk_0045	chunk	chunk_0045	45	5000	36601	unknown					scRNA-seq	unknown	CRISPR	unknown	unknown	unknown	True	True	False	False	triplet-integrity-ok	2	original	jkobject:GCjqQtGwPzkY	jkobject:GCjqQtGwPzkY	additions	20260624-shared-var	metadata-only collection manifest; use obs->X->var links for payload resolution	shared_exact_hash	prism_collection/GSE215253/var.h5ad	ysQiMoClywCM6nLj0002	7JRoKFVO6_ei0lwyGJabEg	prism_collection/GSE215253
prism_collection/GSE215253	GSE215253	PRISM	4uzOtYLNrs1wZVk80000	prism_collection/GSE215253/chunk_0046/obs.parquet	canonical_obs	prism_collection/GSE215253	prism_collection/GSE215253/chunk_0046	chunk	chunk_0046	46	5000	36601	unknown					scRNA-seq	unknown	CRISPR	unknown	unknown	unknown	True	True	False	False	triplet-integrity-ok	2	original	jkobject:GCjqQtGwPzkY	jkobject:GCjqQtGwPzkY	additions	20260624-shared-var	metadata-only collection manifest; use obs->X->var links for payload resolution	shared_exact_hash	prism_collection/GSE215253/var.h5ad	ysQiMoClywCM6nLj0002	7JRoKFVO6_ei0lwyGJabEg	prism_collection/GSE215253
prism_collection/GSE215253	GSE215253	PRISM	byoqX9SHZhnRADtj0000	prism_collection/GSE215253/chunk_0047/obs.parquet	canonical_obs	prism_collection/GSE215253	prism_collection/GSE215253/chunk_0047	chunk	chunk_0047	47	5000	36601	unknown					scRNA-seq	unknown	CRISPR	unknown	unknown	unknown	True	True	False	False	triplet-integrity-ok	2	original	jkobject:GCjqQtGwPzkY	jkobject:GCjqQtGwPzkY	additions	20260624-shared-var	metadata-only collection manifest; use obs->X->var links for payload resolution	shared_exact_hash	prism_collection/GSE215253/var.h5ad	ysQiMoClywCM6nLj0002	7JRoKFVO6_ei0lwyGJabEg	prism_collection/GSE215253
prism_collection/GSE215253	GSE215253	PRISM	JvjcWSkV6hCOv3TU0000	prism_collection/GSE215253/chunk_0048/obs.parquet	canonical_obs	prism_collection/GSE215253	prism_collection/GSE215253/chunk_0048	chunk	chunk_0048	48	5000	36601	unknown					scRNA-seq	unknown	CRISPR	unknown	unknown	unknown	True	True	False	False	triplet-integrity-ok	2	original	jkobject:GCjqQtGwPzkY	jkobject:GCjqQtGwPzkY	additions	20260624-shared-var	metadata-only collection manifest; use obs->X->var links for payload resolution	shared_exact_hash	prism_collection/GSE215253/var.h5ad	ysQiMoClywCM6nLj0002	7JRoKFVO6_ei0lwyGJabEg	prism_collection/GSE215253
prism_collection/GSE215253	GSE215253	PRISM	PFcGIkEeXHMYEgng0000	prism_collection/GSE215253/chunk_0049/obs.parquet	canonical_obs	prism_collection/GSE215253	prism_collection/GSE215253/chunk_0049	chunk	chunk_0049	49	5000	36601	unknown					scRNA-seq	unknown	CRISPR	unknown	unknown	unknown	True	True	False	False	triplet-integrity-ok	2	original	jkobject:GCjqQtGwPzkY	jkobject:GCjqQtGwPzkY	additions	20260624-shared-var	metadata-only collection manifest; use obs->X->var links for payload resolution	shared_exact_hash	prism_collection/GSE215253/var.h5ad	ysQiMoClywCM6nLj0002	7JRoKFVO6_ei0lwyGJabEg	prism_collection/GSE215253
prism_collection/GSE215253	GSE215253	PRISM	LNQsjSLml3tcVPVx0000	prism_collection/GSE215253/chunk_0050/obs.parquet	canonical_obs	prism_collection/GSE215253	prism_collection/GSE215253/chunk_0050	chunk	chunk_0050	50	5000	36601	unknown					scRNA-seq	unknown	CRISPR	unknown	unknown	unknown	True	True	False	False	triplet-integrity-ok	2	original	jkobject:GCjqQtGwPzkY	jkobject:GCjqQtGwPzkY	additions	20260624-shared-var	metadata-only collection manifest; use obs->X->var links for payload resolution	shared_exact_hash	prism_collection/GSE215253/var.h5ad	ysQiMoClywCM6nLj0002	7JRoKFVO6_ei0lwyGJabEg	prism_collection/GSE215253
prism_collection/GSE215253	GSE215253	PRISM	JMu8okoj4YWOY2la0000	prism_collection/GSE215253/chunk_0051/obs.parquet	canonical_obs	prism_collection/GSE215253	prism_collection/GSE215253/chunk_0051	chunk	chunk_0051	51	5000	36601	unknown					scRNA-seq	unknown	CRISPR	unknown	unknown	unknown	True	True	False	False	triplet-integrity-ok	2	original	jkobject:GCjqQtGwPzkY	jkobject:GCjqQtGwPzkY	additions	20260624-shared-var	metadata-only collection manifest; use obs->X->var links for payload resolution	shared_exact_hash	prism_collection/GSE215253/var.h5ad	ysQiMoClywCM6nLj0002	7JRoKFVO6_ei0lwyGJabEg	prism_collection/GSE215253
prism_collection/GSE215253	GSE215253	PRISM	wKWtiKfgd0JDFMPV0000	prism_collection/GSE215253/chunk_0052/obs.parquet	canonical_obs	prism_collection/GSE215253	prism_collection/GSE215253/chunk_0052	chunk	chunk_0052	52	5000	36601	unknown					scRNA-seq	unknown	CRISPR	unknown	unknown	unknown	True	True	False	False	triplet-integrity-ok	2	original	jkobject:GCjqQtGwPzkY	jkobject:GCjqQtGwPzkY	additions	20260624-shared-var	metadata-only collection manifest; use obs->X->var links for payload resolution	shared_exact_hash	prism_collection/GSE215253/var.h5ad	ysQiMoClywCM6nLj0002	7JRoKFVO6_ei0lwyGJabEg	prism_collection/GSE215253
prism_collection/GSE215253	GSE215253	PRISM	riWsjxGFB7gZnyUZ0000	prism_collection/GSE215253/chunk_0053/obs.parquet	canonical_obs	prism_collection/GSE215253	prism_collection/GSE215253/chunk_0053	chunk	chunk_0053	53	5000	36601	unknown					scRNA-seq	unknown	CRISPR	unknown	unknown	unknown	True	True	False	False	triplet-integrity-ok	2	original	jkobject:GCjqQtGwPzkY	jkobject:GCjqQtGwPzkY	additions	20260624-shared-var	metadata-only collection manifest; use obs->X->var links for payload resolution	shared_exact_hash	prism_collection/GSE215253/var.h5ad	ysQiMoClywCM6nLj0002	7JRoKFVO6_ei0lwyGJabEg	prism_collection/GSE215253
prism_collection/GSE215253	GSE215253	PRISM	gHiE7m7IPODyuUwb0000	prism_collection/GSE215253/chunk_0054/obs.parquet	canonical_obs	prism_collection/GSE215253	prism_collection/GSE215253/chunk_0054	chunk	chunk_0054	54	5000	36601	unknown					scRNA-seq	unknown	CRISPR	unknown	unknown	unknown	True	True	False	False	triplet-integrity-ok	2	original	jkobject:GCjqQtGwPzkY	jkobject:GCjqQtGwPzkY	additions	20260624-shared-var	metadata-only collection manifest; use obs->X->var links for payload resolution	shared_exact_hash	prism_collection/GSE215253/var.h5ad	ysQiMoClywCM6nLj0002	7JRoKFVO6_ei0lwyGJabEg	prism_collection/GSE215253
prism_collection/GSE215253	GSE215253	PRISM	3QRue5U2HS8BtF6m0000	prism_collection/GSE215253/chunk_0055/obs.parquet	canonical_obs	prism_collection/GSE215253	prism_collection/GSE215253/chunk_0055	chunk	chunk_0055	55	5000	36601	unknown					scRNA-seq	unknown	CRISPR	unknown	unknown	unknown	True	True	False	False	triplet-integrity-ok	2	original	jkobject:GCjqQtGwPzkY	jkobject:GCjqQtGwPzkY	additions	20260624-shared-var	metadata-only collection manifest; use obs->X->var links for payload resolution	shared_exact_hash	prism_collection/GSE215253/var.h5ad	ysQiMoClywCM6nLj0002	7JRoKFVO6_ei0lwyGJabEg	prism_collection/GSE215253
prism_collection/GSE215253	GSE215253	PRISM	NOab1rQ0YnaX5GNq0000	prism_collection/GSE215253/chunk_0056/obs.parquet	canonical_obs	prism_collection/GSE215253	prism_collection/GSE215253/chunk_0056	chunk	chunk_0056	56	5000	36601	unknown					scRNA-seq	unknown	CRISPR	unknown	unknown	unknown	True	True	False	False	triplet-integrity-ok	2	original	jkobject:GCjqQtGwPzkY	jkobject:GCjqQtGwPzkY	additions	20260624-shared-var	metadata-only collection manifest; use obs->X->var links for payload resolution	shared_exact_hash	prism_collection/GSE215253/var.h5ad	ysQiMoClywCM6nLj0002	7JRoKFVO6_ei0lwyGJabEg	prism_collection/GSE215253
prism_collection/GSE215253	GSE215253	PRISM	JrsqrFLMt6kJbnnL0000	prism_collection/GSE215253/chunk_0057/obs.parquet	canonical_obs	prism_collection/GSE215253	prism_collection/GSE215253/chunk_0057	chunk	chunk_0057	57	5000	36601	unknown					scRNA-seq	unknown	CRISPR	unknown	unknown	unknown	True	True	False	False	triplet-integrity-ok	2	original	jkobject:GCjqQtGwPzkY	jkobject:GCjqQtGwPzkY	additions	20260624-shared-var	metadata-only collection manifest; use obs->X->var links for payload resolution	shared_exact_hash	prism_collection/GSE215253/var.h5ad	ysQiMoClywCM6nLj0002	7JRoKFVO6_ei0lwyGJabEg	prism_collection/GSE215253
prism_collection/GSE215253	GSE215253	PRISM	MADOeLBjm1Mtx8iO0000	prism_collection/GSE215253/chunk_0058/obs.parquet	canonical_obs	prism_collection/GSE215253	prism_collection/GSE215253/chunk_0058	chunk	chunk_0058	58	5000	36601	unknown					scRNA-seq	unknown	CRISPR	unknown	unknown	unknown	True	True	False	False	triplet-integrity-ok	2	original	jkobject:GCjqQtGwPzkY	jkobject:GCjqQtGwPzkY	additions	20260624-shared-var	metadata-only collection manifest; use obs->X->var links for payload resolution	shared_exact_hash	prism_collection/GSE215253/var.h5ad	ysQiMoClywCM6nLj0002	7JRoKFVO6_ei0lwyGJabEg	prism_collection/GSE215253
prism_collection/GSE215253	GSE215253	PRISM	Fqr4NAQ8RR1jBoCV0000	prism_collection/GSE215253/chunk_0059/obs.parquet	canonical_obs	prism_collection/GSE215253	prism_collection/GSE215253/chunk_0059	chunk	chunk_0059	59	5000	36601	unknown					scRNA-seq	unknown	CRISPR	unknown	unknown	unknown	True	True	False	False	triplet-integrity-ok	2	original	jkobject:GCjqQtGwPzkY	jkobject:GCjqQtGwPzkY	additions	20260624-shared-var	metadata-only collection manifest; use obs->X->var links for payload resolution	shared_exact_hash	prism_collection/GSE215253/var.h5ad	ysQiMoClywCM6nLj0002	7JRoKFVO6_ei0lwyGJabEg	prism_collection/GSE215253
prism_collection/GSE215253	GSE215253	PRISM	Plnk7Akes9IOYdt70000	prism_collection/GSE215253/chunk_0060/obs.parquet	canonical_obs	prism_collection/GSE215253	prism_collection/GSE215253/chunk_0060	chunk	chunk_0060	60	5000	36601	unknown					scRNA-seq	unknown	CRISPR	unknown	unknown	unknown	True	True	False	False	triplet-integrity-ok	2	original	jkobject:GCjqQtGwPzkY	jkobject:GCjqQtGwPzkY	additions	20260624-shared-var	metadata-only collection manifest; use obs->X->var links for payload resolution	shared_exact_hash	prism_collection/GSE215253/var.h5ad	ysQiMoClywCM6nLj0002	7JRoKFVO6_ei0lwyGJabEg	prism_collection/GSE215253
prism_collection/GSE215253	GSE215253	PRISM	pIo4WfQ5n6DkKXmz0000	prism_collection/GSE215253/chunk_0061/obs.parquet	canonical_obs	prism_collection/GSE215253	prism_collection/GSE215253/chunk_0061	chunk	chunk_0061	61	5000	36601	unknown					scRNA-seq	unknown	CRISPR	unknown	unknown	unknown	True	True	False	False	triplet-integrity-ok	2	original	jkobject:GCjqQtGwPzkY	jkobject:GCjqQtGwPzkY	additions	20260624-shared-var	metadata-only collection manifest; use obs->X->var links for payload resolution	shared_exact_hash	prism_collection/GSE215253/var.h5ad	ysQiMoClywCM6nLj0002	7JRoKFVO6_ei0lwyGJabEg	prism_collection/GSE215253
prism_collection/GSE215253	GSE215253	PRISM	UunaF3E6GOQr5sRW0000	prism_collection/GSE215253/chunk_0062/obs.parquet	canonical_obs	prism_collection/GSE215253	prism_collection/GSE215253/chunk_0062	chunk	chunk_0062	62	5000	36601	unknown					scRNA-seq	unknown	CRISPR	unknown	unknown	unknown	True	True	False	False	triplet-integrity-ok	2	original	jkobject:GCjqQtGwPzkY	jkobject:GCjqQtGwPzkY	additions	20260624-shared-var	metadata-only collection manifest; use obs->X->var links for payload resolution	shared_exact_hash	prism_collection/GSE215253/var.h5ad	ysQiMoClywCM6nLj0002	7JRoKFVO6_ei0lwyGJabEg	prism_collection/GSE215253
prism_collection/GSE215253	GSE215253	PRISM	XuGfAsLdzVxzOPRQ0000	prism_collection/GSE215253/chunk_0063/obs.parquet	canonical_obs	prism_collection/GSE215253	prism_collection/GSE215253/chunk_0063	chunk	chunk_0063	63	5000	36601	unknown					scRNA-seq	unknown	CRISPR	unknown	unknown	unknown	True	True	False	False	triplet-integrity-ok	2	original	jkobject:GCjqQtGwPzkY	jkobject:GCjqQtGwPzkY	additions	20260624-shared-var	metadata-only collection manifest; use obs->X->var links for payload resolution	shared_exact_hash	prism_collection/GSE215253/var.h5ad	ysQiMoClywCM6nLj0002	7JRoKFVO6_ei0lwyGJabEg	prism_collection/GSE215253
prism_collection/GSE215253	GSE215253	PRISM	5EYNsrl5gll50PX40000	prism_collection/GSE215253/chunk_0064/obs.parquet	canonical_obs	prism_collection/GSE215253	prism_collection/GSE215253/chunk_0064	chunk	chunk_0064	64	5000	36601	unknown					scRNA-seq	unknown	CRISPR	unknown	unknown	unknown	True	True	True	False	triplet-integrity-ok	2	original	jkobject:GCjqQtGwPzkY	jkobject:GCjqQtGwPzkY	additions	20260624-shared-var	metadata-only collection manifest; use obs->X->var links for payload resolution	shared_exact_hash	prism_collection/GSE215253/var.h5ad	ysQiMoClywCM6nLj0002	7JRoKFVO6_ei0lwyGJabEg	prism_collection/GSE215253
prism_collection/GSE215253	GSE215253	PRISM	D3HjjlGZUTJvdWkH0000	prism_collection/GSE215253/chunk_0065/obs.parquet	canonical_obs	prism_collection/GSE215253	prism_collection/GSE215253/chunk_0065	chunk	chunk_0065	65	5000	36601	unknown					scRNA-seq	unknown	CRISPR	unknown	unknown	unknown	True	True	False	False	triplet-integrity-ok	2	original	jkobject:GCjqQtGwPzkY	jkobject:GCjqQtGwPzkY	additions	20260624-shared-var	metadata-only collection manifest; use obs->X->var links for payload resolution	shared_exact_hash	prism_collection/GSE215253/var.h5ad	ysQiMoClywCM6nLj0002	7JRoKFVO6_ei0lwyGJabEg	prism_collection/GSE215253
prism_collection/GSE215253	GSE215253	PRISM	W894yl6o8JnKIVIa0000	prism_collection/GSE215253/chunk_0066/obs.parquet	canonical_obs	prism_collection/GSE215253	prism_collection/GSE215253/chunk_0066	chunk	chunk_0066	66	5000	36601	unknown					scRNA-seq	unknown	CRISPR	unknown	unknown	unknown	True	True	False	False	triplet-integrity-ok	2	original	jkobject:GCjqQtGwPzkY	jkobject:GCjqQtGwPzkY	additions	20260624-shared-var	metadata-only collection manifest; use obs->X->var links for payload resolution	shared_exact_hash	prism_collection/GSE215253/var.h5ad	ysQiMoClywCM6nLj0002	7JRoKFVO6_ei0lwyGJabEg	prism_collection/GSE215253
prism_collection/GSE215253	GSE215253	PRISM	1FWnhoVMvjVUrV4f0000	prism_collection/GSE215253/chunk_0067/obs.parquet	canonical_obs	prism_collection/GSE215253	prism_collection/GSE215253/chunk_0067	chunk	chunk_0067	67	5000	36601	unknown					scRNA-seq	unknown	CRISPR	unknown	unknown	unknown	True	True	False	False	triplet-integrity-ok	2	original	jkobject:GCjqQtGwPzkY	jkobject:GCjqQtGwPzkY	additions	20260624-shared-var	metadata-only collection manifest; use obs->X->var links for payload resolution	shared_exact_hash	prism_collection/GSE215253/var.h5ad	ysQiMoClywCM6nLj0002	7JRoKFVO6_ei0lwyGJabEg	prism_collection/GSE215253
prism_collection/GSE215253	GSE215253	PRISM	vntkLAfXeVfhz5v20000	prism_collection/GSE215253/chunk_0068/obs.parquet	canonical_obs	prism_collection/GSE215253	prism_collection/GSE215253/chunk_0068	chunk	chunk_0068	68	5000	36601	unknown					scRNA-seq	unknown	CRISPR	unknown	unknown	unknown	True	True	False	False	triplet-integrity-ok	2	original	jkobject:GCjqQtGwPzkY	jkobject:GCjqQtGwPzkY	additions	20260624-shared-var	metadata-only collection manifest; use obs->X->var links for payload resolution	shared_exact_hash	prism_collection/GSE215253/var.h5ad	ysQiMoClywCM6nLj0002	7JRoKFVO6_ei0lwyGJabEg	prism_collection/GSE215253
prism_collection/GSE215253	GSE215253	PRISM	9ArbVhqagXxhBMmt0000	prism_collection/GSE215253/chunk_0069/obs.parquet	canonical_obs	prism_collection/GSE215253	prism_collection/GSE215253/chunk_0069	chunk	chunk_0069	69	5000	36601	unknown					scRNA-seq	unknown	CRISPR	unknown	unknown	unknown	True	True	False	False	triplet-integrity-ok	2	original	jkobject:GCjqQtGwPzkY	jkobject:GCjqQtGwPzkY	additions	20260624-shared-var	metadata-only collection manifest; use obs->X->var links for payload resolution	shared_exact_hash	prism_collection/GSE215253/var.h5ad	ysQiMoClywCM6nLj0002	7JRoKFVO6_ei0lwyGJabEg	prism_collection/GSE215253
prism_collection/GSE215253	GSE215253	PRISM	TxzJPqKHKxkKzf5s0000	prism_collection/GSE215253/chunk_0070/obs.parquet	canonical_obs	prism_collection/GSE215253	prism_collection/GSE215253/chunk_0070	chunk	chunk_0070	70	5000	36601	unknown					scRNA-seq	unknown	CRISPR	unknown	unknown	unknown	True	True	False	False	triplet-integrity-ok	2	original	jkobject:GCjqQtGwPzkY	jkobject:GCjqQtGwPzkY	additions	20260624-shared-var	metadata-only collection manifest; use obs->X->var links for payload resolution	shared_exact_hash	prism_collection/GSE215253/var.h5ad	ysQiMoClywCM6nLj0002	7JRoKFVO6_ei0lwyGJabEg	prism_collection/GSE215253
prism_collection/GSE215253	GSE215253	PRISM	DAl1xTkzFgfIPL0C0000	prism_collection/GSE215253/chunk_0071/obs.parquet	canonical_obs	prism_collection/GSE215253	prism_collection/GSE215253/chunk_0071	chunk	chunk_0071	71	5000	36601	unknown					scRNA-seq	unknown	CRISPR	unknown	unknown	unknown	True	True	False	False	triplet-integrity-ok	2	original	jkobject:GCjqQtGwPzkY	jkobject:GCjqQtGwPzkY	additions	20260624-shared-var	metadata-only collection manifest; use obs->X->var links for payload resolution	shared_exact_hash	prism_collection/GSE215253/var.h5ad	ysQiMoClywCM6nLj0002	7JRoKFVO6_ei0lwyGJabEg	prism_collection/GSE215253
prism_collection/GSE215253	GSE215253	PRISM	aDXkDoXT0kQje5kD0000	prism_collection/GSE215253/chunk_0072/obs.parquet	canonical_obs	prism_collection/GSE215253	prism_collection/GSE215253/chunk_0072	chunk	chunk_0072	72	5000	36601	unknown					scRNA-seq	unknown	CRISPR	unknown	unknown	unknown	True	True	False	False	triplet-integrity-ok	2	original	jkobject:GCjqQtGwPzkY	jkobject:GCjqQtGwPzkY	additions	20260624-shared-var	metadata-only collection manifest; use obs->X->var links for payload resolution	shared_exact_hash	prism_collection/GSE215253/var.h5ad	ysQiMoClywCM6nLj0002	7JRoKFVO6_ei0lwyGJabEg	prism_collection/GSE215253
prism_collection/GSE215253	GSE215253	PRISM	tvJmtgldqlwJbHKs0000	prism_collection/GSE215253/chunk_0073/obs.parquet	canonical_obs	prism_collection/GSE215253	prism_collection/GSE215253/chunk_0073	chunk	chunk_0073	73	5000	36601	unknown					scRNA-seq	unknown	CRISPR	unknown	unknown	unknown	True	True	False	False	triplet-integrity-ok	2	original	jkobject:GCjqQtGwPzkY	jkobject:GCjqQtGwPzkY	additions	20260624-shared-var	metadata-only collection manifest; use obs->X->var links for payload resolution	shared_exact_hash	prism_collection/GSE215253/var.h5ad	ysQiMoClywCM6nLj0002	7JRoKFVO6_ei0lwyGJabEg	prism_collection/GSE215253
prism_collection/GSE215253	GSE215253	PRISM	PmowpDJVSjWlBJ4E0000	prism_collection/GSE215253/chunk_0074/obs.parquet	canonical_obs	prism_collection/GSE215253	prism_collection/GSE215253/chunk_0074	chunk	chunk_0074	74	636	36601	unknown					scRNA-seq	unknown	CRISPR	unknown	unknown	unknown	True	True	False	False	triplet-integrity-ok	2	original	jkobject:GCjqQtGwPzkY	jkobject:GCjqQtGwPzkY	additions	20260624-shared-var	metadata-only collection manifest; use obs->X->var links for payload resolution	shared_exact_hash	prism_collection/GSE215253/var.h5ad	ysQiMoClywCM6nLj0002	7JRoKFVO6_ei0lwyGJabEg	prism_collection/GSE215253
prism_collection/GSE216673	GSE216673	PRISM	yPps6c2SFmBTnrwW0000	prism_collection/GSE216673/chunk_0000/obs.parquet	canonical_obs	prism_collection/GSE216673	prism_collection/GSE216673/chunk_0000	chunk	chunk_0000	0	5000	36601	unknown					scRNA-seq	unknown	CRISPR	unknown	unknown	unknown	True	True	False	False	triplet-integrity-ok	2	original	jkobject:GCjqQtGwPzkY	jkobject:GCjqQtGwPzkY	additions	20260624-shared-var	metadata-only collection manifest; use obs->X->var links for payload resolution	shared_exact_hash	prism_collection/GSE216673/var.h5ad	kHSvC3IxNff6Zklo0002	5P8RPzrCArRc1xEOORm19A	prism_collection/GSE216673
prism_collection/GSE216673	GSE216673	PRISM	2TCECPD8fBioXh6S0000	prism_collection/GSE216673/chunk_0001/obs.parquet	canonical_obs	prism_collection/GSE216673	prism_collection/GSE216673/chunk_0001	chunk	chunk_0001	1	5000	36601	unknown					scRNA-seq	unknown	CRISPR	unknown	unknown	unknown	True	True	False	False	triplet-integrity-ok	2	original	jkobject:GCjqQtGwPzkY	jkobject:GCjqQtGwPzkY	additions	20260624-shared-var	metadata-only collection manifest; use obs->X->var links for payload resolution	shared_exact_hash	prism_collection/GSE216673/var.h5ad	kHSvC3IxNff6Zklo0002	5P8RPzrCArRc1xEOORm19A	prism_collection/GSE216673
prism_collection/GSE216673	GSE216673	PRISM	4QvVNTU2Y0Q6Rr1X0000	prism_collection/GSE216673/chunk_0002/obs.parquet	canonical_obs	prism_collection/GSE216673	prism_collection/GSE216673/chunk_0002	chunk	chunk_0002	2	5000	36601	unknown					scRNA-seq	unknown	CRISPR	unknown	unknown	unknown	True	True	False	False	triplet-integrity-ok	2	original	jkobject:GCjqQtGwPzkY	jkobject:GCjqQtGwPzkY	additions	20260624-shared-var	metadata-only collection manifest; use obs->X->var links for payload resolution	shared_exact_hash	prism_collection/GSE216673/var.h5ad	kHSvC3IxNff6Zklo0002	5P8RPzrCArRc1xEOORm19A	prism_collection/GSE216673
prism_collection/GSE216673	GSE216673	PRISM	VUXVBp7ARbJuNZbR0000	prism_collection/GSE216673/chunk_0003/obs.parquet	canonical_obs	prism_collection/GSE216673	prism_collection/GSE216673/chunk_0003	chunk	chunk_0003	3	5000	36601	unknown					scRNA-seq	unknown	CRISPR	unknown	unknown	unknown	True	True	False	False	triplet-integrity-ok	2	original	jkobject:GCjqQtGwPzkY	jkobject:GCjqQtGwPzkY	additions	20260624-shared-var	metadata-only collection manifest; use obs->X->var links for payload resolution	shared_exact_hash	prism_collection/GSE216673/var.h5ad	kHSvC3IxNff6Zklo0002	5P8RPzrCArRc1xEOORm19A	prism_collection/GSE216673
prism_collection/GSE216673	GSE216673	PRISM	2HTsyl43CJoAOfBb0000	prism_collection/GSE216673/chunk_0004/obs.parquet	canonical_obs	prism_collection/GSE216673	prism_collection/GSE216673/chunk_0004	chunk	chunk_0004	4	5000	36601	unknown					scRNA-seq	unknown	CRISPR	unknown	unknown	unknown	True	True	False	False	triplet-integrity-ok	2	original	jkobject:GCjqQtGwPzkY	jkobject:GCjqQtGwPzkY	additions	20260624-shared-var	metadata-only collection manifest; use obs->X->var links for payload resolution	shared_exact_hash	prism_collection/GSE216673/var.h5ad	kHSvC3IxNff6Zklo0002	5P8RPzrCArRc1xEOORm19A	prism_collection/GSE216673
prism_collection/GSE216673	GSE216673	PRISM	9GnDXXmK3mO8OsqW0000	prism_collection/GSE216673/chunk_0005/obs.parquet	canonical_obs	prism_collection/GSE216673	prism_collection/GSE216673/chunk_0005	chunk	chunk_0005	5	5000	36601	unknown					scRNA-seq	unknown	CRISPR	unknown	unknown	unknown	True	True	False	False	triplet-integrity-ok	2	original	jkobject:GCjqQtGwPzkY	jkobject:GCjqQtGwPzkY	additions	20260624-shared-var	metadata-only collection manifest; use obs->X->var links for payload resolution	shared_exact_hash	prism_collection/GSE216673/var.h5ad	kHSvC3IxNff6Zklo0002	5P8RPzrCArRc1xEOORm19A	prism_collection/GSE216673
prism_collection/GSE216673	GSE216673	PRISM	kwMHsLHQVK0qHEI40000	prism_collection/GSE216673/chunk_0006/obs.parquet	canonical_obs	prism_collection/GSE216673	prism_collection/GSE216673/chunk_0006	chunk	chunk_0006	6	5000	36601	unknown					scRNA-seq	unknown	CRISPR	unknown	unknown	unknown	True	True	False	False	triplet-integrity-ok	2	original	jkobject:GCjqQtGwPzkY	jkobject:GCjqQtGwPzkY	additions	20260624-shared-var	metadata-only collection manifest; use obs->X->var links for payload resolution	shared_exact_hash	prism_collection/GSE216673/var.h5ad	kHSvC3IxNff6Zklo0002	5P8RPzrCArRc1xEOORm19A	prism_collection/GSE216673
prism_collection/GSE216673	GSE216673	PRISM	xX5pw5CUBxkxHeNx0000	prism_collection/GSE216673/chunk_0007/obs.parquet	canonical_obs	prism_collection/GSE216673	prism_collection/GSE216673/chunk_0007	chunk	chunk_0007	7	5000	36601	unknown					scRNA-seq	unknown	CRISPR	unknown	unknown	unknown	True	True	False	False	triplet-integrity-ok	2	original	jkobject:GCjqQtGwPzkY	jkobject:GCjqQtGwPzkY	additions	20260624-shared-var	metadata-only collection manifest; use obs->X->var links for payload resolution	shared_exact_hash	prism_collection/GSE216673/var.h5ad	kHSvC3IxNff6Zklo0002	5P8RPzrCArRc1xEOORm19A	prism_collection/GSE216673
prism_collection/GSE216673	GSE216673	PRISM	Q5Y8YaUjOMLIzR9h0000	prism_collection/GSE216673/chunk_0008/obs.parquet	canonical_obs	prism_collection/GSE216673	prism_collection/GSE216673/chunk_0008	chunk	chunk_0008	8	5000	36601	unknown					scRNA-seq	unknown	CRISPR	unknown	unknown	unknown	True	True	False	False	triplet-integrity-ok	2	original	jkobject:GCjqQtGwPzkY	jkobject:GCjqQtGwPzkY	additions	20260624-shared-var	metadata-only collection manifest; use obs->X->var links for payload resolution	shared_exact_hash	prism_collection/GSE216673/var.h5ad	kHSvC3IxNff6Zklo0002	5P8RPzrCArRc1xEOORm19A	prism_collection/GSE216673
prism_collection/GSE216673	GSE216673	PRISM	PuFG7Lp3pcOmsgZG0000	prism_collection/GSE216673/chunk_0009/obs.parquet	canonical_obs	prism_collection/GSE216673	prism_collection/GSE216673/chunk_0009	chunk	chunk_0009	9	5000	36601	unknown					scRNA-seq	unknown	CRISPR	unknown	unknown	unknown	True	True	False	False	triplet-integrity-ok	2	original	jkobject:GCjqQtGwPzkY	jkobject:GCjqQtGwPzkY	additions	20260624-shared-var	metadata-only collection manifest; use obs->X->var links for payload resolution	shared_exact_hash	prism_collection/GSE216673/var.h5ad	kHSvC3IxNff6Zklo0002	5P8RPzrCArRc1xEOORm19A	prism_collection/GSE216673
prism_collection/GSE216673	GSE216673	PRISM	hfCmYrFK7QKiLcNT0000	prism_collection/GSE216673/chunk_0010/obs.parquet	canonical_obs	prism_collection/GSE216673	prism_collection/GSE216673/chunk_0010	chunk	chunk_0010	10	5000	36601	unknown					scRNA-seq	unknown	CRISPR	unknown	unknown	unknown	True	True	False	False	triplet-integrity-ok	2	original	jkobject:GCjqQtGwPzkY	jkobject:GCjqQtGwPzkY	additions	20260624-shared-var	metadata-only collection manifest; use obs->X->var links for payload resolution	shared_exact_hash	prism_collection/GSE216673/var.h5ad	kHSvC3IxNff6Zklo0002	5P8RPzrCArRc1xEOORm19A	prism_collection/GSE216673
prism_collection/GSE216673	GSE216673	PRISM	Pm7nG2j65AVkM0mX0000	prism_collection/GSE216673/chunk_0011/obs.parquet	canonical_obs	prism_collection/GSE216673	prism_collection/GSE216673/chunk_0011	chunk	chunk_0011	11	156	36601	unknown					scRNA-seq	unknown	CRISPR	unknown	unknown	unknown	True	True	False	False	triplet-integrity-ok	2	original	jkobject:GCjqQtGwPzkY	jkobject:GCjqQtGwPzkY	additions	20260624-shared-var	metadata-only collection manifest; use obs->X->var links for payload resolution	shared_exact_hash	prism_collection/GSE216673/var.h5ad	kHSvC3IxNff6Zklo0002	5P8RPzrCArRc1xEOORm19A	prism_collection/GSE216673
prism_collection/GSE217812	GSE217812	PRISM	gysRpkP8jIzBnNuY0000	prism_collection/GSE217812/obs.parquet	canonical_obs	prism_collection/GSE217812	prism_collection/GSE217812	none			29889	33579	unknown					scRNA-seq	unknown	CRISPR	unknown	unknown	unknown	True	True	False	True	triplet-integrity-ok	2	original	jkobject:GCjqQtGwPzkY	jkobject:GCjqQtGwPzkY	additions	20260624-shared-var	metadata-only collection manifest; use obs->X->var links for payload resolution	same_prefix	prism_collection/GSE217812/var.parquet			
prism_collection/GSE219317	GSE219317	PRISM	lRpuu71RQv07CQfB0000	prism_collection/GSE219317/chunk_0000/obs.parquet	canonical_obs	prism_collection/GSE219317	prism_collection/GSE219317/chunk_0000	chunk	chunk_0000	0	1000	27776	unknown					scRNA-seq	unknown	CRISPR	unknown	unknown	unknown	True	True	False	False	triplet-integrity-ok	2	original	jkobject:GCjqQtGwPzkY	jkobject:GCjqQtGwPzkY	additions	20260624-shared-var	metadata-only collection manifest; use obs->X->var links for payload resolution	shared_exact_hash	prism_collection/GSE219317/var.h5ad	6ZjtctMGLD6ILh6F0002	LV1i60eKJwzJzhkgZr8iFw	prism_collection/GSE219317
prism_collection/GSE219317	GSE219317	PRISM	g1CvhpjtpTtOmpi10000	prism_collection/GSE219317/chunk_0001/obs.parquet	canonical_obs	prism_collection/GSE219317	prism_collection/GSE219317/chunk_0001	chunk	chunk_0001	1	1000	27776	unknown					scRNA-seq	unknown	CRISPR	unknown	unknown	unknown	True	True	False	False	triplet-integrity-ok	2	original	jkobject:GCjqQtGwPzkY	jkobject:GCjqQtGwPzkY	additions	20260624-shared-var	metadata-only collection manifest; use obs->X->var links for payload resolution	shared_exact_hash	prism_collection/GSE219317/var.h5ad	6ZjtctMGLD6ILh6F0002	LV1i60eKJwzJzhkgZr8iFw	prism_collection/GSE219317
prism_collection/GSE219317	GSE219317	PRISM	lCVKRR968enA9Pj10000	prism_collection/GSE219317/chunk_0002/obs.parquet	canonical_obs	prism_collection/GSE219317	prism_collection/GSE219317/chunk_0002	chunk	chunk_0002	2	1000	27776	unknown					scRNA-seq	unknown	CRISPR	unknown	unknown	unknown	True	True	False	False	triplet-integrity-ok	2	original	jkobject:GCjqQtGwPzkY	jkobject:GCjqQtGwPzkY	additions	20260624-shared-var	metadata-only collection manifest; use obs->X->var links for payload resolution	shared_exact_hash	prism_collection/GSE219317/var.h5ad	6ZjtctMGLD6ILh6F0002	LV1i60eKJwzJzhkgZr8iFw	prism_collection/GSE219317
prism_collection/GSE219317	GSE219317	PRISM	DaEjS6Rj3nX4ga6X0000	prism_collection/GSE219317/chunk_0003/obs.parquet	canonical_obs	prism_collection/GSE219317	prism_collection/GSE219317/chunk_0003	chunk	chunk_0003	3	1000	27776	unknown					scRNA-seq	unknown	CRISPR	unknown	unknown	unknown	True	True	False	False	triplet-integrity-ok	2	original	jkobject:GCjqQtGwPzkY	jkobject:GCjqQtGwPzkY	additions	20260624-shared-var	metadata-only collection manifest; use obs->X->var links for payload resolution	shared_exact_hash	prism_collection/GSE219317/var.h5ad	6ZjtctMGLD6ILh6F0002	LV1i60eKJwzJzhkgZr8iFw	prism_collection/GSE219317
prism_collection/GSE219317	GSE219317	PRISM	5obkYakmsrphowk20000	prism_collection/GSE219317/chunk_0004/obs.parquet	canonical_obs	prism_collection/GSE219317	prism_collection/GSE219317/chunk_0004	chunk	chunk_0004	4	1000	27776	unknown					scRNA-seq	unknown	CRISPR	unknown	unknown	unknown	True	True	True	False	triplet-integrity-ok	2	original	jkobject:GCjqQtGwPzkY	jkobject:GCjqQtGwPzkY	additions	20260624-shared-var	metadata-only collection manifest; use obs->X->var links for payload resolution	shared_exact_hash	prism_collection/GSE219317/var.h5ad	6ZjtctMGLD6ILh6F0002	LV1i60eKJwzJzhkgZr8iFw	prism_collection/GSE219317
prism_collection/GSE219317	GSE219317	PRISM	2E2ifsvwF8KFd6B90000	prism_collection/GSE219317/chunk_0005/obs.parquet	canonical_obs	prism_collection/GSE219317	prism_collection/GSE219317/chunk_0005	chunk	chunk_0005	5	1000	27776	unknown					scRNA-seq	unknown	CRISPR	unknown	unknown	unknown	True	True	False	False	triplet-integrity-ok	2	original	jkobject:GCjqQtGwPzkY	jkobject:GCjqQtGwPzkY	additions	20260624-shared-var	metadata-only collection manifest; use obs->X->var links for payload resolution	shared_exact_hash	prism_collection/GSE219317/var.h5ad	6ZjtctMGLD6ILh6F0002	LV1i60eKJwzJzhkgZr8iFw	prism_collection/GSE219317
prism_collection/GSE219317	GSE219317	PRISM	8WMMITeKShQMApFI0000	prism_collection/GSE219317/chunk_0006/obs.parquet	canonical_obs	prism_collection/GSE219317	prism_collection/GSE219317/chunk_0006	chunk	chunk_0006	6	1000	27776	unknown					scRNA-seq	unknown	CRISPR	unknown	unknown	unknown	True	True	False	False	triplet-integrity-ok	2	original	jkobject:GCjqQtGwPzkY	jkobject:GCjqQtGwPzkY	additions	20260624-shared-var	metadata-only collection manifest; use obs->X->var links for payload resolution	shared_exact_hash	prism_collection/GSE219317/var.h5ad	6ZjtctMGLD6ILh6F0002	LV1i60eKJwzJzhkgZr8iFw	prism_collection/GSE219317
prism_collection/GSE219317	GSE219317	PRISM	VgfzA4A7LzGxzhBA0000	prism_collection/GSE219317/chunk_0007/obs.parquet	canonical_obs	prism_collection/GSE219317	prism_collection/GSE219317/chunk_0007	chunk	chunk_0007	7	1000	27776	unknown					scRNA-seq	unknown	CRISPR	unknown	unknown	unknown	True	True	False	False	triplet-integrity-ok	2	original	jkobject:GCjqQtGwPzkY	jkobject:GCjqQtGwPzkY	additions	20260624-shared-var	metadata-only collection manifest; use obs->X->var links for payload resolution	shared_exact_hash	prism_collection/GSE219317/var.h5ad	6ZjtctMGLD6ILh6F0002	LV1i60eKJwzJzhkgZr8iFw	prism_collection/GSE219317
prism_collection/GSE219317	GSE219317	PRISM	q4s62S8LZ6j7dMhs0000	prism_collection/GSE219317/chunk_0008/obs.parquet	canonical_obs	prism_collection/GSE219317	prism_collection/GSE219317/chunk_0008	chunk	chunk_0008	8	1000	27776	unknown					scRNA-seq	unknown	CRISPR	unknown	unknown	unknown	True	True	False	False	triplet-integrity-ok	2	original	jkobject:GCjqQtGwPzkY	jkobject:GCjqQtGwPzkY	additions	20260624-shared-var	metadata-only collection manifest; use obs->X->var links for payload resolution	shared_exact_hash	prism_collection/GSE219317/var.h5ad	6ZjtctMGLD6ILh6F0002	LV1i60eKJwzJzhkgZr8iFw	prism_collection/GSE219317
prism_collection/GSE219317	GSE219317	PRISM	vRzs4edFEX2z9Wqw0000	prism_collection/GSE219317/chunk_0009/obs.parquet	canonical_obs	prism_collection/GSE219317	prism_collection/GSE219317/chunk_0009	chunk	chunk_0009	9	1000	27776	unknown					scRNA-seq	unknown	CRISPR	unknown	unknown	unknown	True	True	False	False	triplet-integrity-ok	2	original	jkobject:GCjqQtGwPzkY	jkobject:GCjqQtGwPzkY	additions	20260624-shared-var	metadata-only collection manifest; use obs->X->var links for payload resolution	shared_exact_hash	prism_collection/GSE219317/var.h5ad	6ZjtctMGLD6ILh6F0002	LV1i60eKJwzJzhkgZr8iFw	prism_collection/GSE219317
prism_collection/GSE219317	GSE219317	PRISM	mRYzTdDWATP4hHJw0000	prism_collection/GSE219317/chunk_0010/obs.parquet	canonical_obs	prism_collection/GSE219317	prism_collection/GSE219317/chunk_0010	chunk	chunk_0010	10	1000	27776	unknown					scRNA-seq	unknown	CRISPR	unknown	unknown	unknown	True	True	False	False	triplet-integrity-ok	2	original	jkobject:GCjqQtGwPzkY	jkobject:GCjqQtGwPzkY	additions	20260624-shared-var	metadata-only collection manifest; use obs->X->var links for payload resolution	shared_exact_hash	prism_collection/GSE219317/var.h5ad	6ZjtctMGLD6ILh6F0002	LV1i60eKJwzJzhkgZr8iFw	prism_collection/GSE219317
prism_collection/GSE219317	GSE219317	PRISM	AfaecCRJtni4y7dA0000	prism_collection/GSE219317/chunk_0011/obs.parquet	canonical_obs	prism_collection/GSE219317	prism_collection/GSE219317/chunk_0011	chunk	chunk_0011	11	1000	27776	unknown					scRNA-seq	unknown	CRISPR	unknown	unknown	unknown	True	True	False	False	triplet-integrity-ok	2	original	jkobject:GCjqQtGwPzkY	jkobject:GCjqQtGwPzkY	additions	20260624-shared-var	metadata-only collection manifest; use obs->X->var links for payload resolution	shared_exact_hash	prism_collection/GSE219317/var.h5ad	6ZjtctMGLD6ILh6F0002	LV1i60eKJwzJzhkgZr8iFw	prism_collection/GSE219317
prism_collection/GSE219317	GSE219317	PRISM	OcPxhPWFVqPjjVX30000	prism_collection/GSE219317/chunk_0012/obs.parquet	canonical_obs	prism_collection/GSE219317	prism_collection/GSE219317/chunk_0012	chunk	chunk_0012	12	1000	27776	unknown					scRNA-seq	unknown	CRISPR	unknown	unknown	unknown	True	True	False	False	triplet-integrity-ok	2	original	jkobject:GCjqQtGwPzkY	jkobject:GCjqQtGwPzkY	additions	20260624-shared-var	metadata-only collection manifest; use obs->X->var links for payload resolution	shared_exact_hash	prism_collection/GSE219317/var.h5ad	6ZjtctMGLD6ILh6F0002	LV1i60eKJwzJzhkgZr8iFw	prism_collection/GSE219317
prism_collection/GSE219317	GSE219317	PRISM	eeSOnppE3HkZMWzV0000	prism_collection/GSE219317/chunk_0013/obs.parquet	canonical_obs	prism_collection/GSE219317	prism_collection/GSE219317/chunk_0013	chunk	chunk_0013	13	1000	27776	unknown					scRNA-seq	unknown	CRISPR	unknown	unknown	unknown	True	True	False	False	triplet-integrity-ok	2	original	jkobject:GCjqQtGwPzkY	jkobject:GCjqQtGwPzkY	additions	20260624-shared-var	metadata-only collection manifest; use obs->X->var links for payload resolution	shared_exact_hash	prism_collection/GSE219317/var.h5ad	6ZjtctMGLD6ILh6F0002	LV1i60eKJwzJzhkgZr8iFw	prism_collection/GSE219317
prism_collection/GSE219317	GSE219317	PRISM	if30zwgAjafOc2ID0000	prism_collection/GSE219317/chunk_0014/obs.parquet	canonical_obs	prism_collection/GSE219317	prism_collection/GSE219317/chunk_0014	chunk	chunk_0014	14	1000	27776	unknown					scRNA-seq	unknown	CRISPR	unknown	unknown	unknown	True	True	False	False	triplet-integrity-ok	2	original	jkobject:GCjqQtGwPzkY	jkobject:GCjqQtGwPzkY	additions	20260624-shared-var	metadata-only collection manifest; use obs->X->var links for payload resolution	shared_exact_hash	prism_collection/GSE219317/var.h5ad	6ZjtctMGLD6ILh6F0002	LV1i60eKJwzJzhkgZr8iFw	prism_collection/GSE219317
prism_collection/GSE219317	GSE219317	PRISM	vZgKIrWjz5yF92VY0000	prism_collection/GSE219317/chunk_0015/obs.parquet	canonical_obs	prism_collection/GSE219317	prism_collection/GSE219317/chunk_0015	chunk	chunk_0015	15	1000	27776	unknown					scRNA-seq	unknown	CRISPR	unknown	unknown	unknown	True	True	False	False	triplet-integrity-ok	2	original	jkobject:GCjqQtGwPzkY	jkobject:GCjqQtGwPzkY	additions	20260624-shared-var	metadata-only collection manifest; use obs->X->var links for payload resolution	shared_exact_hash	prism_collection/GSE219317/var.h5ad	6ZjtctMGLD6ILh6F0002	LV1i60eKJwzJzhkgZr8iFw	prism_collection/GSE219317
prism_collection/GSE219317	GSE219317	PRISM	u9sXiQtmNdya6hQH0000	prism_collection/GSE219317/chunk_0016/obs.parquet	canonical_obs	prism_collection/GSE219317	prism_collection/GSE219317/chunk_0016	chunk	chunk_0016	16	1000	27776	unknown					scRNA-seq	unknown	CRISPR	unknown	unknown	unknown	True	True	False	False	triplet-integrity-ok	2	original	jkobject:GCjqQtGwPzkY	jkobject:GCjqQtGwPzkY	additions	20260624-shared-var	metadata-only collection manifest; use obs->X->var links for payload resolution	shared_exact_hash	prism_collection/GSE219317/var.h5ad	6ZjtctMGLD6ILh6F0002	LV1i60eKJwzJzhkgZr8iFw	prism_collection/GSE219317
prism_collection/GSE219317	GSE219317	PRISM	WsOWgk8WSE3xTxCy0000	prism_collection/GSE219317/chunk_0017/obs.parquet	canonical_obs	prism_collection/GSE219317	prism_collection/GSE219317/chunk_0017	chunk	chunk_0017	17	1000	27776	unknown					scRNA-seq	unknown	CRISPR	unknown	unknown	unknown	True	True	False	False	triplet-integrity-ok	2	original	jkobject:GCjqQtGwPzkY	jkobject:GCjqQtGwPzkY	additions	20260624-shared-var	metadata-only collection manifest; use obs->X->var links for payload resolution	shared_exact_hash	prism_collection/GSE219317/var.h5ad	6ZjtctMGLD6ILh6F0002	LV1i60eKJwzJzhkgZr8iFw	prism_collection/GSE219317
prism_collection/GSE219317	GSE219317	PRISM	lKI6UrMkfEDbBsNG0000	prism_collection/GSE219317/chunk_0018/obs.parquet	canonical_obs	prism_collection/GSE219317	prism_collection/GSE219317/chunk_0018	chunk	chunk_0018	18	1000	27776	unknown					scRNA-seq	unknown	CRISPR	unknown	unknown	unknown	True	True	False	False	triplet-integrity-ok	2	original	jkobject:GCjqQtGwPzkY	jkobject:GCjqQtGwPzkY	additions	20260624-shared-var	metadata-only collection manifest; use obs->X->var links for payload resolution	shared_exact_hash	prism_collection/GSE219317/var.h5ad	6ZjtctMGLD6ILh6F0002	LV1i60eKJwzJzhkgZr8iFw	prism_collection/GSE219317
prism_collection/GSE219317	GSE219317	PRISM	v5QMC3njZPRt9frr0000	prism_collection/GSE219317/chunk_0019/obs.parquet	canonical_obs	prism_collection/GSE219317	prism_collection/GSE219317/chunk_0019	chunk	chunk_0019	19	1000	27776	unknown					scRNA-seq	unknown	CRISPR	unknown	unknown	unknown	True	True	False	False	triplet-integrity-ok	2	original	jkobject:GCjqQtGwPzkY	jkobject:GCjqQtGwPzkY	additions	20260624-shared-var	metadata-only collection manifest; use obs->X->var links for payload resolution	shared_exact_hash	prism_collection/GSE219317/var.h5ad	6ZjtctMGLD6ILh6F0002	LV1i60eKJwzJzhkgZr8iFw	prism_collection/GSE219317
prism_collection/GSE219317	GSE219317	PRISM	WlMKVy1JHgSUURzE0000	prism_collection/GSE219317/chunk_0020/obs.parquet	canonical_obs	prism_collection/GSE219317	prism_collection/GSE219317/chunk_0020	chunk	chunk_0020	20	1000	27776	unknown					scRNA-seq	unknown	CRISPR	unknown	unknown	unknown	True	True	False	False	triplet-integrity-ok	2	original	jkobject:GCjqQtGwPzkY	jkobject:GCjqQtGwPzkY	additions	20260624-shared-var	metadata-only collection manifest; use obs->X->var links for payload resolution	shared_exact_hash	prism_collection/GSE219317/var.h5ad	6ZjtctMGLD6ILh6F0002	LV1i60eKJwzJzhkgZr8iFw	prism_collection/GSE219317
prism_collection/GSE219317	GSE219317	PRISM	udD3hDnrm23R3gt20000	prism_collection/GSE219317/chunk_0021/obs.parquet	canonical_obs	prism_collection/GSE219317	prism_collection/GSE219317/chunk_0021	chunk	chunk_0021	21	1000	27776	unknown					scRNA-seq	unknown	CRISPR	unknown	unknown	unknown	True	True	False	False	triplet-integrity-ok	2	original	jkobject:GCjqQtGwPzkY	jkobject:GCjqQtGwPzkY	additions	20260624-shared-var	metadata-only collection manifest; use obs->X->var links for payload resolution	shared_exact_hash	prism_collection/GSE219317/var.h5ad	6ZjtctMGLD6ILh6F0002	LV1i60eKJwzJzhkgZr8iFw	prism_collection/GSE219317
prism_collection/GSE219317	GSE219317	PRISM	PGLE2FrUPu4KvXGE0000	prism_collection/GSE219317/chunk_0022/obs.parquet	canonical_obs	prism_collection/GSE219317	prism_collection/GSE219317/chunk_0022	chunk	chunk_0022	22	1000	27776	unknown					scRNA-seq	unknown	CRISPR	unknown	unknown	unknown	True	True	False	False	triplet-integrity-ok	2	original	jkobject:GCjqQtGwPzkY	jkobject:GCjqQtGwPzkY	additions	20260624-shared-var	metadata-only collection manifest; use obs->X->var links for payload resolution	shared_exact_hash	prism_collection/GSE219317/var.h5ad	6ZjtctMGLD6ILh6F0002	LV1i60eKJwzJzhkgZr8iFw	prism_collection/GSE219317
prism_collection/GSE219317	GSE219317	PRISM	IRdIEgmCsSoOPQEr0000	prism_collection/GSE219317/chunk_0023/obs.parquet	canonical_obs	prism_collection/GSE219317	prism_collection/GSE219317/chunk_0023	chunk	chunk_0023	23	1000	27776	unknown					scRNA-seq	unknown	CRISPR	unknown	unknown	unknown	True	True	False	False	triplet-integrity-ok	2	original	jkobject:GCjqQtGwPzkY	jkobject:GCjqQtGwPzkY	additions	20260624-shared-var	metadata-only collection manifest; use obs->X->var links for payload resolution	shared_exact_hash	prism_collection/GSE219317/var.h5ad	6ZjtctMGLD6ILh6F0002	LV1i60eKJwzJzhkgZr8iFw	prism_collection/GSE219317
prism_collection/GSE219317	GSE219317	PRISM	VQ6P28K4XPpjxwDH0000	prism_collection/GSE219317/chunk_0024/obs.parquet	canonical_obs	prism_collection/GSE219317	prism_collection/GSE219317/chunk_0024	chunk	chunk_0024	24	1000	27776	unknown					scRNA-seq	unknown	CRISPR	unknown	unknown	unknown	True	True	False	False	triplet-integrity-ok	2	original	jkobject:GCjqQtGwPzkY	jkobject:GCjqQtGwPzkY	additions	20260624-shared-var	metadata-only collection manifest; use obs->X->var links for payload resolution	shared_exact_hash	prism_collection/GSE219317/var.h5ad	6ZjtctMGLD6ILh6F0002	LV1i60eKJwzJzhkgZr8iFw	prism_collection/GSE219317
prism_collection/GSE219317	GSE219317	PRISM	3cN1qC0cQtQuAOWf0000	prism_collection/GSE219317/chunk_0025/obs.parquet	canonical_obs	prism_collection/GSE219317	prism_collection/GSE219317/chunk_0025	chunk	chunk_0025	25	1000	27776	unknown					scRNA-seq	unknown	CRISPR	unknown	unknown	unknown	True	True	False	False	triplet-integrity-ok	2	original	jkobject:GCjqQtGwPzkY	jkobject:GCjqQtGwPzkY	additions	20260624-shared-var	metadata-only collection manifest; use obs->X->var links for payload resolution	shared_exact_hash	prism_collection/GSE219317/var.h5ad	6ZjtctMGLD6ILh6F0002	LV1i60eKJwzJzhkgZr8iFw	prism_collection/GSE219317
prism_collection/GSE219317	GSE219317	PRISM	US7M2wHSbmN37CIu0000	prism_collection/GSE219317/chunk_0026/obs.parquet	canonical_obs	prism_collection/GSE219317	prism_collection/GSE219317/chunk_0026	chunk	chunk_0026	26	1000	27776	unknown					scRNA-seq	unknown	CRISPR	unknown	unknown	unknown	True	True	False	False	triplet-integrity-ok	2	original	jkobject:GCjqQtGwPzkY	jkobject:GCjqQtGwPzkY	additions	20260624-shared-var	metadata-only collection manifest; use obs->X->var links for payload resolution	shared_exact_hash	prism_collection/GSE219317/var.h5ad	6ZjtctMGLD6ILh6F0002	LV1i60eKJwzJzhkgZr8iFw	prism_collection/GSE219317
prism_collection/GSE219317	GSE219317	PRISM	mWaEQb3ls1pZ2ZoA0000	prism_collection/GSE219317/chunk_0027/obs.parquet	canonical_obs	prism_collection/GSE219317	prism_collection/GSE219317/chunk_0027	chunk	chunk_0027	27	1000	27776	unknown					scRNA-seq	unknown	CRISPR	unknown	unknown	unknown	True	True	False	False	triplet-integrity-ok	2	original	jkobject:GCjqQtGwPzkY	jkobject:GCjqQtGwPzkY	additions	20260624-shared-var	metadata-only collection manifest; use obs->X->var links for payload resolution	shared_exact_hash	prism_collection/GSE219317/var.h5ad	6ZjtctMGLD6ILh6F0002	LV1i60eKJwzJzhkgZr8iFw	prism_collection/GSE219317
prism_collection/GSE219317	GSE219317	PRISM	D6LRwiz2GbXFqwfv0000	prism_collection/GSE219317/chunk_0028/obs.parquet	canonical_obs	prism_collection/GSE219317	prism_collection/GSE219317/chunk_0028	chunk	chunk_0028	28	1000	27776	unknown					scRNA-seq	unknown	CRISPR	unknown	unknown	unknown	True	True	False	False	triplet-integrity-ok	2	original	jkobject:GCjqQtGwPzkY	jkobject:GCjqQtGwPzkY	additions	20260624-shared-var	metadata-only collection manifest; use obs->X->var links for payload resolution	shared_exact_hash	prism_collection/GSE219317/var.h5ad	6ZjtctMGLD6ILh6F0002	LV1i60eKJwzJzhkgZr8iFw	prism_collection/GSE219317
prism_collection/GSE219317	GSE219317	PRISM	I9qzKpjUIs7C6CKK0000	prism_collection/GSE219317/chunk_0029/obs.parquet	canonical_obs	prism_collection/GSE219317	prism_collection/GSE219317/chunk_0029	chunk	chunk_0029	29	1000	27776	unknown					scRNA-seq	unknown	CRISPR	unknown	unknown	unknown	True	True	False	False	triplet-integrity-ok	2	original	jkobject:GCjqQtGwPzkY	jkobject:GCjqQtGwPzkY	additions	20260624-shared-var	metadata-only collection manifest; use obs->X->var links for payload resolution	shared_exact_hash	prism_collection/GSE219317/var.h5ad	6ZjtctMGLD6ILh6F0002	LV1i60eKJwzJzhkgZr8iFw	prism_collection/GSE219317
prism_collection/GSE219317	GSE219317	PRISM	lKwonEVL83g76Z9M0000	prism_collection/GSE219317/chunk_0030/obs.parquet	canonical_obs	prism_collection/GSE219317	prism_collection/GSE219317/chunk_0030	chunk	chunk_0030	30	1000	27776	unknown					scRNA-seq	unknown	CRISPR	unknown	unknown	unknown	True	True	False	False	triplet-integrity-ok	2	original	jkobject:GCjqQtGwPzkY	jkobject:GCjqQtGwPzkY	additions	20260624-shared-var	metadata-only collection manifest; use obs->X->var links for payload resolution	shared_exact_hash	prism_collection/GSE219317/var.h5ad	6ZjtctMGLD6ILh6F0002	LV1i60eKJwzJzhkgZr8iFw	prism_collection/GSE219317
prism_collection/GSE219317	GSE219317	PRISM	R82vdFjsWNQdxRxL0000	prism_collection/GSE219317/chunk_0031/obs.parquet	canonical_obs	prism_collection/GSE219317	prism_collection/GSE219317/chunk_0031	chunk	chunk_0031	31	1000	27776	unknown					scRNA-seq	unknown	CRISPR	unknown	unknown	unknown	True	True	False	False	triplet-integrity-ok	2	original	jkobject:GCjqQtGwPzkY	jkobject:GCjqQtGwPzkY	additions	20260624-shared-var	metadata-only collection manifest; use obs->X->var links for payload resolution	shared_exact_hash	prism_collection/GSE219317/var.h5ad	6ZjtctMGLD6ILh6F0002	LV1i60eKJwzJzhkgZr8iFw	prism_collection/GSE219317
prism_collection/GSE219317	GSE219317	PRISM	NktwYWrUvU07I56V0000	prism_collection/GSE219317/chunk_0032/obs.parquet	canonical_obs	prism_collection/GSE219317	prism_collection/GSE219317/chunk_0032	chunk	chunk_0032	32	1000	27776	unknown					scRNA-seq	unknown	CRISPR	unknown	unknown	unknown	True	True	True	False	triplet-integrity-ok	2	original	jkobject:GCjqQtGwPzkY	jkobject:GCjqQtGwPzkY	additions	20260624-shared-var	metadata-only collection manifest; use obs->X->var links for payload resolution	shared_exact_hash	prism_collection/GSE219317/var.h5ad	6ZjtctMGLD6ILh6F0002	LV1i60eKJwzJzhkgZr8iFw	prism_collection/GSE219317
prism_collection/GSE219317	GSE219317	PRISM	FzH5UJJv6bMIZkGB0000	prism_collection/GSE219317/chunk_0033/obs.parquet	canonical_obs	prism_collection/GSE219317	prism_collection/GSE219317/chunk_0033	chunk	chunk_0033	33	1000	27776	unknown					scRNA-seq	unknown	CRISPR	unknown	unknown	unknown	True	True	False	False	triplet-integrity-ok	2	original	jkobject:GCjqQtGwPzkY	jkobject:GCjqQtGwPzkY	additions	20260624-shared-var	metadata-only collection manifest; use obs->X->var links for payload resolution	shared_exact_hash	prism_collection/GSE219317/var.h5ad	6ZjtctMGLD6ILh6F0002	LV1i60eKJwzJzhkgZr8iFw	prism_collection/GSE219317
prism_collection/GSE219317	GSE219317	PRISM	E5CBay4TmxFyLkaG0000	prism_collection/GSE219317/chunk_0034/obs.parquet	canonical_obs	prism_collection/GSE219317	prism_collection/GSE219317/chunk_0034	chunk	chunk_0034	34	1000	27776	unknown					scRNA-seq	unknown	CRISPR	unknown	unknown	unknown	True	True	False	False	triplet-integrity-ok	2	original	jkobject:GCjqQtGwPzkY	jkobject:GCjqQtGwPzkY	additions	20260624-shared-var	metadata-only collection manifest; use obs->X->var links for payload resolution	shared_exact_hash	prism_collection/GSE219317/var.h5ad	6ZjtctMGLD6ILh6F0002	LV1i60eKJwzJzhkgZr8iFw	prism_collection/GSE219317
prism_collection/GSE219317	GSE219317	PRISM	a6L9NoF8BrE11uux0000	prism_collection/GSE219317/chunk_0035/obs.parquet	canonical_obs	prism_collection/GSE219317	prism_collection/GSE219317/chunk_0035	chunk	chunk_0035	35	1000	27776	unknown					scRNA-seq	unknown	CRISPR	unknown	unknown	unknown	True	True	False	False	triplet-integrity-ok	2	original	jkobject:GCjqQtGwPzkY	jkobject:GCjqQtGwPzkY	additions	20260624-shared-var	metadata-only collection manifest; use obs->X->var links for payload resolution	shared_exact_hash	prism_collection/GSE219317/var.h5ad	6ZjtctMGLD6ILh6F0002	LV1i60eKJwzJzhkgZr8iFw	prism_collection/GSE219317
prism_collection/GSE219317	GSE219317	PRISM	0jQNbi18baH8NKE00000	prism_collection/GSE219317/chunk_0036/obs.parquet	canonical_obs	prism_collection/GSE219317	prism_collection/GSE219317/chunk_0036	chunk	chunk_0036	36	1000	27776	unknown					scRNA-seq	unknown	CRISPR	unknown	unknown	unknown	True	True	False	False	triplet-integrity-ok	2	original	jkobject:GCjqQtGwPzkY	jkobject:GCjqQtGwPzkY	additions	20260624-shared-var	metadata-only collection manifest; use obs->X->var links for payload resolution	shared_exact_hash	prism_collection/GSE219317/var.h5ad	6ZjtctMGLD6ILh6F0002	LV1i60eKJwzJzhkgZr8iFw	prism_collection/GSE219317
prism_collection/GSE219317	GSE219317	PRISM	wrEskdT1RD85EXCq0000	prism_collection/GSE219317/chunk_0037/obs.parquet	canonical_obs	prism_collection/GSE219317	prism_collection/GSE219317/chunk_0037	chunk	chunk_0037	37	1000	27776	unknown					scRNA-seq	unknown	CRISPR	unknown	unknown	unknown	True	True	False	False	triplet-integrity-ok	2	original	jkobject:GCjqQtGwPzkY	jkobject:GCjqQtGwPzkY	additions	20260624-shared-var	metadata-only collection manifest; use obs->X->var links for payload resolution	shared_exact_hash	prism_collection/GSE219317/var.h5ad	6ZjtctMGLD6ILh6F0002	LV1i60eKJwzJzhkgZr8iFw	prism_collection/GSE219317
prism_collection/GSE219317	GSE219317	PRISM	bgRHeq3yh0xGbxyi0000	prism_collection/GSE219317/chunk_0038/obs.parquet	canonical_obs	prism_collection/GSE219317	prism_collection/GSE219317/chunk_0038	chunk	chunk_0038	38	1000	27776	unknown					scRNA-seq	unknown	CRISPR	unknown	unknown	unknown	True	True	False	False	triplet-integrity-ok	2	original	jkobject:GCjqQtGwPzkY	jkobject:GCjqQtGwPzkY	additions	20260624-shared-var	metadata-only collection manifest; use obs->X->var links for payload resolution	shared_exact_hash	prism_collection/GSE219317/var.h5ad	6ZjtctMGLD6ILh6F0002	LV1i60eKJwzJzhkgZr8iFw	prism_collection/GSE219317
prism_collection/GSE219317	GSE219317	PRISM	dDU42AQKxdomvmMp0000	prism_collection/GSE219317/chunk_0039/obs.parquet	canonical_obs	prism_collection/GSE219317	prism_collection/GSE219317/chunk_0039	chunk	chunk_0039	39	1000	27776	unknown					scRNA-seq	unknown	CRISPR	unknown	unknown	unknown	True	True	False	False	triplet-integrity-ok	2	original	jkobject:GCjqQtGwPzkY	jkobject:GCjqQtGwPzkY	additions	20260624-shared-var	metadata-only collection manifest; use obs->X->var links for payload resolution	shared_exact_hash	prism_collection/GSE219317/var.h5ad	6ZjtctMGLD6ILh6F0002	LV1i60eKJwzJzhkgZr8iFw	prism_collection/GSE219317
prism_collection/GSE219317	GSE219317	PRISM	jrC0ApSyQ014WIiK0000	prism_collection/GSE219317/chunk_0040/obs.parquet	canonical_obs	prism_collection/GSE219317	prism_collection/GSE219317/chunk_0040	chunk	chunk_0040	40	1000	27776	unknown					scRNA-seq	unknown	CRISPR	unknown	unknown	unknown	True	True	False	False	triplet-integrity-ok	2	original	jkobject:GCjqQtGwPzkY	jkobject:GCjqQtGwPzkY	additions	20260624-shared-var	metadata-only collection manifest; use obs->X->var links for payload resolution	shared_exact_hash	prism_collection/GSE219317/var.h5ad	6ZjtctMGLD6ILh6F0002	LV1i60eKJwzJzhkgZr8iFw	prism_collection/GSE219317
prism_collection/GSE219317	GSE219317	PRISM	ehrFM5Gw5YIAxvkr0000	prism_collection/GSE219317/chunk_0041/obs.parquet	canonical_obs	prism_collection/GSE219317	prism_collection/GSE219317/chunk_0041	chunk	chunk_0041	41	1000	27776	unknown					scRNA-seq	unknown	CRISPR	unknown	unknown	unknown	True	True	False	False	triplet-integrity-ok	2	original	jkobject:GCjqQtGwPzkY	jkobject:GCjqQtGwPzkY	additions	20260624-shared-var	metadata-only collection manifest; use obs->X->var links for payload resolution	shared_exact_hash	prism_collection/GSE219317/var.h5ad	6ZjtctMGLD6ILh6F0002	LV1i60eKJwzJzhkgZr8iFw	prism_collection/GSE219317
prism_collection/GSE219317	GSE219317	PRISM	6u6YccgnBZdXoSDi0000	prism_collection/GSE219317/chunk_0042/obs.parquet	canonical_obs	prism_collection/GSE219317	prism_collection/GSE219317/chunk_0042	chunk	chunk_0042	42	1000	27776	unknown					scRNA-seq	unknown	CRISPR	unknown	unknown	unknown	True	True	False	False	triplet-integrity-ok	2	original	jkobject:GCjqQtGwPzkY	jkobject:GCjqQtGwPzkY	additions	20260624-shared-var	metadata-only collection manifest; use obs->X->var links for payload resolution	shared_exact_hash	prism_collection/GSE219317/var.h5ad	6ZjtctMGLD6ILh6F0002	LV1i60eKJwzJzhkgZr8iFw	prism_collection/GSE219317
prism_collection/GSE219317	GSE219317	PRISM	5lXQBZJOVj9JLU6H0000	prism_collection/GSE219317/chunk_0043/obs.parquet	canonical_obs	prism_collection/GSE219317	prism_collection/GSE219317/chunk_0043	chunk	chunk_0043	43	1000	27776	unknown					scRNA-seq	unknown	CRISPR	unknown	unknown	unknown	True	True	False	False	triplet-integrity-ok	2	original	jkobject:GCjqQtGwPzkY	jkobject:GCjqQtGwPzkY	additions	20260624-shared-var	metadata-only collection manifest; use obs->X->var links for payload resolution	shared_exact_hash	prism_collection/GSE219317/var.h5ad	6ZjtctMGLD6ILh6F0002	LV1i60eKJwzJzhkgZr8iFw	prism_collection/GSE219317
prism_collection/GSE219317	GSE219317	PRISM	hsNrWMYHWNHWXp9I0000	prism_collection/GSE219317/chunk_0044/obs.parquet	canonical_obs	prism_collection/GSE219317	prism_collection/GSE219317/chunk_0044	chunk	chunk_0044	44	1000	27776	unknown					scRNA-seq	unknown	CRISPR	unknown	unknown	unknown	True	True	False	False	triplet-integrity-ok	2	original	jkobject:GCjqQtGwPzkY	jkobject:GCjqQtGwPzkY	additions	20260624-shared-var	metadata-only collection manifest; use obs->X->var links for payload resolution	shared_exact_hash	prism_collection/GSE219317/var.h5ad	6ZjtctMGLD6ILh6F0002	LV1i60eKJwzJzhkgZr8iFw	prism_collection/GSE219317
prism_collection/GSE219317	GSE219317	PRISM	scgJDliZTAXyYFT20000	prism_collection/GSE219317/chunk_0045/obs.parquet	canonical_obs	prism_collection/GSE219317	prism_collection/GSE219317/chunk_0045	chunk	chunk_0045	45	1000	27776	unknown					scRNA-seq	unknown	CRISPR	unknown	unknown	unknown	True	True	False	False	triplet-integrity-ok	2	original	jkobject:GCjqQtGwPzkY	jkobject:GCjqQtGwPzkY	additions	20260624-shared-var	metadata-only collection manifest; use obs->X->var links for payload resolution	shared_exact_hash	prism_collection/GSE219317/var.h5ad	6ZjtctMGLD6ILh6F0002	LV1i60eKJwzJzhkgZr8iFw	prism_collection/GSE219317
prism_collection/GSE219317	GSE219317	PRISM	b8cwG19He8buH3UF0000	prism_collection/GSE219317/chunk_0046/obs.parquet	canonical_obs	prism_collection/GSE219317	prism_collection/GSE219317/chunk_0046	chunk	chunk_0046	46	1000	27776	unknown					scRNA-seq	unknown	CRISPR	unknown	unknown	unknown	True	True	False	False	triplet-integrity-ok	2	original	jkobject:GCjqQtGwPzkY	jkobject:GCjqQtGwPzkY	additions	20260624-shared-var	metadata-only collection manifest; use obs->X->var links for payload resolution	shared_exact_hash	prism_collection/GSE219317/var.h5ad	6ZjtctMGLD6ILh6F0002	LV1i60eKJwzJzhkgZr8iFw	prism_collection/GSE219317
prism_collection/GSE219317	GSE219317	PRISM	DdFsXyQGFo9N6RzX0000	prism_collection/GSE219317/chunk_0047/obs.parquet	canonical_obs	prism_collection/GSE219317	prism_collection/GSE219317/chunk_0047	chunk	chunk_0047	47	1000	27776	unknown					scRNA-seq	unknown	CRISPR	unknown	unknown	unknown	True	True	False	False	triplet-integrity-ok	2	original	jkobject:GCjqQtGwPzkY	jkobject:GCjqQtGwPzkY	additions	20260624-shared-var	metadata-only collection manifest; use obs->X->var links for payload resolution	shared_exact_hash	prism_collection/GSE219317/var.h5ad	6ZjtctMGLD6ILh6F0002	LV1i60eKJwzJzhkgZr8iFw	prism_collection/GSE219317
prism_collection/GSE219317	GSE219317	PRISM	acxuXs9lf81UFwI30000	prism_collection/GSE219317/chunk_0048/obs.parquet	canonical_obs	prism_collection/GSE219317	prism_collection/GSE219317/chunk_0048	chunk	chunk_0048	48	1000	27776	unknown					scRNA-seq	unknown	CRISPR	unknown	unknown	unknown	True	True	False	False	triplet-integrity-ok	2	original	jkobject:GCjqQtGwPzkY	jkobject:GCjqQtGwPzkY	additions	20260624-shared-var	metadata-only collection manifest; use obs->X->var links for payload resolution	shared_exact_hash	prism_collection/GSE219317/var.h5ad	6ZjtctMGLD6ILh6F0002	LV1i60eKJwzJzhkgZr8iFw	prism_collection/GSE219317
prism_collection/GSE219317	GSE219317	PRISM	x7E0gq4wtZefJB8f0000	prism_collection/GSE219317/chunk_0049/obs.parquet	canonical_obs	prism_collection/GSE219317	prism_collection/GSE219317/chunk_0049	chunk	chunk_0049	49	1000	27776	unknown					scRNA-seq	unknown	CRISPR	unknown	unknown	unknown	True	True	False	False	triplet-integrity-ok	2	original	jkobject:GCjqQtGwPzkY	jkobject:GCjqQtGwPzkY	additions	20260624-shared-var	metadata-only collection manifest; use obs->X->var links for payload resolution	shared_exact_hash	prism_collection/GSE219317/var.h5ad	6ZjtctMGLD6ILh6F0002	LV1i60eKJwzJzhkgZr8iFw	prism_collection/GSE219317
prism_collection/GSE219317	GSE219317	PRISM	VHzim2lIOUUQDdeR0000	prism_collection/GSE219317/chunk_0050/obs.parquet	canonical_obs	prism_collection/GSE219317	prism_collection/GSE219317/chunk_0050	chunk	chunk_0050	50	1000	27776	unknown					scRNA-seq	unknown	CRISPR	unknown	unknown	unknown	True	True	False	False	triplet-integrity-ok	2	original	jkobject:GCjqQtGwPzkY	jkobject:GCjqQtGwPzkY	additions	20260624-shared-var	metadata-only collection manifest; use obs->X->var links for payload resolution	shared_exact_hash	prism_collection/GSE219317/var.h5ad	6ZjtctMGLD6ILh6F0002	LV1i60eKJwzJzhkgZr8iFw	prism_collection/GSE219317
prism_collection/GSE219317	GSE219317	PRISM	LS9phwh3SAoKL5zf0000	prism_collection/GSE219317/chunk_0051/obs.parquet	canonical_obs	prism_collection/GSE219317	prism_collection/GSE219317/chunk_0051	chunk	chunk_0051	51	1000	27776	unknown					scRNA-seq	unknown	CRISPR	unknown	unknown	unknown	True	True	False	False	triplet-integrity-ok	2	original	jkobject:GCjqQtGwPzkY	jkobject:GCjqQtGwPzkY	additions	20260624-shared-var	metadata-only collection manifest; use obs->X->var links for payload resolution	shared_exact_hash	prism_collection/GSE219317/var.h5ad	6ZjtctMGLD6ILh6F0002	LV1i60eKJwzJzhkgZr8iFw	prism_collection/GSE219317
prism_collection/GSE219317	GSE219317	PRISM	dunGy8Dzpdn8H5LW0000	prism_collection/GSE219317/chunk_0052/obs.parquet	canonical_obs	prism_collection/GSE219317	prism_collection/GSE219317/chunk_0052	chunk	chunk_0052	52	1000	27776	unknown					scRNA-seq	unknown	CRISPR	unknown	unknown	unknown	True	True	False	False	triplet-integrity-ok	2	original	jkobject:GCjqQtGwPzkY	jkobject:GCjqQtGwPzkY	additions	20260624-shared-var	metadata-only collection manifest; use obs->X->var links for payload resolution	shared_exact_hash	prism_collection/GSE219317/var.h5ad	6ZjtctMGLD6ILh6F0002	LV1i60eKJwzJzhkgZr8iFw	prism_collection/GSE219317
prism_collection/GSE219317	GSE219317	PRISM	BIxAM5pKYPVjk8qL0000	prism_collection/GSE219317/chunk_0053/obs.parquet	canonical_obs	prism_collection/GSE219317	prism_collection/GSE219317/chunk_0053	chunk	chunk_0053	53	1000	27776	unknown					scRNA-seq	unknown	CRISPR	unknown	unknown	unknown	True	True	False	False	triplet-integrity-ok	2	original	jkobject:GCjqQtGwPzkY	jkobject:GCjqQtGwPzkY	additions	20260624-shared-var	metadata-only collection manifest; use obs->X->var links for payload resolution	shared_exact_hash	prism_collection/GSE219317/var.h5ad	6ZjtctMGLD6ILh6F0002	LV1i60eKJwzJzhkgZr8iFw	prism_collection/GSE219317
prism_collection/GSE219317	GSE219317	PRISM	7pJDxxoeAOrEpdOu0000	prism_collection/GSE219317/chunk_0054/obs.parquet	canonical_obs	prism_collection/GSE219317	prism_collection/GSE219317/chunk_0054	chunk	chunk_0054	54	1000	27776	unknown					scRNA-seq	unknown	CRISPR	unknown	unknown	unknown	True	True	False	False	triplet-integrity-ok	2	original	jkobject:GCjqQtGwPzkY	jkobject:GCjqQtGwPzkY	additions	20260624-shared-var	metadata-only collection manifest; use obs->X->var links for payload resolution	shared_exact_hash	prism_collection/GSE219317/var.h5ad	6ZjtctMGLD6ILh6F0002	LV1i60eKJwzJzhkgZr8iFw	prism_collection/GSE219317
prism_collection/GSE219317	GSE219317	PRISM	OuHSeTEh6NRXiwz20000	prism_collection/GSE219317/chunk_0055/obs.parquet	canonical_obs	prism_collection/GSE219317	prism_collection/GSE219317/chunk_0055	chunk	chunk_0055	55	1000	27776	unknown					scRNA-seq	unknown	CRISPR	unknown	unknown	unknown	True	True	False	False	triplet-integrity-ok	2	original	jkobject:GCjqQtGwPzkY	jkobject:GCjqQtGwPzkY	additions	20260624-shared-var	metadata-only collection manifest; use obs->X->var links for payload resolution	shared_exact_hash	prism_collection/GSE219317/var.h5ad	6ZjtctMGLD6ILh6F0002	LV1i60eKJwzJzhkgZr8iFw	prism_collection/GSE219317
prism_collection/GSE219317	GSE219317	PRISM	RL2FtkVtQZ3OBmUw0000	prism_collection/GSE219317/chunk_0056/obs.parquet	canonical_obs	prism_collection/GSE219317	prism_collection/GSE219317/chunk_0056	chunk	chunk_0056	56	1000	27776	unknown					scRNA-seq	unknown	CRISPR	unknown	unknown	unknown	True	True	False	False	triplet-integrity-ok	2	original	jkobject:GCjqQtGwPzkY	jkobject:GCjqQtGwPzkY	additions	20260624-shared-var	metadata-only collection manifest; use obs->X->var links for payload resolution	shared_exact_hash	prism_collection/GSE219317/var.h5ad	6ZjtctMGLD6ILh6F0002	LV1i60eKJwzJzhkgZr8iFw	prism_collection/GSE219317
prism_collection/GSE219317	GSE219317	PRISM	hMBpt6U9vXjqU74o0000	prism_collection/GSE219317/chunk_0057/obs.parquet	canonical_obs	prism_collection/GSE219317	prism_collection/GSE219317/chunk_0057	chunk	chunk_0057	57	1000	27776	unknown					scRNA-seq	unknown	CRISPR	unknown	unknown	unknown	True	True	False	False	triplet-integrity-ok	2	original	jkobject:GCjqQtGwPzkY	jkobject:GCjqQtGwPzkY	additions	20260624-shared-var	metadata-only collection manifest; use obs->X->var links for payload resolution	shared_exact_hash	prism_collection/GSE219317/var.h5ad	6ZjtctMGLD6ILh6F0002	LV1i60eKJwzJzhkgZr8iFw	prism_collection/GSE219317
prism_collection/GSE219317	GSE219317	PRISM	mycV0m3CulJHScHa0000	prism_collection/GSE219317/chunk_0058/obs.parquet	canonical_obs	prism_collection/GSE219317	prism_collection/GSE219317/chunk_0058	chunk	chunk_0058	58	1000	27776	unknown					scRNA-seq	unknown	CRISPR	unknown	unknown	unknown	True	True	False	False	triplet-integrity-ok	2	original	jkobject:GCjqQtGwPzkY	jkobject:GCjqQtGwPzkY	additions	20260624-shared-var	metadata-only collection manifest; use obs->X->var links for payload resolution	shared_exact_hash	prism_collection/GSE219317/var.h5ad	6ZjtctMGLD6ILh6F0002	LV1i60eKJwzJzhkgZr8iFw	prism_collection/GSE219317
prism_collection/GSE219317	GSE219317	PRISM	m4Etepsr3hcuKNTc0000	prism_collection/GSE219317/chunk_0059/obs.parquet	canonical_obs	prism_collection/GSE219317	prism_collection/GSE219317/chunk_0059	chunk	chunk_0059	59	1000	27776	unknown					scRNA-seq	unknown	CRISPR	unknown	unknown	unknown	True	True	False	False	triplet-integrity-ok	2	original	jkobject:GCjqQtGwPzkY	jkobject:GCjqQtGwPzkY	additions	20260624-shared-var	metadata-only collection manifest; use obs->X->var links for payload resolution	shared_exact_hash	prism_collection/GSE219317/var.h5ad	6ZjtctMGLD6ILh6F0002	LV1i60eKJwzJzhkgZr8iFw	prism_collection/GSE219317
prism_collection/GSE219317	GSE219317	PRISM	BEDCDnk4D1qMJJlT0000	prism_collection/GSE219317/chunk_0060/obs.parquet	canonical_obs	prism_collection/GSE219317	prism_collection/GSE219317/chunk_0060	chunk	chunk_0060	60	1000	27776	unknown					scRNA-seq	unknown	CRISPR	unknown	unknown	unknown	True	True	True	False	triplet-integrity-ok	2	original	jkobject:GCjqQtGwPzkY	jkobject:GCjqQtGwPzkY	additions	20260624-shared-var	metadata-only collection manifest; use obs->X->var links for payload resolution	shared_exact_hash	prism_collection/GSE219317/var.h5ad	6ZjtctMGLD6ILh6F0002	LV1i60eKJwzJzhkgZr8iFw	prism_collection/GSE219317
prism_collection/GSE219317	GSE219317	PRISM	TYKsAGQ1S9WLyQLW0000	prism_collection/GSE219317/chunk_0061/obs.parquet	canonical_obs	prism_collection/GSE219317	prism_collection/GSE219317/chunk_0061	chunk	chunk_0061	61	1000	27776	unknown					scRNA-seq	unknown	CRISPR	unknown	unknown	unknown	True	True	False	False	triplet-integrity-ok	2	original	jkobject:GCjqQtGwPzkY	jkobject:GCjqQtGwPzkY	additions	20260624-shared-var	metadata-only collection manifest; use obs->X->var links for payload resolution	shared_exact_hash	prism_collection/GSE219317/var.h5ad	6ZjtctMGLD6ILh6F0002	LV1i60eKJwzJzhkgZr8iFw	prism_collection/GSE219317
prism_collection/GSE219317	GSE219317	PRISM	RIn8nW3dSygFVxmR0000	prism_collection/GSE219317/chunk_0062/obs.parquet	canonical_obs	prism_collection/GSE219317	prism_collection/GSE219317/chunk_0062	chunk	chunk_0062	62	1000	27776	unknown					scRNA-seq	unknown	CRISPR	unknown	unknown	unknown	True	True	False	False	triplet-integrity-ok	2	original	jkobject:GCjqQtGwPzkY	jkobject:GCjqQtGwPzkY	additions	20260624-shared-var	metadata-only collection manifest; use obs->X->var links for payload resolution	shared_exact_hash	prism_collection/GSE219317/var.h5ad	6ZjtctMGLD6ILh6F0002	LV1i60eKJwzJzhkgZr8iFw	prism_collection/GSE219317
prism_collection/GSE219317	GSE219317	PRISM	6QsMnHJOOuwMCx040000	prism_collection/GSE219317/chunk_0063/obs.parquet	canonical_obs	prism_collection/GSE219317	prism_collection/GSE219317/chunk_0063	chunk	chunk_0063	63	1000	27776	unknown					scRNA-seq	unknown	CRISPR	unknown	unknown	unknown	True	True	False	False	triplet-integrity-ok	2	original	jkobject:GCjqQtGwPzkY	jkobject:GCjqQtGwPzkY	additions	20260624-shared-var	metadata-only collection manifest; use obs->X->var links for payload resolution	shared_exact_hash	prism_collection/GSE219317/var.h5ad	6ZjtctMGLD6ILh6F0002	LV1i60eKJwzJzhkgZr8iFw	prism_collection/GSE219317
prism_collection/GSE219317	GSE219317	PRISM	clpoXKyUOe0H8Uw40000	prism_collection/GSE219317/chunk_0064/obs.parquet	canonical_obs	prism_collection/GSE219317	prism_collection/GSE219317/chunk_0064	chunk	chunk_0064	64	1000	27776	unknown					scRNA-seq	unknown	CRISPR	unknown	unknown	unknown	True	True	False	False	triplet-integrity-ok	2	original	jkobject:GCjqQtGwPzkY	jkobject:GCjqQtGwPzkY	additions	20260624-shared-var	metadata-only collection manifest; use obs->X->var links for payload resolution	shared_exact_hash	prism_collection/GSE219317/var.h5ad	6ZjtctMGLD6ILh6F0002	LV1i60eKJwzJzhkgZr8iFw	prism_collection/GSE219317
prism_collection/GSE219317	GSE219317	PRISM	yltlL6dh1hoqrymi0000	prism_collection/GSE219317/chunk_0065/obs.parquet	canonical_obs	prism_collection/GSE219317	prism_collection/GSE219317/chunk_0065	chunk	chunk_0065	65	1000	27776	unknown					scRNA-seq	unknown	CRISPR	unknown	unknown	unknown	True	True	False	False	triplet-integrity-ok	2	original	jkobject:GCjqQtGwPzkY	jkobject:GCjqQtGwPzkY	additions	20260624-shared-var	metadata-only collection manifest; use obs->X->var links for payload resolution	shared_exact_hash	prism_collection/GSE219317/var.h5ad	6ZjtctMGLD6ILh6F0002	LV1i60eKJwzJzhkgZr8iFw	prism_collection/GSE219317
prism_collection/GSE219317	GSE219317	PRISM	yliCZZ9ozWQSMmLl0000	prism_collection/GSE219317/chunk_0066/obs.parquet	canonical_obs	prism_collection/GSE219317	prism_collection/GSE219317/chunk_0066	chunk	chunk_0066	66	1000	27776	unknown					scRNA-seq	unknown	CRISPR	unknown	unknown	unknown	True	True	False	False	triplet-integrity-ok	2	original	jkobject:GCjqQtGwPzkY	jkobject:GCjqQtGwPzkY	additions	20260624-shared-var	metadata-only collection manifest; use obs->X->var links for payload resolution	shared_exact_hash	prism_collection/GSE219317/var.h5ad	6ZjtctMGLD6ILh6F0002	LV1i60eKJwzJzhkgZr8iFw	prism_collection/GSE219317
prism_collection/GSE219317	GSE219317	PRISM	Nj6GC0Mffntg0yDh0000	prism_collection/GSE219317/chunk_0067/obs.parquet	canonical_obs	prism_collection/GSE219317	prism_collection/GSE219317/chunk_0067	chunk	chunk_0067	67	1000	27776	unknown					scRNA-seq	unknown	CRISPR	unknown	unknown	unknown	True	True	False	False	triplet-integrity-ok	2	original	jkobject:GCjqQtGwPzkY	jkobject:GCjqQtGwPzkY	additions	20260624-shared-var	metadata-only collection manifest; use obs->X->var links for payload resolution	shared_exact_hash	prism_collection/GSE219317/var.h5ad	6ZjtctMGLD6ILh6F0002	LV1i60eKJwzJzhkgZr8iFw	prism_collection/GSE219317
prism_collection/GSE219317	GSE219317	PRISM	4lJvaSpsIiUdHK3f0000	prism_collection/GSE219317/chunk_0068/obs.parquet	canonical_obs	prism_collection/GSE219317	prism_collection/GSE219317/chunk_0068	chunk	chunk_0068	68	1000	27776	unknown					scRNA-seq	unknown	CRISPR	unknown	unknown	unknown	True	True	False	False	triplet-integrity-ok	2	original	jkobject:GCjqQtGwPzkY	jkobject:GCjqQtGwPzkY	additions	20260624-shared-var	metadata-only collection manifest; use obs->X->var links for payload resolution	shared_exact_hash	prism_collection/GSE219317/var.h5ad	6ZjtctMGLD6ILh6F0002	LV1i60eKJwzJzhkgZr8iFw	prism_collection/GSE219317
prism_collection/GSE219317	GSE219317	PRISM	8FBXXibUXYZuxur20000	prism_collection/GSE219317/chunk_0069/obs.parquet	canonical_obs	prism_collection/GSE219317	prism_collection/GSE219317/chunk_0069	chunk	chunk_0069	69	1000	27776	unknown					scRNA-seq	unknown	CRISPR	unknown	unknown	unknown	True	True	False	False	triplet-integrity-ok	2	original	jkobject:GCjqQtGwPzkY	jkobject:GCjqQtGwPzkY	additions	20260624-shared-var	metadata-only collection manifest; use obs->X->var links for payload resolution	shared_exact_hash	prism_collection/GSE219317/var.h5ad	6ZjtctMGLD6ILh6F0002	LV1i60eKJwzJzhkgZr8iFw	prism_collection/GSE219317
prism_collection/GSE219317	GSE219317	PRISM	hHX4WZLEXAz7RV2x0000	prism_collection/GSE219317/chunk_0070/obs.parquet	canonical_obs	prism_collection/GSE219317	prism_collection/GSE219317/chunk_0070	chunk	chunk_0070	70	1000	27776	unknown					scRNA-seq	unknown	CRISPR	unknown	unknown	unknown	True	True	False	False	triplet-integrity-ok	2	original	jkobject:GCjqQtGwPzkY	jkobject:GCjqQtGwPzkY	additions	20260624-shared-var	metadata-only collection manifest; use obs->X->var links for payload resolution	shared_exact_hash	prism_collection/GSE219317/var.h5ad	6ZjtctMGLD6ILh6F0002	LV1i60eKJwzJzhkgZr8iFw	prism_collection/GSE219317
prism_collection/GSE219317	GSE219317	PRISM	TsdNNrpkdnQG79L80000	prism_collection/GSE219317/chunk_0071/obs.parquet	canonical_obs	prism_collection/GSE219317	prism_collection/GSE219317/chunk_0071	chunk	chunk_0071	71	1000	27776	unknown					scRNA-seq	unknown	CRISPR	unknown	unknown	unknown	True	True	False	False	triplet-integrity-ok	2	original	jkobject:GCjqQtGwPzkY	jkobject:GCjqQtGwPzkY	additions	20260624-shared-var	metadata-only collection manifest; use obs->X->var links for payload resolution	shared_exact_hash	prism_collection/GSE219317/var.h5ad	6ZjtctMGLD6ILh6F0002	LV1i60eKJwzJzhkgZr8iFw	prism_collection/GSE219317
prism_collection/GSE219317	GSE219317	PRISM	r2RjXHuT1fMqnnLQ0000	prism_collection/GSE219317/chunk_0072/obs.parquet	canonical_obs	prism_collection/GSE219317	prism_collection/GSE219317/chunk_0072	chunk	chunk_0072	72	1000	27776	unknown					scRNA-seq	unknown	CRISPR	unknown	unknown	unknown	True	True	False	False	triplet-integrity-ok	2	original	jkobject:GCjqQtGwPzkY	jkobject:GCjqQtGwPzkY	additions	20260624-shared-var	metadata-only collection manifest; use obs->X->var links for payload resolution	shared_exact_hash	prism_collection/GSE219317/var.h5ad	6ZjtctMGLD6ILh6F0002	LV1i60eKJwzJzhkgZr8iFw	prism_collection/GSE219317
prism_collection/GSE219317	GSE219317	PRISM	PBiJklepwt2GG7bq0000	prism_collection/GSE219317/chunk_0073/obs.parquet	canonical_obs	prism_collection/GSE219317	prism_collection/GSE219317/chunk_0073	chunk	chunk_0073	73	1000	27776	unknown					scRNA-seq	unknown	CRISPR	unknown	unknown	unknown	True	True	False	False	triplet-integrity-ok	2	original	jkobject:GCjqQtGwPzkY	jkobject:GCjqQtGwPzkY	additions	20260624-shared-var	metadata-only collection manifest; use obs->X->var links for payload resolution	shared_exact_hash	prism_collection/GSE219317/var.h5ad	6ZjtctMGLD6ILh6F0002	LV1i60eKJwzJzhkgZr8iFw	prism_collection/GSE219317
prism_collection/GSE219317	GSE219317	PRISM	k29Q8cUguhBHZmnw0000	prism_collection/GSE219317/chunk_0074/obs.parquet	canonical_obs	prism_collection/GSE219317	prism_collection/GSE219317/chunk_0074	chunk	chunk_0074	74	1000	27776	unknown					scRNA-seq	unknown	CRISPR	unknown	unknown	unknown	True	True	False	False	triplet-integrity-ok	2	original	jkobject:GCjqQtGwPzkY	jkobject:GCjqQtGwPzkY	additions	20260624-shared-var	metadata-only collection manifest; use obs->X->var links for payload resolution	shared_exact_hash	prism_collection/GSE219317/var.h5ad	6ZjtctMGLD6ILh6F0002	LV1i60eKJwzJzhkgZr8iFw	prism_collection/GSE219317
prism_collection/GSE219317	GSE219317	PRISM	cewLKXT8nuErLntm0000	prism_collection/GSE219317/chunk_0075/obs.parquet	canonical_obs	prism_collection/GSE219317	prism_collection/GSE219317/chunk_0075	chunk	chunk_0075	75	1000	27776	unknown					scRNA-seq	unknown	CRISPR	unknown	unknown	unknown	True	True	False	False	triplet-integrity-ok	2	original	jkobject:GCjqQtGwPzkY	jkobject:GCjqQtGwPzkY	additions	20260624-shared-var	metadata-only collection manifest; use obs->X->var links for payload resolution	shared_exact_hash	prism_collection/GSE219317/var.h5ad	6ZjtctMGLD6ILh6F0002	LV1i60eKJwzJzhkgZr8iFw	prism_collection/GSE219317
prism_collection/GSE219317	GSE219317	PRISM	cbsA7mwce0h5hFT30000	prism_collection/GSE219317/chunk_0076/obs.parquet	canonical_obs	prism_collection/GSE219317	prism_collection/GSE219317/chunk_0076	chunk	chunk_0076	76	1000	27776	unknown					scRNA-seq	unknown	CRISPR	unknown	unknown	unknown	True	True	False	False	triplet-integrity-ok	2	original	jkobject:GCjqQtGwPzkY	jkobject:GCjqQtGwPzkY	additions	20260624-shared-var	metadata-only collection manifest; use obs->X->var links for payload resolution	shared_exact_hash	prism_collection/GSE219317/var.h5ad	6ZjtctMGLD6ILh6F0002	LV1i60eKJwzJzhkgZr8iFw	prism_collection/GSE219317
prism_collection/GSE219317	GSE219317	PRISM	C1x9dXPn3dxZ00Z20000	prism_collection/GSE219317/chunk_0077/obs.parquet	canonical_obs	prism_collection/GSE219317	prism_collection/GSE219317/chunk_0077	chunk	chunk_0077	77	1000	27776	unknown					scRNA-seq	unknown	CRISPR	unknown	unknown	unknown	True	True	False	False	triplet-integrity-ok	2	original	jkobject:GCjqQtGwPzkY	jkobject:GCjqQtGwPzkY	additions	20260624-shared-var	metadata-only collection manifest; use obs->X->var links for payload resolution	shared_exact_hash	prism_collection/GSE219317/var.h5ad	6ZjtctMGLD6ILh6F0002	LV1i60eKJwzJzhkgZr8iFw	prism_collection/GSE219317
prism_collection/GSE219317	GSE219317	PRISM	zCh0VUIDr6gi0pYH0000	prism_collection/GSE219317/chunk_0078/obs.parquet	canonical_obs	prism_collection/GSE219317	prism_collection/GSE219317/chunk_0078	chunk	chunk_0078	78	1000	27776	unknown					scRNA-seq	unknown	CRISPR	unknown	unknown	unknown	True	True	False	False	triplet-integrity-ok	2	original	jkobject:GCjqQtGwPzkY	jkobject:GCjqQtGwPzkY	additions	20260624-shared-var	metadata-only collection manifest; use obs->X->var links for payload resolution	shared_exact_hash	prism_collection/GSE219317/var.h5ad	6ZjtctMGLD6ILh6F0002	LV1i60eKJwzJzhkgZr8iFw	prism_collection/GSE219317
prism_collection/GSE219317	GSE219317	PRISM	sABiSq44RkvrZeRB0000	prism_collection/GSE219317/chunk_0079/obs.parquet	canonical_obs	prism_collection/GSE219317	prism_collection/GSE219317/chunk_0079	chunk	chunk_0079	79	1000	27776	unknown					scRNA-seq	unknown	CRISPR	unknown	unknown	unknown	True	True	False	False	triplet-integrity-ok	2	original	jkobject:GCjqQtGwPzkY	jkobject:GCjqQtGwPzkY	additions	20260624-shared-var	metadata-only collection manifest; use obs->X->var links for payload resolution	shared_exact_hash	prism_collection/GSE219317/var.h5ad	6ZjtctMGLD6ILh6F0002	LV1i60eKJwzJzhkgZr8iFw	prism_collection/GSE219317
prism_collection/GSE219317	GSE219317	PRISM	aHApwqKpdFTbluLu0000	prism_collection/GSE219317/chunk_0080/obs.parquet	canonical_obs	prism_collection/GSE219317	prism_collection/GSE219317/chunk_0080	chunk	chunk_0080	80	1000	27776	unknown					scRNA-seq	unknown	CRISPR	unknown	unknown	unknown	True	True	False	False	triplet-integrity-ok	2	original	jkobject:GCjqQtGwPzkY	jkobject:GCjqQtGwPzkY	additions	20260624-shared-var	metadata-only collection manifest; use obs->X->var links for payload resolution	shared_exact_hash	prism_collection/GSE219317/var.h5ad	6ZjtctMGLD6ILh6F0002	LV1i60eKJwzJzhkgZr8iFw	prism_collection/GSE219317
prism_collection/GSE219317	GSE219317	PRISM	xwmi9xvYNB1Lje0J0000	prism_collection/GSE219317/chunk_0081/obs.parquet	canonical_obs	prism_collection/GSE219317	prism_collection/GSE219317/chunk_0081	chunk	chunk_0081	81	1000	27776	unknown					scRNA-seq	unknown	CRISPR	unknown	unknown	unknown	True	True	False	False	triplet-integrity-ok	2	original	jkobject:GCjqQtGwPzkY	jkobject:GCjqQtGwPzkY	additions	20260624-shared-var	metadata-only collection manifest; use obs->X->var links for payload resolution	shared_exact_hash	prism_collection/GSE219317/var.h5ad	6ZjtctMGLD6ILh6F0002	LV1i60eKJwzJzhkgZr8iFw	prism_collection/GSE219317
prism_collection/GSE219317	GSE219317	PRISM	WOg9HD8mG7aJYg0C0000	prism_collection/GSE219317/chunk_0082/obs.parquet	canonical_obs	prism_collection/GSE219317	prism_collection/GSE219317/chunk_0082	chunk	chunk_0082	82	1000	27776	unknown					scRNA-seq	unknown	CRISPR	unknown	unknown	unknown	True	True	False	False	triplet-integrity-ok	2	original	jkobject:GCjqQtGwPzkY	jkobject:GCjqQtGwPzkY	additions	20260624-shared-var	metadata-only collection manifest; use obs->X->var links for payload resolution	shared_exact_hash	prism_collection/GSE219317/var.h5ad	6ZjtctMGLD6ILh6F0002	LV1i60eKJwzJzhkgZr8iFw	prism_collection/GSE219317
prism_collection/GSE219317	GSE219317	PRISM	YUKUiH55vjjPtfXH0000	prism_collection/GSE219317/chunk_0083/obs.parquet	canonical_obs	prism_collection/GSE219317	prism_collection/GSE219317/chunk_0083	chunk	chunk_0083	83	1000	27776	unknown					scRNA-seq	unknown	CRISPR	unknown	unknown	unknown	True	True	False	False	triplet-integrity-ok	2	original	jkobject:GCjqQtGwPzkY	jkobject:GCjqQtGwPzkY	additions	20260624-shared-var	metadata-only collection manifest; use obs->X->var links for payload resolution	shared_exact_hash	prism_collection/GSE219317/var.h5ad	6ZjtctMGLD6ILh6F0002	LV1i60eKJwzJzhkgZr8iFw	prism_collection/GSE219317
prism_collection/GSE219317	GSE219317	PRISM	iQHTb1XUUTmb9IeW0000	prism_collection/GSE219317/chunk_0084/obs.parquet	canonical_obs	prism_collection/GSE219317	prism_collection/GSE219317/chunk_0084	chunk	chunk_0084	84	1000	27776	unknown					scRNA-seq	unknown	CRISPR	unknown	unknown	unknown	True	True	False	False	triplet-integrity-ok	2	original	jkobject:GCjqQtGwPzkY	jkobject:GCjqQtGwPzkY	additions	20260624-shared-var	metadata-only collection manifest; use obs->X->var links for payload resolution	shared_exact_hash	prism_collection/GSE219317/var.h5ad	6ZjtctMGLD6ILh6F0002	LV1i60eKJwzJzhkgZr8iFw	prism_collection/GSE219317
prism_collection/GSE219317	GSE219317	PRISM	OtN3dnpW7Ff9657l0000	prism_collection/GSE219317/chunk_0085/obs.parquet	canonical_obs	prism_collection/GSE219317	prism_collection/GSE219317/chunk_0085	chunk	chunk_0085	85	1000	27776	unknown					scRNA-seq	unknown	CRISPR	unknown	unknown	unknown	True	True	False	False	triplet-integrity-ok	2	original	jkobject:GCjqQtGwPzkY	jkobject:GCjqQtGwPzkY	additions	20260624-shared-var	metadata-only collection manifest; use obs->X->var links for payload resolution	shared_exact_hash	prism_collection/GSE219317/var.h5ad	6ZjtctMGLD6ILh6F0002	LV1i60eKJwzJzhkgZr8iFw	prism_collection/GSE219317
prism_collection/GSE219317	GSE219317	PRISM	5Ji6LEiwq4z9S72e0000	prism_collection/GSE219317/chunk_0086/obs.parquet	canonical_obs	prism_collection/GSE219317	prism_collection/GSE219317/chunk_0086	chunk	chunk_0086	86	1000	27776	unknown					scRNA-seq	unknown	CRISPR	unknown	unknown	unknown	True	True	False	False	triplet-integrity-ok	2	original	jkobject:GCjqQtGwPzkY	jkobject:GCjqQtGwPzkY	additions	20260624-shared-var	metadata-only collection manifest; use obs->X->var links for payload resolution	shared_exact_hash	prism_collection/GSE219317/var.h5ad	6ZjtctMGLD6ILh6F0002	LV1i60eKJwzJzhkgZr8iFw	prism_collection/GSE219317
prism_collection/GSE219317	GSE219317	PRISM	khda74jBGxdzVisZ0000	prism_collection/GSE219317/chunk_0087/obs.parquet	canonical_obs	prism_collection/GSE219317	prism_collection/GSE219317/chunk_0087	chunk	chunk_0087	87	1000	27776	unknown					scRNA-seq	unknown	CRISPR	unknown	unknown	unknown	True	True	False	False	triplet-integrity-ok	2	original	jkobject:GCjqQtGwPzkY	jkobject:GCjqQtGwPzkY	additions	20260624-shared-var	metadata-only collection manifest; use obs->X->var links for payload resolution	shared_exact_hash	prism_collection/GSE219317/var.h5ad	6ZjtctMGLD6ILh6F0002	LV1i60eKJwzJzhkgZr8iFw	prism_collection/GSE219317
prism_collection/GSE219317	GSE219317	PRISM	HGjWGaecjBTDZfsp0000	prism_collection/GSE219317/chunk_0088/obs.parquet	canonical_obs	prism_collection/GSE219317	prism_collection/GSE219317/chunk_0088	chunk	chunk_0088	88	1000	27776	unknown					scRNA-seq	unknown	CRISPR	unknown	unknown	unknown	True	True	True	False	triplet-integrity-ok	2	original	jkobject:GCjqQtGwPzkY	jkobject:GCjqQtGwPzkY	additions	20260624-shared-var	metadata-only collection manifest; use obs->X->var links for payload resolution	shared_exact_hash	prism_collection/GSE219317/var.h5ad	6ZjtctMGLD6ILh6F0002	LV1i60eKJwzJzhkgZr8iFw	prism_collection/GSE219317
prism_collection/GSE219317	GSE219317	PRISM	VNGFqL1AJWnDO6I60000	prism_collection/GSE219317/chunk_0089/obs.parquet	canonical_obs	prism_collection/GSE219317	prism_collection/GSE219317/chunk_0089	chunk	chunk_0089	89	1000	27776	unknown					scRNA-seq	unknown	CRISPR	unknown	unknown	unknown	True	True	False	False	triplet-integrity-ok	2	original	jkobject:GCjqQtGwPzkY	jkobject:GCjqQtGwPzkY	additions	20260624-shared-var	metadata-only collection manifest; use obs->X->var links for payload resolution	shared_exact_hash	prism_collection/GSE219317/var.h5ad	6ZjtctMGLD6ILh6F0002	LV1i60eKJwzJzhkgZr8iFw	prism_collection/GSE219317
prism_collection/GSE219317	GSE219317	PRISM	iyZdJZLn5v8lVH010000	prism_collection/GSE219317/chunk_0090/obs.parquet	canonical_obs	prism_collection/GSE219317	prism_collection/GSE219317/chunk_0090	chunk	chunk_0090	90	1000	27776	unknown					scRNA-seq	unknown	CRISPR	unknown	unknown	unknown	True	True	False	False	triplet-integrity-ok	2	original	jkobject:GCjqQtGwPzkY	jkobject:GCjqQtGwPzkY	additions	20260624-shared-var	metadata-only collection manifest; use obs->X->var links for payload resolution	shared_exact_hash	prism_collection/GSE219317/var.h5ad	6ZjtctMGLD6ILh6F0002	LV1i60eKJwzJzhkgZr8iFw	prism_collection/GSE219317
prism_collection/GSE219317	GSE219317	PRISM	wtWPzXgE8ktDMQbc0000	prism_collection/GSE219317/chunk_0091/obs.parquet	canonical_obs	prism_collection/GSE219317	prism_collection/GSE219317/chunk_0091	chunk	chunk_0091	91	1000	27776	unknown					scRNA-seq	unknown	CRISPR	unknown	unknown	unknown	True	True	False	False	triplet-integrity-ok	2	original	jkobject:GCjqQtGwPzkY	jkobject:GCjqQtGwPzkY	additions	20260624-shared-var	metadata-only collection manifest; use obs->X->var links for payload resolution	shared_exact_hash	prism_collection/GSE219317/var.h5ad	6ZjtctMGLD6ILh6F0002	LV1i60eKJwzJzhkgZr8iFw	prism_collection/GSE219317
prism_collection/GSE219317	GSE219317	PRISM	eRS8ObwPpkQip4l50000	prism_collection/GSE219317/chunk_0092/obs.parquet	canonical_obs	prism_collection/GSE219317	prism_collection/GSE219317/chunk_0092	chunk	chunk_0092	92	1000	27776	unknown					scRNA-seq	unknown	CRISPR	unknown	unknown	unknown	True	True	False	False	triplet-integrity-ok	2	original	jkobject:GCjqQtGwPzkY	jkobject:GCjqQtGwPzkY	additions	20260624-shared-var	metadata-only collection manifest; use obs->X->var links for payload resolution	shared_exact_hash	prism_collection/GSE219317/var.h5ad	6ZjtctMGLD6ILh6F0002	LV1i60eKJwzJzhkgZr8iFw	prism_collection/GSE219317
prism_collection/GSE219317	GSE219317	PRISM	wPYBazEur61KROGW0000	prism_collection/GSE219317/chunk_0093/obs.parquet	canonical_obs	prism_collection/GSE219317	prism_collection/GSE219317/chunk_0093	chunk	chunk_0093	93	1000	27776	unknown					scRNA-seq	unknown	CRISPR	unknown	unknown	unknown	True	True	False	False	triplet-integrity-ok	2	original	jkobject:GCjqQtGwPzkY	jkobject:GCjqQtGwPzkY	additions	20260624-shared-var	metadata-only collection manifest; use obs->X->var links for payload resolution	shared_exact_hash	prism_collection/GSE219317/var.h5ad	6ZjtctMGLD6ILh6F0002	LV1i60eKJwzJzhkgZr8iFw	prism_collection/GSE219317
prism_collection/GSE219317	GSE219317	PRISM	qkxOvByMPzWNVVnO0000	prism_collection/GSE219317/chunk_0094/obs.parquet	canonical_obs	prism_collection/GSE219317	prism_collection/GSE219317/chunk_0094	chunk	chunk_0094	94	1000	27776	unknown					scRNA-seq	unknown	CRISPR	unknown	unknown	unknown	True	True	False	False	triplet-integrity-ok	2	original	jkobject:GCjqQtGwPzkY	jkobject:GCjqQtGwPzkY	additions	20260624-shared-var	metadata-only collection manifest; use obs->X->var links for payload resolution	shared_exact_hash	prism_collection/GSE219317/var.h5ad	6ZjtctMGLD6ILh6F0002	LV1i60eKJwzJzhkgZr8iFw	prism_collection/GSE219317
prism_collection/GSE219317	GSE219317	PRISM	UPBUZqhl3AUvtKDe0000	prism_collection/GSE219317/chunk_0095/obs.parquet	canonical_obs	prism_collection/GSE219317	prism_collection/GSE219317/chunk_0095	chunk	chunk_0095	95	279	27776	unknown					scRNA-seq	unknown	CRISPR	unknown	unknown	unknown	True	True	False	False	triplet-integrity-ok	2	original	jkobject:GCjqQtGwPzkY	jkobject:GCjqQtGwPzkY	additions	20260624-shared-var	metadata-only collection manifest; use obs->X->var links for payload resolution	shared_exact_hash	prism_collection/GSE219317/var.h5ad	6ZjtctMGLD6ILh6F0002	LV1i60eKJwzJzhkgZr8iFw	prism_collection/GSE219317
prism_collection/GSE220974	GSE220974	PRISM	q3lwkjXHsr49O2zC0000	prism_collection/GSE220974/chunk_0000/obs.parquet	canonical_obs	prism_collection/GSE220974	prism_collection/GSE220974/chunk_0000	chunk	chunk_0000	0	5000	23760	unknown					scRNA-seq	unknown	CRISPR	unknown	unknown	unknown	True	True	False	False	triplet-integrity-ok	2	original	jkobject:GCjqQtGwPzkY	jkobject:GCjqQtGwPzkY	additions	20260624-shared-var	metadata-only collection manifest; use obs->X->var links for payload resolution	shared_exact_hash	prism_collection/GSE220974/var.h5ad	AsQ6RCLyZ6mh8sxu0002	5bqQ1xNgcvE-k7hEcq8iiw	prism_collection/GSE220974
prism_collection/GSE220974	GSE220974	PRISM	1FAFUOzuGuPZ8jyn0000	prism_collection/GSE220974/chunk_0001/obs.parquet	canonical_obs	prism_collection/GSE220974	prism_collection/GSE220974/chunk_0001	chunk	chunk_0001	1	5000	23760	unknown					scRNA-seq	unknown	CRISPR	unknown	unknown	unknown	True	True	False	False	triplet-integrity-ok	2	original	jkobject:GCjqQtGwPzkY	jkobject:GCjqQtGwPzkY	additions	20260624-shared-var	metadata-only collection manifest; use obs->X->var links for payload resolution	shared_exact_hash	prism_collection/GSE220974/var.h5ad	AsQ6RCLyZ6mh8sxu0002	5bqQ1xNgcvE-k7hEcq8iiw	prism_collection/GSE220974
prism_collection/GSE220974	GSE220974	PRISM	c8u5fNQhOxoADNRj0000	prism_collection/GSE220974/chunk_0002/obs.parquet	canonical_obs	prism_collection/GSE220974	prism_collection/GSE220974/chunk_0002	chunk	chunk_0002	2	5000	23760	unknown					scRNA-seq	unknown	CRISPR	unknown	unknown	unknown	True	True	False	False	triplet-integrity-ok	2	original	jkobject:GCjqQtGwPzkY	jkobject:GCjqQtGwPzkY	additions	20260624-shared-var	metadata-only collection manifest; use obs->X->var links for payload resolution	shared_exact_hash	prism_collection/GSE220974/var.h5ad	AsQ6RCLyZ6mh8sxu0002	5bqQ1xNgcvE-k7hEcq8iiw	prism_collection/GSE220974
prism_collection/GSE220974	GSE220974	PRISM	VYZBaa8BDwSQov1p0000	prism_collection/GSE220974/chunk_0003/obs.parquet	canonical_obs	prism_collection/GSE220974	prism_collection/GSE220974/chunk_0003	chunk	chunk_0003	3	5000	23760	unknown					scRNA-seq	unknown	CRISPR	unknown	unknown	unknown	True	True	False	False	triplet-integrity-ok	2	original	jkobject:GCjqQtGwPzkY	jkobject:GCjqQtGwPzkY	additions	20260624-shared-var	metadata-only collection manifest; use obs->X->var links for payload resolution	shared_exact_hash	prism_collection/GSE220974/var.h5ad	AsQ6RCLyZ6mh8sxu0002	5bqQ1xNgcvE-k7hEcq8iiw	prism_collection/GSE220974
prism_collection/GSE220974	GSE220974	PRISM	kkfFJURpr13v3nrk0000	prism_collection/GSE220974/chunk_0004/obs.parquet	canonical_obs	prism_collection/GSE220974	prism_collection/GSE220974/chunk_0004	chunk	chunk_0004	4	4661	23760	unknown					scRNA-seq	unknown	CRISPR	unknown	unknown	unknown	True	True	False	False	triplet-integrity-ok	2	original	jkobject:GCjqQtGwPzkY	jkobject:GCjqQtGwPzkY	additions	20260624-shared-var	metadata-only collection manifest; use obs->X->var links for payload resolution	shared_exact_hash	prism_collection/GSE220974/var.h5ad	AsQ6RCLyZ6mh8sxu0002	5bqQ1xNgcvE-k7hEcq8iiw	prism_collection/GSE220974
prism_collection/GSE221321	GSE221321	PRISM	Mczd5stcYNJk2U8H0000	prism_collection/GSE221321/chunk_0000/obs.parquet	canonical_obs	prism_collection/GSE221321	prism_collection/GSE221321/chunk_0000	chunk	chunk_0000	0	5000	14275	unknown					scRNA-seq	unknown	CRISPR	unknown	unknown	unknown	True	True	False	False	triplet-integrity-ok	2	original	jkobject:GCjqQtGwPzkY	jkobject:GCjqQtGwPzkY	additions	20260624-shared-var	metadata-only collection manifest; use obs->X->var links for payload resolution	shared_exact_hash	prism_collection/GSE221321/var.h5ad	xnhWwxuNeLWAc39j0000	iEkqzmRNQYZSoGR9faFErQ	prism_collection/GSE221321
prism_collection/GSE221321	GSE221321	PRISM	GcCmdF4thGtLvIJG0000	prism_collection/GSE221321/chunk_0001/obs.parquet	canonical_obs	prism_collection/GSE221321	prism_collection/GSE221321/chunk_0001	chunk	chunk_0001	1	5000	14275	unknown					scRNA-seq	unknown	CRISPR	unknown	unknown	unknown	True	True	False	False	triplet-integrity-ok	2	original	jkobject:GCjqQtGwPzkY	jkobject:GCjqQtGwPzkY	additions	20260624-shared-var	metadata-only collection manifest; use obs->X->var links for payload resolution	shared_exact_hash	prism_collection/GSE221321/var.h5ad	xnhWwxuNeLWAc39j0000	iEkqzmRNQYZSoGR9faFErQ	prism_collection/GSE221321
prism_collection/GSE221321	GSE221321	PRISM	T8lcV1eDIqYLKXaW0000	prism_collection/GSE221321/chunk_0002/obs.parquet	canonical_obs	prism_collection/GSE221321	prism_collection/GSE221321/chunk_0002	chunk	chunk_0002	2	5000	14275	unknown					scRNA-seq	unknown	CRISPR	unknown	unknown	unknown	True	True	False	False	triplet-integrity-ok	2	original	jkobject:GCjqQtGwPzkY	jkobject:GCjqQtGwPzkY	additions	20260624-shared-var	metadata-only collection manifest; use obs->X->var links for payload resolution	shared_exact_hash	prism_collection/GSE221321/var.h5ad	xnhWwxuNeLWAc39j0000	iEkqzmRNQYZSoGR9faFErQ	prism_collection/GSE221321
prism_collection/GSE221321	GSE221321	PRISM	7fVeDM33zfrVfnmz0000	prism_collection/GSE221321/chunk_0003/obs.parquet	canonical_obs	prism_collection/GSE221321	prism_collection/GSE221321/chunk_0003	chunk	chunk_0003	3	5000	14275	unknown					scRNA-seq	unknown	CRISPR	unknown	unknown	unknown	True	True	False	False	triplet-integrity-ok	2	original	jkobject:GCjqQtGwPzkY	jkobject:GCjqQtGwPzkY	additions	20260624-shared-var	metadata-only collection manifest; use obs->X->var links for payload resolution	shared_exact_hash	prism_collection/GSE221321/var.h5ad	xnhWwxuNeLWAc39j0000	iEkqzmRNQYZSoGR9faFErQ	prism_collection/GSE221321
prism_collection/GSE221321	GSE221321	PRISM	F43u2PoizehU5eKJ0000	prism_collection/GSE221321/chunk_0004/obs.parquet	canonical_obs	prism_collection/GSE221321	prism_collection/GSE221321/chunk_0004	chunk	chunk_0004	4	5000	14275	unknown					scRNA-seq	unknown	CRISPR	unknown	unknown	unknown	True	True	False	False	triplet-integrity-ok	2	original	jkobject:GCjqQtGwPzkY	jkobject:GCjqQtGwPzkY	additions	20260624-shared-var	metadata-only collection manifest; use obs->X->var links for payload resolution	shared_exact_hash	prism_collection/GSE221321/var.h5ad	xnhWwxuNeLWAc39j0000	iEkqzmRNQYZSoGR9faFErQ	prism_collection/GSE221321
prism_collection/GSE221321	GSE221321	PRISM	3BnNodOc3CcrNzAJ0000	prism_collection/GSE221321/chunk_0005/obs.parquet	canonical_obs	prism_collection/GSE221321	prism_collection/GSE221321/chunk_0005	chunk	chunk_0005	5	5000	14275	unknown					scRNA-seq	unknown	CRISPR	unknown	unknown	unknown	True	True	False	False	triplet-integrity-ok	2	original	jkobject:GCjqQtGwPzkY	jkobject:GCjqQtGwPzkY	additions	20260624-shared-var	metadata-only collection manifest; use obs->X->var links for payload resolution	shared_exact_hash	prism_collection/GSE221321/var.h5ad	xnhWwxuNeLWAc39j0000	iEkqzmRNQYZSoGR9faFErQ	prism_collection/GSE221321
prism_collection/GSE221321	GSE221321	PRISM	h4ErIkP2mahGdKYq0000	prism_collection/GSE221321/chunk_0006/obs.parquet	canonical_obs	prism_collection/GSE221321	prism_collection/GSE221321/chunk_0006	chunk	chunk_0006	6	5000	14275	unknown					scRNA-seq	unknown	CRISPR	unknown	unknown	unknown	True	True	False	False	triplet-integrity-ok	2	original	jkobject:GCjqQtGwPzkY	jkobject:GCjqQtGwPzkY	additions	20260624-shared-var	metadata-only collection manifest; use obs->X->var links for payload resolution	shared_exact_hash	prism_collection/GSE221321/var.h5ad	xnhWwxuNeLWAc39j0000	iEkqzmRNQYZSoGR9faFErQ	prism_collection/GSE221321
prism_collection/GSE221321	GSE221321	PRISM	Yh6Q94m38c4LkuZl0000	prism_collection/GSE221321/chunk_0007/obs.parquet	canonical_obs	prism_collection/GSE221321	prism_collection/GSE221321/chunk_0007	chunk	chunk_0007	7	5000	14275	unknown					scRNA-seq	unknown	CRISPR	unknown	unknown	unknown	True	True	False	False	triplet-integrity-ok	2	original	jkobject:GCjqQtGwPzkY	jkobject:GCjqQtGwPzkY	additions	20260624-shared-var	metadata-only collection manifest; use obs->X->var links for payload resolution	shared_exact_hash	prism_collection/GSE221321/var.h5ad	xnhWwxuNeLWAc39j0000	iEkqzmRNQYZSoGR9faFErQ	prism_collection/GSE221321
prism_collection/GSE221321	GSE221321	PRISM	cqziK01geTjiSZwK0000	prism_collection/GSE221321/chunk_0008/obs.parquet	canonical_obs	prism_collection/GSE221321	prism_collection/GSE221321/chunk_0008	chunk	chunk_0008	8	5000	14275	unknown					scRNA-seq	unknown	CRISPR	unknown	unknown	unknown	True	True	False	False	triplet-integrity-ok	2	original	jkobject:GCjqQtGwPzkY	jkobject:GCjqQtGwPzkY	additions	20260624-shared-var	metadata-only collection manifest; use obs->X->var links for payload resolution	shared_exact_hash	prism_collection/GSE221321/var.h5ad	xnhWwxuNeLWAc39j0000	iEkqzmRNQYZSoGR9faFErQ	prism_collection/GSE221321
prism_collection/GSE221321	GSE221321	PRISM	DHj4IfFxPpEiEpdW0000	prism_collection/GSE221321/chunk_0009/obs.parquet	canonical_obs	prism_collection/GSE221321	prism_collection/GSE221321/chunk_0009	chunk	chunk_0009	9	5000	14275	unknown					scRNA-seq	unknown	CRISPR	unknown	unknown	unknown	True	True	False	False	triplet-integrity-ok	2	original	jkobject:GCjqQtGwPzkY	jkobject:GCjqQtGwPzkY	additions	20260624-shared-var	metadata-only collection manifest; use obs->X->var links for payload resolution	shared_exact_hash	prism_collection/GSE221321/var.h5ad	xnhWwxuNeLWAc39j0000	iEkqzmRNQYZSoGR9faFErQ	prism_collection/GSE221321
prism_collection/GSE221321	GSE221321	PRISM	x4XY3T9iYigmPRxH0000	prism_collection/GSE221321/chunk_0010/obs.parquet	canonical_obs	prism_collection/GSE221321	prism_collection/GSE221321/chunk_0010	chunk	chunk_0010	10	5000	14275	unknown					scRNA-seq	unknown	CRISPR	unknown	unknown	unknown	True	True	False	False	triplet-integrity-ok	2	original	jkobject:GCjqQtGwPzkY	jkobject:GCjqQtGwPzkY	additions	20260624-shared-var	metadata-only collection manifest; use obs->X->var links for payload resolution	shared_exact_hash	prism_collection/GSE221321/var.h5ad	xnhWwxuNeLWAc39j0000	iEkqzmRNQYZSoGR9faFErQ	prism_collection/GSE221321
prism_collection/GSE221321	GSE221321	PRISM	oOBZmc8BVOkEaXVf0000	prism_collection/GSE221321/chunk_0011/obs.parquet	canonical_obs	prism_collection/GSE221321	prism_collection/GSE221321/chunk_0011	chunk	chunk_0011	11	5000	14275	unknown					scRNA-seq	unknown	CRISPR	unknown	unknown	unknown	True	True	False	False	triplet-integrity-ok	2	original	jkobject:GCjqQtGwPzkY	jkobject:GCjqQtGwPzkY	additions	20260624-shared-var	metadata-only collection manifest; use obs->X->var links for payload resolution	shared_exact_hash	prism_collection/GSE221321/var.h5ad	xnhWwxuNeLWAc39j0000	iEkqzmRNQYZSoGR9faFErQ	prism_collection/GSE221321
prism_collection/GSE221321	GSE221321	PRISM	HDEvfR26iU9pbcGC0000	prism_collection/GSE221321/chunk_0012/obs.parquet	canonical_obs	prism_collection/GSE221321	prism_collection/GSE221321/chunk_0012	chunk	chunk_0012	12	5000	14275	unknown					scRNA-seq	unknown	CRISPR	unknown	unknown	unknown	True	True	False	False	triplet-integrity-ok	2	original	jkobject:GCjqQtGwPzkY	jkobject:GCjqQtGwPzkY	additions	20260624-shared-var	metadata-only collection manifest; use obs->X->var links for payload resolution	shared_exact_hash	prism_collection/GSE221321/var.h5ad	xnhWwxuNeLWAc39j0000	iEkqzmRNQYZSoGR9faFErQ	prism_collection/GSE221321
prism_collection/GSE221321	GSE221321	PRISM	3Vhu1Sa3a9shqqv20000	prism_collection/GSE221321/chunk_0013/obs.parquet	canonical_obs	prism_collection/GSE221321	prism_collection/GSE221321/chunk_0013	chunk	chunk_0013	13	5000	14275	unknown					scRNA-seq	unknown	CRISPR	unknown	unknown	unknown	True	True	False	False	triplet-integrity-ok	2	original	jkobject:GCjqQtGwPzkY	jkobject:GCjqQtGwPzkY	additions	20260624-shared-var	metadata-only collection manifest; use obs->X->var links for payload resolution	shared_exact_hash	prism_collection/GSE221321/var.h5ad	xnhWwxuNeLWAc39j0000	iEkqzmRNQYZSoGR9faFErQ	prism_collection/GSE221321
prism_collection/GSE221321	GSE221321	PRISM	FjE1TIJ5hf4EqBPz0000	prism_collection/GSE221321/chunk_0014/obs.parquet	canonical_obs	prism_collection/GSE221321	prism_collection/GSE221321/chunk_0014	chunk	chunk_0014	14	5000	14275	unknown					scRNA-seq	unknown	CRISPR	unknown	unknown	unknown	True	True	False	False	triplet-integrity-ok	2	original	jkobject:GCjqQtGwPzkY	jkobject:GCjqQtGwPzkY	additions	20260624-shared-var	metadata-only collection manifest; use obs->X->var links for payload resolution	shared_exact_hash	prism_collection/GSE221321/var.h5ad	xnhWwxuNeLWAc39j0000	iEkqzmRNQYZSoGR9faFErQ	prism_collection/GSE221321
prism_collection/GSE221321	GSE221321	PRISM	yWQOEPL3cfsghQGR0000	prism_collection/GSE221321/chunk_0015/obs.parquet	canonical_obs	prism_collection/GSE221321	prism_collection/GSE221321/chunk_0015	chunk	chunk_0015	15	5000	14275	unknown					scRNA-seq	unknown	CRISPR	unknown	unknown	unknown	True	True	True	False	triplet-integrity-ok	2	original	jkobject:GCjqQtGwPzkY	jkobject:GCjqQtGwPzkY	additions	20260624-shared-var	metadata-only collection manifest; use obs->X->var links for payload resolution	shared_exact_hash	prism_collection/GSE221321/var.h5ad	xnhWwxuNeLWAc39j0000	iEkqzmRNQYZSoGR9faFErQ	prism_collection/GSE221321
prism_collection/GSE221321	GSE221321	PRISM	vJIPH1yjewD93L040000	prism_collection/GSE221321/chunk_0016/obs.parquet	canonical_obs	prism_collection/GSE221321	prism_collection/GSE221321/chunk_0016	chunk	chunk_0016	16	5000	14275	unknown					scRNA-seq	unknown	CRISPR	unknown	unknown	unknown	True	True	False	False	triplet-integrity-ok	2	original	jkobject:GCjqQtGwPzkY	jkobject:GCjqQtGwPzkY	additions	20260624-shared-var	metadata-only collection manifest; use obs->X->var links for payload resolution	shared_exact_hash	prism_collection/GSE221321/var.h5ad	xnhWwxuNeLWAc39j0000	iEkqzmRNQYZSoGR9faFErQ	prism_collection/GSE221321
prism_collection/GSE221321	GSE221321	PRISM	RXEk66BsvuOOrdfj0000	prism_collection/GSE221321/chunk_0017/obs.parquet	canonical_obs	prism_collection/GSE221321	prism_collection/GSE221321/chunk_0017	chunk	chunk_0017	17	5000	14275	unknown					scRNA-seq	unknown	CRISPR	unknown	unknown	unknown	True	True	False	False	triplet-integrity-ok	2	original	jkobject:GCjqQtGwPzkY	jkobject:GCjqQtGwPzkY	additions	20260624-shared-var	metadata-only collection manifest; use obs->X->var links for payload resolution	shared_exact_hash	prism_collection/GSE221321/var.h5ad	xnhWwxuNeLWAc39j0000	iEkqzmRNQYZSoGR9faFErQ	prism_collection/GSE221321
prism_collection/GSE221321	GSE221321	PRISM	FRZfkqnsVmRtHeGn0000	prism_collection/GSE221321/chunk_0018/obs.parquet	canonical_obs	prism_collection/GSE221321	prism_collection/GSE221321/chunk_0018	chunk	chunk_0018	18	5000	14275	unknown					scRNA-seq	unknown	CRISPR	unknown	unknown	unknown	True	True	False	False	triplet-integrity-ok	2	original	jkobject:GCjqQtGwPzkY	jkobject:GCjqQtGwPzkY	additions	20260624-shared-var	metadata-only collection manifest; use obs->X->var links for payload resolution	shared_exact_hash	prism_collection/GSE221321/var.h5ad	xnhWwxuNeLWAc39j0000	iEkqzmRNQYZSoGR9faFErQ	prism_collection/GSE221321
prism_collection/GSE221321	GSE221321	PRISM	KCuTLUqgqKcwkivO0000	prism_collection/GSE221321/chunk_0019/obs.parquet	canonical_obs	prism_collection/GSE221321	prism_collection/GSE221321/chunk_0019	chunk	chunk_0019	19	5000	14275	unknown					scRNA-seq	unknown	CRISPR	unknown	unknown	unknown	True	True	False	False	triplet-integrity-ok	2	original	jkobject:GCjqQtGwPzkY	jkobject:GCjqQtGwPzkY	additions	20260624-shared-var	metadata-only collection manifest; use obs->X->var links for payload resolution	shared_exact_hash	prism_collection/GSE221321/var.h5ad	xnhWwxuNeLWAc39j0000	iEkqzmRNQYZSoGR9faFErQ	prism_collection/GSE221321
prism_collection/GSE221321	GSE221321	PRISM	KO9fQaKj682Ql3we0000	prism_collection/GSE221321/chunk_0020/obs.parquet	canonical_obs	prism_collection/GSE221321	prism_collection/GSE221321/chunk_0020	chunk	chunk_0020	20	5000	14275	unknown					scRNA-seq	unknown	CRISPR	unknown	unknown	unknown	True	True	False	False	triplet-integrity-ok	2	original	jkobject:GCjqQtGwPzkY	jkobject:GCjqQtGwPzkY	additions	20260624-shared-var	metadata-only collection manifest; use obs->X->var links for payload resolution	shared_exact_hash	prism_collection/GSE221321/var.h5ad	xnhWwxuNeLWAc39j0000	iEkqzmRNQYZSoGR9faFErQ	prism_collection/GSE221321
prism_collection/GSE221321	GSE221321	PRISM	okarkF08GOPqQALu0000	prism_collection/GSE221321/chunk_0021/obs.parquet	canonical_obs	prism_collection/GSE221321	prism_collection/GSE221321/chunk_0021	chunk	chunk_0021	21	5000	14275	unknown					scRNA-seq	unknown	CRISPR	unknown	unknown	unknown	True	True	False	False	triplet-integrity-ok	2	original	jkobject:GCjqQtGwPzkY	jkobject:GCjqQtGwPzkY	additions	20260624-shared-var	metadata-only collection manifest; use obs->X->var links for payload resolution	shared_exact_hash	prism_collection/GSE221321/var.h5ad	xnhWwxuNeLWAc39j0000	iEkqzmRNQYZSoGR9faFErQ	prism_collection/GSE221321
prism_collection/GSE221321	GSE221321	PRISM	5w3Ik8drBYjND4Xc0000	prism_collection/GSE221321/chunk_0022/obs.parquet	canonical_obs	prism_collection/GSE221321	prism_collection/GSE221321/chunk_0022	chunk	chunk_0022	22	5000	14275	unknown					scRNA-seq	unknown	CRISPR	unknown	unknown	unknown	True	True	False	False	triplet-integrity-ok	2	original	jkobject:GCjqQtGwPzkY	jkobject:GCjqQtGwPzkY	additions	20260624-shared-var	metadata-only collection manifest; use obs->X->var links for payload resolution	shared_exact_hash	prism_collection/GSE221321/var.h5ad	xnhWwxuNeLWAc39j0000	iEkqzmRNQYZSoGR9faFErQ	prism_collection/GSE221321
prism_collection/GSE221321	GSE221321	PRISM	rgBpPgxODnvPcZOS0000	prism_collection/GSE221321/chunk_0023/obs.parquet	canonical_obs	prism_collection/GSE221321	prism_collection/GSE221321/chunk_0023	chunk	chunk_0023	23	5000	14275	unknown					scRNA-seq	unknown	CRISPR	unknown	unknown	unknown	True	True	False	False	triplet-integrity-ok	2	original	jkobject:GCjqQtGwPzkY	jkobject:GCjqQtGwPzkY	additions	20260624-shared-var	metadata-only collection manifest; use obs->X->var links for payload resolution	shared_exact_hash	prism_collection/GSE221321/var.h5ad	xnhWwxuNeLWAc39j0000	iEkqzmRNQYZSoGR9faFErQ	prism_collection/GSE221321
prism_collection/GSE221321	GSE221321	PRISM	jGw4UCaa2Vv8o2Vp0000	prism_collection/GSE221321/chunk_0024/obs.parquet	canonical_obs	prism_collection/GSE221321	prism_collection/GSE221321/chunk_0024	chunk	chunk_0024	24	5000	14275	unknown					scRNA-seq	unknown	CRISPR	unknown	unknown	unknown	True	True	False	False	triplet-integrity-ok	2	original	jkobject:GCjqQtGwPzkY	jkobject:GCjqQtGwPzkY	additions	20260624-shared-var	metadata-only collection manifest; use obs->X->var links for payload resolution	shared_exact_hash	prism_collection/GSE221321/var.h5ad	xnhWwxuNeLWAc39j0000	iEkqzmRNQYZSoGR9faFErQ	prism_collection/GSE221321
prism_collection/GSE221321	GSE221321	PRISM	JXrFKACXjEUMSQoS0000	prism_collection/GSE221321/chunk_0025/obs.parquet	canonical_obs	prism_collection/GSE221321	prism_collection/GSE221321/chunk_0025	chunk	chunk_0025	25	5000	14275	unknown					scRNA-seq	unknown	CRISPR	unknown	unknown	unknown	True	True	False	False	triplet-integrity-ok	2	original	jkobject:GCjqQtGwPzkY	jkobject:GCjqQtGwPzkY	additions	20260624-shared-var	metadata-only collection manifest; use obs->X->var links for payload resolution	shared_exact_hash	prism_collection/GSE221321/var.h5ad	xnhWwxuNeLWAc39j0000	iEkqzmRNQYZSoGR9faFErQ	prism_collection/GSE221321
prism_collection/GSE221321	GSE221321	PRISM	r0jdX2SjX9nKQsR40000	prism_collection/GSE221321/chunk_0026/obs.parquet	canonical_obs	prism_collection/GSE221321	prism_collection/GSE221321/chunk_0026	chunk	chunk_0026	26	5000	14275	unknown					scRNA-seq	unknown	CRISPR	unknown	unknown	unknown	True	True	False	False	triplet-integrity-ok	2	original	jkobject:GCjqQtGwPzkY	jkobject:GCjqQtGwPzkY	additions	20260624-shared-var	metadata-only collection manifest; use obs->X->var links for payload resolution	shared_exact_hash	prism_collection/GSE221321/var.h5ad	xnhWwxuNeLWAc39j0000	iEkqzmRNQYZSoGR9faFErQ	prism_collection/GSE221321
prism_collection/GSE221321	GSE221321	PRISM	pnQ85QGYuM0VBUAD0000	prism_collection/GSE221321/chunk_0027/obs.parquet	canonical_obs	prism_collection/GSE221321	prism_collection/GSE221321/chunk_0027	chunk	chunk_0027	27	5000	14275	unknown					scRNA-seq	unknown	CRISPR	unknown	unknown	unknown	True	True	False	False	triplet-integrity-ok	2	original	jkobject:GCjqQtGwPzkY	jkobject:GCjqQtGwPzkY	additions	20260624-shared-var	metadata-only collection manifest; use obs->X->var links for payload resolution	shared_exact_hash	prism_collection/GSE221321/var.h5ad	xnhWwxuNeLWAc39j0000	iEkqzmRNQYZSoGR9faFErQ	prism_collection/GSE221321
prism_collection/GSE221321	GSE221321	PRISM	gdf0dV7mVwQVw5270000	prism_collection/GSE221321/chunk_0028/obs.parquet	canonical_obs	prism_collection/GSE221321	prism_collection/GSE221321/chunk_0028	chunk	chunk_0028	28	5000	14275	unknown					scRNA-seq	unknown	CRISPR	unknown	unknown	unknown	True	True	False	False	triplet-integrity-ok	2	original	jkobject:GCjqQtGwPzkY	jkobject:GCjqQtGwPzkY	additions	20260624-shared-var	metadata-only collection manifest; use obs->X->var links for payload resolution	shared_exact_hash	prism_collection/GSE221321/var.h5ad	xnhWwxuNeLWAc39j0000	iEkqzmRNQYZSoGR9faFErQ	prism_collection/GSE221321
prism_collection/GSE221321	GSE221321	PRISM	pDIV6MK6JPLLuQ2e0000	prism_collection/GSE221321/chunk_0029/obs.parquet	canonical_obs	prism_collection/GSE221321	prism_collection/GSE221321/chunk_0029	chunk	chunk_0029	29	5000	14275	unknown					scRNA-seq	unknown	CRISPR	unknown	unknown	unknown	True	True	False	False	triplet-integrity-ok	2	original	jkobject:GCjqQtGwPzkY	jkobject:GCjqQtGwPzkY	additions	20260624-shared-var	metadata-only collection manifest; use obs->X->var links for payload resolution	shared_exact_hash	prism_collection/GSE221321/var.h5ad	xnhWwxuNeLWAc39j0000	iEkqzmRNQYZSoGR9faFErQ	prism_collection/GSE221321
prism_collection/GSE221321	GSE221321	PRISM	ld9gjUqmFCpQ5lnH0000	prism_collection/GSE221321/chunk_0030/obs.parquet	canonical_obs	prism_collection/GSE221321	prism_collection/GSE221321/chunk_0030	chunk	chunk_0030	30	5000	14275	unknown					scRNA-seq	unknown	CRISPR	unknown	unknown	unknown	True	True	False	False	triplet-integrity-ok	2	original	jkobject:GCjqQtGwPzkY	jkobject:GCjqQtGwPzkY	additions	20260624-shared-var	metadata-only collection manifest; use obs->X->var links for payload resolution	shared_exact_hash	prism_collection/GSE221321/var.h5ad	xnhWwxuNeLWAc39j0000	iEkqzmRNQYZSoGR9faFErQ	prism_collection/GSE221321
prism_collection/GSE221321	GSE221321	PRISM	MBKckFGQSADZbzXt0000	prism_collection/GSE221321/chunk_0031/obs.parquet	canonical_obs	prism_collection/GSE221321	prism_collection/GSE221321/chunk_0031	chunk	chunk_0031	31	5000	14275	unknown					scRNA-seq	unknown	CRISPR	unknown	unknown	unknown	True	True	False	False	triplet-integrity-ok	2	original	jkobject:GCjqQtGwPzkY	jkobject:GCjqQtGwPzkY	additions	20260624-shared-var	metadata-only collection manifest; use obs->X->var links for payload resolution	shared_exact_hash	prism_collection/GSE221321/var.h5ad	xnhWwxuNeLWAc39j0000	iEkqzmRNQYZSoGR9faFErQ	prism_collection/GSE221321
prism_collection/GSE221321	GSE221321	PRISM	Onw0snvlQEIKS3Gu0000	prism_collection/GSE221321/chunk_0032/obs.parquet	canonical_obs	prism_collection/GSE221321	prism_collection/GSE221321/chunk_0032	chunk	chunk_0032	32	5000	14275	unknown					scRNA-seq	unknown	CRISPR	unknown	unknown	unknown	True	True	False	False	triplet-integrity-ok	2	original	jkobject:GCjqQtGwPzkY	jkobject:GCjqQtGwPzkY	additions	20260624-shared-var	metadata-only collection manifest; use obs->X->var links for payload resolution	shared_exact_hash	prism_collection/GSE221321/var.h5ad	xnhWwxuNeLWAc39j0000	iEkqzmRNQYZSoGR9faFErQ	prism_collection/GSE221321
prism_collection/GSE221321	GSE221321	PRISM	v8o6jUeMIELl2W7D0000	prism_collection/GSE221321/chunk_0033/obs.parquet	canonical_obs	prism_collection/GSE221321	prism_collection/GSE221321/chunk_0033	chunk	chunk_0033	33	5000	14275	unknown					scRNA-seq	unknown	CRISPR	unknown	unknown	unknown	True	True	False	False	triplet-integrity-ok	2	original	jkobject:GCjqQtGwPzkY	jkobject:GCjqQtGwPzkY	additions	20260624-shared-var	metadata-only collection manifest; use obs->X->var links for payload resolution	shared_exact_hash	prism_collection/GSE221321/var.h5ad	xnhWwxuNeLWAc39j0000	iEkqzmRNQYZSoGR9faFErQ	prism_collection/GSE221321
prism_collection/GSE221321	GSE221321	PRISM	0qhL5WQNC55lpiBJ0000	prism_collection/GSE221321/chunk_0034/obs.parquet	canonical_obs	prism_collection/GSE221321	prism_collection/GSE221321/chunk_0034	chunk	chunk_0034	34	5000	14275	unknown					scRNA-seq	unknown	CRISPR	unknown	unknown	unknown	True	True	False	False	triplet-integrity-ok	2	original	jkobject:GCjqQtGwPzkY	jkobject:GCjqQtGwPzkY	additions	20260624-shared-var	metadata-only collection manifest; use obs->X->var links for payload resolution	shared_exact_hash	prism_collection/GSE221321/var.h5ad	xnhWwxuNeLWAc39j0000	iEkqzmRNQYZSoGR9faFErQ	prism_collection/GSE221321
prism_collection/GSE221321	GSE221321	PRISM	aylW0Dkp3fUt2AWo0000	prism_collection/GSE221321/chunk_0035/obs.parquet	canonical_obs	prism_collection/GSE221321	prism_collection/GSE221321/chunk_0035	chunk	chunk_0035	35	5000	14275	unknown					scRNA-seq	unknown	CRISPR	unknown	unknown	unknown	True	True	False	False	triplet-integrity-ok	2	original	jkobject:GCjqQtGwPzkY	jkobject:GCjqQtGwPzkY	additions	20260624-shared-var	metadata-only collection manifest; use obs->X->var links for payload resolution	shared_exact_hash	prism_collection/GSE221321/var.h5ad	xnhWwxuNeLWAc39j0000	iEkqzmRNQYZSoGR9faFErQ	prism_collection/GSE221321
prism_collection/GSE221321	GSE221321	PRISM	5Li105X8xhGg1cwk0000	prism_collection/GSE221321/chunk_0036/obs.parquet	canonical_obs	prism_collection/GSE221321	prism_collection/GSE221321/chunk_0036	chunk	chunk_0036	36	5000	14275	unknown					scRNA-seq	unknown	CRISPR	unknown	unknown	unknown	True	True	False	False	triplet-integrity-ok	2	original	jkobject:GCjqQtGwPzkY	jkobject:GCjqQtGwPzkY	additions	20260624-shared-var	metadata-only collection manifest; use obs->X->var links for payload resolution	shared_exact_hash	prism_collection/GSE221321/var.h5ad	xnhWwxuNeLWAc39j0000	iEkqzmRNQYZSoGR9faFErQ	prism_collection/GSE221321
prism_collection/GSE221321	GSE221321	PRISM	GndhhzCTvueG2p1U0000	prism_collection/GSE221321/chunk_0037/obs.parquet	canonical_obs	prism_collection/GSE221321	prism_collection/GSE221321/chunk_0037	chunk	chunk_0037	37	5000	14275	unknown					scRNA-seq	unknown	CRISPR	unknown	unknown	unknown	True	True	False	False	triplet-integrity-ok	2	original	jkobject:GCjqQtGwPzkY	jkobject:GCjqQtGwPzkY	additions	20260624-shared-var	metadata-only collection manifest; use obs->X->var links for payload resolution	shared_exact_hash	prism_collection/GSE221321/var.h5ad	xnhWwxuNeLWAc39j0000	iEkqzmRNQYZSoGR9faFErQ	prism_collection/GSE221321
prism_collection/GSE221321	GSE221321	PRISM	G1SNgmWtx8yfTZ3q0000	prism_collection/GSE221321/chunk_0038/obs.parquet	canonical_obs	prism_collection/GSE221321	prism_collection/GSE221321/chunk_0038	chunk	chunk_0038	38	5000	14275	unknown					scRNA-seq	unknown	CRISPR	unknown	unknown	unknown	True	True	False	False	triplet-integrity-ok	2	original	jkobject:GCjqQtGwPzkY	jkobject:GCjqQtGwPzkY	additions	20260624-shared-var	metadata-only collection manifest; use obs->X->var links for payload resolution	shared_exact_hash	prism_collection/GSE221321/var.h5ad	xnhWwxuNeLWAc39j0000	iEkqzmRNQYZSoGR9faFErQ	prism_collection/GSE221321
prism_collection/GSE221321	GSE221321	PRISM	cXnBzZcRmi18tW2s0000	prism_collection/GSE221321/chunk_0039/obs.parquet	canonical_obs	prism_collection/GSE221321	prism_collection/GSE221321/chunk_0039	chunk	chunk_0039	39	5000	14275	unknown					scRNA-seq	unknown	CRISPR	unknown	unknown	unknown	True	True	False	False	triplet-integrity-ok	2	original	jkobject:GCjqQtGwPzkY	jkobject:GCjqQtGwPzkY	additions	20260624-shared-var	metadata-only collection manifest; use obs->X->var links for payload resolution	shared_exact_hash	prism_collection/GSE221321/var.h5ad	xnhWwxuNeLWAc39j0000	iEkqzmRNQYZSoGR9faFErQ	prism_collection/GSE221321
prism_collection/GSE221321	GSE221321	PRISM	ZX9w8vRH7iQcF0wq0000	prism_collection/GSE221321/chunk_0040/obs.parquet	canonical_obs	prism_collection/GSE221321	prism_collection/GSE221321/chunk_0040	chunk	chunk_0040	40	5000	14275	unknown					scRNA-seq	unknown	CRISPR	unknown	unknown	unknown	True	True	False	False	triplet-integrity-ok	2	original	jkobject:GCjqQtGwPzkY	jkobject:GCjqQtGwPzkY	additions	20260624-shared-var	metadata-only collection manifest; use obs->X->var links for payload resolution	shared_exact_hash	prism_collection/GSE221321/var.h5ad	xnhWwxuNeLWAc39j0000	iEkqzmRNQYZSoGR9faFErQ	prism_collection/GSE221321
prism_collection/GSE221321	GSE221321	PRISM	4c4vSGmdN02wPh6Y0000	prism_collection/GSE221321/chunk_0041/obs.parquet	canonical_obs	prism_collection/GSE221321	prism_collection/GSE221321/chunk_0041	chunk	chunk_0041	41	5000	14275	unknown					scRNA-seq	unknown	CRISPR	unknown	unknown	unknown	True	True	False	False	triplet-integrity-ok	2	original	jkobject:GCjqQtGwPzkY	jkobject:GCjqQtGwPzkY	additions	20260624-shared-var	metadata-only collection manifest; use obs->X->var links for payload resolution	shared_exact_hash	prism_collection/GSE221321/var.h5ad	xnhWwxuNeLWAc39j0000	iEkqzmRNQYZSoGR9faFErQ	prism_collection/GSE221321
prism_collection/GSE221321	GSE221321	PRISM	T0LgHj6bylnxIy870000	prism_collection/GSE221321/chunk_0042/obs.parquet	canonical_obs	prism_collection/GSE221321	prism_collection/GSE221321/chunk_0042	chunk	chunk_0042	42	131	14275	unknown					scRNA-seq	unknown	CRISPR	unknown	unknown	unknown	True	True	False	False	triplet-integrity-ok	2	original	jkobject:GCjqQtGwPzkY	jkobject:GCjqQtGwPzkY	additions	20260624-shared-var	metadata-only collection manifest; use obs->X->var links for payload resolution	shared_exact_hash	prism_collection/GSE221321/var.h5ad	xnhWwxuNeLWAc39j0000	iEkqzmRNQYZSoGR9faFErQ	prism_collection/GSE221321
prism_collection/GSE221882	GSE221882	PRISM	pVIwgNRCyBf75vHY0000	prism_collection/GSE221882/obs.parquet	canonical_obs	prism_collection/GSE221882	prism_collection/GSE221882	none			25241	36601	unknown					scRNA-seq	unknown	CRISPR	unknown	unknown	unknown	True	True	True	True	triplet-integrity-ok	2	original	jkobject:GCjqQtGwPzkY	jkobject:GCjqQtGwPzkY	additions	20260624-shared-var	metadata-only collection manifest; use obs->X->var links for payload resolution	same_prefix	prism_collection/GSE221882/var.parquet			
prism_collection/GSE225775	GSE225775	PRISM	P3W4dOa3wqHNvzQY0000	prism_collection/GSE225775/chunk_0000/obs.parquet	canonical_obs	prism_collection/GSE225775	prism_collection/GSE225775/chunk_0000	chunk	chunk_0000	0	5000	58347	unknown					scRNA-seq	unknown	CRISPR	unknown	unknown	unknown	True	True	True	False	triplet-integrity-ok	2	original	jkobject:GCjqQtGwPzkY	jkobject:GCjqQtGwPzkY	additions	20260624-shared-var	metadata-only collection manifest; use obs->X->var links for payload resolution	shared_exact_hash	prism_collection/GSE225775/var.h5ad	nHeXxG90HjXaGuEH0002	SrZM4EOftL3vc46oWc-LfA	prism_collection/GSE225775
prism_collection/GSE225775	GSE225775	PRISM	7eocaQ48rCQPqrSX0000	prism_collection/GSE225775/chunk_0001/obs.parquet	canonical_obs	prism_collection/GSE225775	prism_collection/GSE225775/chunk_0001	chunk	chunk_0001	1	5000	58347	unknown					scRNA-seq	unknown	CRISPR	unknown	unknown	unknown	True	True	False	False	triplet-integrity-ok	2	original	jkobject:GCjqQtGwPzkY	jkobject:GCjqQtGwPzkY	additions	20260624-shared-var	metadata-only collection manifest; use obs->X->var links for payload resolution	shared_exact_hash	prism_collection/GSE225775/var.h5ad	nHeXxG90HjXaGuEH0002	SrZM4EOftL3vc46oWc-LfA	prism_collection/GSE225775
prism_collection/GSE225775	GSE225775	PRISM	cCLFyWgTBREdMApW0000	prism_collection/GSE225775/chunk_0002/obs.parquet	canonical_obs	prism_collection/GSE225775	prism_collection/GSE225775/chunk_0002	chunk	chunk_0002	2	5000	58347	unknown					scRNA-seq	unknown	CRISPR	unknown	unknown	unknown	True	True	False	False	triplet-integrity-ok	2	original	jkobject:GCjqQtGwPzkY	jkobject:GCjqQtGwPzkY	additions	20260624-shared-var	metadata-only collection manifest; use obs->X->var links for payload resolution	shared_exact_hash	prism_collection/GSE225775/var.h5ad	nHeXxG90HjXaGuEH0002	SrZM4EOftL3vc46oWc-LfA	prism_collection/GSE225775
prism_collection/GSE225775	GSE225775	PRISM	IZI5HfxHN4hOcGD00000	prism_collection/GSE225775/chunk_0003/obs.parquet	canonical_obs	prism_collection/GSE225775	prism_collection/GSE225775/chunk_0003	chunk	chunk_0003	3	5000	58347	unknown					scRNA-seq	unknown	CRISPR	unknown	unknown	unknown	True	True	False	False	triplet-integrity-ok	2	original	jkobject:GCjqQtGwPzkY	jkobject:GCjqQtGwPzkY	additions	20260624-shared-var	metadata-only collection manifest; use obs->X->var links for payload resolution	shared_exact_hash	prism_collection/GSE225775/var.h5ad	nHeXxG90HjXaGuEH0002	SrZM4EOftL3vc46oWc-LfA	prism_collection/GSE225775
prism_collection/GSE225775	GSE225775	PRISM	F7qOOEgmV8rdfeSr0000	prism_collection/GSE225775/chunk_0004/obs.parquet	canonical_obs	prism_collection/GSE225775	prism_collection/GSE225775/chunk_0004	chunk	chunk_0004	4	5000	58347	unknown					scRNA-seq	unknown	CRISPR	unknown	unknown	unknown	True	True	False	False	triplet-integrity-ok	2	original	jkobject:GCjqQtGwPzkY	jkobject:GCjqQtGwPzkY	additions	20260624-shared-var	metadata-only collection manifest; use obs->X->var links for payload resolution	shared_exact_hash	prism_collection/GSE225775/var.h5ad	nHeXxG90HjXaGuEH0002	SrZM4EOftL3vc46oWc-LfA	prism_collection/GSE225775
prism_collection/GSE225775	GSE225775	PRISM	O4woLdZknTf4L8Hm0000	prism_collection/GSE225775/chunk_0005/obs.parquet	canonical_obs	prism_collection/GSE225775	prism_collection/GSE225775/chunk_0005	chunk	chunk_0005	5	5000	58347	unknown					scRNA-seq	unknown	CRISPR	unknown	unknown	unknown	True	True	False	False	triplet-integrity-ok	2	original	jkobject:GCjqQtGwPzkY	jkobject:GCjqQtGwPzkY	additions	20260624-shared-var	metadata-only collection manifest; use obs->X->var links for payload resolution	shared_exact_hash	prism_collection/GSE225775/var.h5ad	nHeXxG90HjXaGuEH0002	SrZM4EOftL3vc46oWc-LfA	prism_collection/GSE225775
prism_collection/GSE225775	GSE225775	PRISM	JBC7MvsofuciqOSc0000	prism_collection/GSE225775/chunk_0006/obs.parquet	canonical_obs	prism_collection/GSE225775	prism_collection/GSE225775/chunk_0006	chunk	chunk_0006	6	5000	58347	unknown					scRNA-seq	unknown	CRISPR	unknown	unknown	unknown	True	True	False	False	triplet-integrity-ok	2	original	jkobject:GCjqQtGwPzkY	jkobject:GCjqQtGwPzkY	additions	20260624-shared-var	metadata-only collection manifest; use obs->X->var links for payload resolution	shared_exact_hash	prism_collection/GSE225775/var.h5ad	nHeXxG90HjXaGuEH0002	SrZM4EOftL3vc46oWc-LfA	prism_collection/GSE225775
prism_collection/GSE225775	GSE225775	PRISM	JXjsE77SjBA5wqKN0000	prism_collection/GSE225775/chunk_0007/obs.parquet	canonical_obs	prism_collection/GSE225775	prism_collection/GSE225775/chunk_0007	chunk	chunk_0007	7	5000	58347	unknown					scRNA-seq	unknown	CRISPR	unknown	unknown	unknown	True	True	False	False	triplet-integrity-ok	2	original	jkobject:GCjqQtGwPzkY	jkobject:GCjqQtGwPzkY	additions	20260624-shared-var	metadata-only collection manifest; use obs->X->var links for payload resolution	shared_exact_hash	prism_collection/GSE225775/var.h5ad	nHeXxG90HjXaGuEH0002	SrZM4EOftL3vc46oWc-LfA	prism_collection/GSE225775
prism_collection/GSE225775	GSE225775	PRISM	0idhqK1N5v4LL6Kb0000	prism_collection/GSE225775/chunk_0008/obs.parquet	canonical_obs	prism_collection/GSE225775	prism_collection/GSE225775/chunk_0008	chunk	chunk_0008	8	5000	58347	unknown					scRNA-seq	unknown	CRISPR	unknown	unknown	unknown	True	True	False	False	triplet-integrity-ok	2	original	jkobject:GCjqQtGwPzkY	jkobject:GCjqQtGwPzkY	additions	20260624-shared-var	metadata-only collection manifest; use obs->X->var links for payload resolution	shared_exact_hash	prism_collection/GSE225775/var.h5ad	nHeXxG90HjXaGuEH0002	SrZM4EOftL3vc46oWc-LfA	prism_collection/GSE225775
prism_collection/GSE225775	GSE225775	PRISM	nY9Flizv8tHYdVe00000	prism_collection/GSE225775/chunk_0009/obs.parquet	canonical_obs	prism_collection/GSE225775	prism_collection/GSE225775/chunk_0009	chunk	chunk_0009	9	5000	58347	unknown					scRNA-seq	unknown	CRISPR	unknown	unknown	unknown	True	True	False	False	triplet-integrity-ok	2	original	jkobject:GCjqQtGwPzkY	jkobject:GCjqQtGwPzkY	additions	20260624-shared-var	metadata-only collection manifest; use obs->X->var links for payload resolution	shared_exact_hash	prism_collection/GSE225775/var.h5ad	nHeXxG90HjXaGuEH0002	SrZM4EOftL3vc46oWc-LfA	prism_collection/GSE225775
prism_collection/GSE225775	GSE225775	PRISM	LzZoaGo2aPCptfcR0000	prism_collection/GSE225775/chunk_0010/obs.parquet	canonical_obs	prism_collection/GSE225775	prism_collection/GSE225775/chunk_0010	chunk	chunk_0010	10	5000	58347	unknown					scRNA-seq	unknown	CRISPR	unknown	unknown	unknown	True	True	False	False	triplet-integrity-ok	2	original	jkobject:GCjqQtGwPzkY	jkobject:GCjqQtGwPzkY	additions	20260624-shared-var	metadata-only collection manifest; use obs->X->var links for payload resolution	shared_exact_hash	prism_collection/GSE225775/var.h5ad	nHeXxG90HjXaGuEH0002	SrZM4EOftL3vc46oWc-LfA	prism_collection/GSE225775
prism_collection/GSE225775	GSE225775	PRISM	lhWfIzQeYZoTxUdk0000	prism_collection/GSE225775/chunk_0011/obs.parquet	canonical_obs	prism_collection/GSE225775	prism_collection/GSE225775/chunk_0011	chunk	chunk_0011	11	5000	58347	unknown					scRNA-seq	unknown	CRISPR	unknown	unknown	unknown	True	True	False	False	triplet-integrity-ok	2	original	jkobject:GCjqQtGwPzkY	jkobject:GCjqQtGwPzkY	additions	20260624-shared-var	metadata-only collection manifest; use obs->X->var links for payload resolution	shared_exact_hash	prism_collection/GSE225775/var.h5ad	nHeXxG90HjXaGuEH0002	SrZM4EOftL3vc46oWc-LfA	prism_collection/GSE225775
prism_collection/GSE225775	GSE225775	PRISM	XZ4dAFPR5RBbhUPF0000	prism_collection/GSE225775/chunk_0012/obs.parquet	canonical_obs	prism_collection/GSE225775	prism_collection/GSE225775/chunk_0012	chunk	chunk_0012	12	5000	58347	unknown					scRNA-seq	unknown	CRISPR	unknown	unknown	unknown	True	True	False	False	triplet-integrity-ok	2	original	jkobject:GCjqQtGwPzkY	jkobject:GCjqQtGwPzkY	additions	20260624-shared-var	metadata-only collection manifest; use obs->X->var links for payload resolution	shared_exact_hash	prism_collection/GSE225775/var.h5ad	nHeXxG90HjXaGuEH0002	SrZM4EOftL3vc46oWc-LfA	prism_collection/GSE225775
prism_collection/GSE225775	GSE225775	PRISM	1McEPzg7jMDfxVVo0000	prism_collection/GSE225775/chunk_0013/obs.parquet	canonical_obs	prism_collection/GSE225775	prism_collection/GSE225775/chunk_0013	chunk	chunk_0013	13	5000	58347	unknown					scRNA-seq	unknown	CRISPR	unknown	unknown	unknown	True	True	False	False	triplet-integrity-ok	2	original	jkobject:GCjqQtGwPzkY	jkobject:GCjqQtGwPzkY	additions	20260624-shared-var	metadata-only collection manifest; use obs->X->var links for payload resolution	shared_exact_hash	prism_collection/GSE225775/var.h5ad	nHeXxG90HjXaGuEH0002	SrZM4EOftL3vc46oWc-LfA	prism_collection/GSE225775
prism_collection/GSE225775	GSE225775	PRISM	ARrUjraMuBzsqBNf0000	prism_collection/GSE225775/chunk_0014/obs.parquet	canonical_obs	prism_collection/GSE225775	prism_collection/GSE225775/chunk_0014	chunk	chunk_0014	14	5000	58347	unknown					scRNA-seq	unknown	CRISPR	unknown	unknown	unknown	True	True	False	False	triplet-integrity-ok	2	original	jkobject:GCjqQtGwPzkY	jkobject:GCjqQtGwPzkY	additions	20260624-shared-var	metadata-only collection manifest; use obs->X->var links for payload resolution	shared_exact_hash	prism_collection/GSE225775/var.h5ad	nHeXxG90HjXaGuEH0002	SrZM4EOftL3vc46oWc-LfA	prism_collection/GSE225775
prism_collection/GSE225775	GSE225775	PRISM	Df7PnX6Eq4gzbqJP0000	prism_collection/GSE225775/chunk_0015/obs.parquet	canonical_obs	prism_collection/GSE225775	prism_collection/GSE225775/chunk_0015	chunk	chunk_0015	15	5000	58347	unknown					scRNA-seq	unknown	CRISPR	unknown	unknown	unknown	True	True	False	False	triplet-integrity-ok	2	original	jkobject:GCjqQtGwPzkY	jkobject:GCjqQtGwPzkY	additions	20260624-shared-var	metadata-only collection manifest; use obs->X->var links for payload resolution	shared_exact_hash	prism_collection/GSE225775/var.h5ad	nHeXxG90HjXaGuEH0002	SrZM4EOftL3vc46oWc-LfA	prism_collection/GSE225775
prism_collection/GSE225775	GSE225775	PRISM	KxELSEHgXWsoc9Qk0000	prism_collection/GSE225775/chunk_0016/obs.parquet	canonical_obs	prism_collection/GSE225775	prism_collection/GSE225775/chunk_0016	chunk	chunk_0016	16	5000	58347	unknown					scRNA-seq	unknown	CRISPR	unknown	unknown	unknown	True	True	False	False	triplet-integrity-ok	2	original	jkobject:GCjqQtGwPzkY	jkobject:GCjqQtGwPzkY	additions	20260624-shared-var	metadata-only collection manifest; use obs->X->var links for payload resolution	shared_exact_hash	prism_collection/GSE225775/var.h5ad	nHeXxG90HjXaGuEH0002	SrZM4EOftL3vc46oWc-LfA	prism_collection/GSE225775
prism_collection/GSE225775	GSE225775	PRISM	Cdl8xe7n9qmj9IAr0000	prism_collection/GSE225775/chunk_0017/obs.parquet	canonical_obs	prism_collection/GSE225775	prism_collection/GSE225775/chunk_0017	chunk	chunk_0017	17	5000	58347	unknown					scRNA-seq	unknown	CRISPR	unknown	unknown	unknown	True	True	False	False	triplet-integrity-ok	2	original	jkobject:GCjqQtGwPzkY	jkobject:GCjqQtGwPzkY	additions	20260624-shared-var	metadata-only collection manifest; use obs->X->var links for payload resolution	shared_exact_hash	prism_collection/GSE225775/var.h5ad	nHeXxG90HjXaGuEH0002	SrZM4EOftL3vc46oWc-LfA	prism_collection/GSE225775
prism_collection/GSE225775	GSE225775	PRISM	ruwBpxicdV6Xra7H0000	prism_collection/GSE225775/chunk_0018/obs.parquet	canonical_obs	prism_collection/GSE225775	prism_collection/GSE225775/chunk_0018	chunk	chunk_0018	18	5000	58347	unknown					scRNA-seq	unknown	CRISPR	unknown	unknown	unknown	True	True	False	False	triplet-integrity-ok	2	original	jkobject:GCjqQtGwPzkY	jkobject:GCjqQtGwPzkY	additions	20260624-shared-var	metadata-only collection manifest; use obs->X->var links for payload resolution	shared_exact_hash	prism_collection/GSE225775/var.h5ad	nHeXxG90HjXaGuEH0002	SrZM4EOftL3vc46oWc-LfA	prism_collection/GSE225775
prism_collection/GSE225775	GSE225775	PRISM	6QKJG0tQ09vS62Gx0000	prism_collection/GSE225775/chunk_0019/obs.parquet	canonical_obs	prism_collection/GSE225775	prism_collection/GSE225775/chunk_0019	chunk	chunk_0019	19	5000	58347	unknown					scRNA-seq	unknown	CRISPR	unknown	unknown	unknown	True	True	False	False	triplet-integrity-ok	2	original	jkobject:GCjqQtGwPzkY	jkobject:GCjqQtGwPzkY	additions	20260624-shared-var	metadata-only collection manifest; use obs->X->var links for payload resolution	shared_exact_hash	prism_collection/GSE225775/var.h5ad	nHeXxG90HjXaGuEH0002	SrZM4EOftL3vc46oWc-LfA	prism_collection/GSE225775
prism_collection/GSE225775	GSE225775	PRISM	r9KDsg89zJImCuoU0000	prism_collection/GSE225775/chunk_0020/obs.parquet	canonical_obs	prism_collection/GSE225775	prism_collection/GSE225775/chunk_0020	chunk	chunk_0020	20	5000	58347	unknown					scRNA-seq	unknown	CRISPR	unknown	unknown	unknown	True	True	False	False	triplet-integrity-ok	2	original	jkobject:GCjqQtGwPzkY	jkobject:GCjqQtGwPzkY	additions	20260624-shared-var	metadata-only collection manifest; use obs->X->var links for payload resolution	shared_exact_hash	prism_collection/GSE225775/var.h5ad	nHeXxG90HjXaGuEH0002	SrZM4EOftL3vc46oWc-LfA	prism_collection/GSE225775
prism_collection/GSE225775	GSE225775	PRISM	iKvIEkm8d0iWuYcy0000	prism_collection/GSE225775/chunk_0021/obs.parquet	canonical_obs	prism_collection/GSE225775	prism_collection/GSE225775/chunk_0021	chunk	chunk_0021	21	5000	58347	unknown					scRNA-seq	unknown	CRISPR	unknown	unknown	unknown	True	True	False	False	triplet-integrity-ok	2	original	jkobject:GCjqQtGwPzkY	jkobject:GCjqQtGwPzkY	additions	20260624-shared-var	metadata-only collection manifest; use obs->X->var links for payload resolution	shared_exact_hash	prism_collection/GSE225775/var.h5ad	nHeXxG90HjXaGuEH0002	SrZM4EOftL3vc46oWc-LfA	prism_collection/GSE225775
prism_collection/GSE225775	GSE225775	PRISM	j0xhlUtke9HKNINm0000	prism_collection/GSE225775/chunk_0022/obs.parquet	canonical_obs	prism_collection/GSE225775	prism_collection/GSE225775/chunk_0022	chunk	chunk_0022	22	5000	58347	unknown					scRNA-seq	unknown	CRISPR	unknown	unknown	unknown	True	True	False	False	triplet-integrity-ok	2	original	jkobject:GCjqQtGwPzkY	jkobject:GCjqQtGwPzkY	additions	20260624-shared-var	metadata-only collection manifest; use obs->X->var links for payload resolution	shared_exact_hash	prism_collection/GSE225775/var.h5ad	nHeXxG90HjXaGuEH0002	SrZM4EOftL3vc46oWc-LfA	prism_collection/GSE225775
prism_collection/GSE225775	GSE225775	PRISM	RK95lGc62XhJIai10000	prism_collection/GSE225775/chunk_0023/obs.parquet	canonical_obs	prism_collection/GSE225775	prism_collection/GSE225775/chunk_0023	chunk	chunk_0023	23	5000	58347	unknown					scRNA-seq	unknown	CRISPR	unknown	unknown	unknown	True	True	False	False	triplet-integrity-ok	2	original	jkobject:GCjqQtGwPzkY	jkobject:GCjqQtGwPzkY	additions	20260624-shared-var	metadata-only collection manifest; use obs->X->var links for payload resolution	shared_exact_hash	prism_collection/GSE225775/var.h5ad	nHeXxG90HjXaGuEH0002	SrZM4EOftL3vc46oWc-LfA	prism_collection/GSE225775
prism_collection/GSE225775	GSE225775	PRISM	rqwasgKqHNTzOzRJ0000	prism_collection/GSE225775/chunk_0024/obs.parquet	canonical_obs	prism_collection/GSE225775	prism_collection/GSE225775/chunk_0024	chunk	chunk_0024	24	5000	58347	unknown					scRNA-seq	unknown	CRISPR	unknown	unknown	unknown	True	True	False	False	triplet-integrity-ok	2	original	jkobject:GCjqQtGwPzkY	jkobject:GCjqQtGwPzkY	additions	20260624-shared-var	metadata-only collection manifest; use obs->X->var links for payload resolution	shared_exact_hash	prism_collection/GSE225775/var.h5ad	nHeXxG90HjXaGuEH0002	SrZM4EOftL3vc46oWc-LfA	prism_collection/GSE225775
prism_collection/GSE225775	GSE225775	PRISM	JosUDLgWQC9zaNnz0000	prism_collection/GSE225775/chunk_0025/obs.parquet	canonical_obs	prism_collection/GSE225775	prism_collection/GSE225775/chunk_0025	chunk	chunk_0025	25	5000	58347	unknown					scRNA-seq	unknown	CRISPR	unknown	unknown	unknown	True	True	False	False	triplet-integrity-ok	2	original	jkobject:GCjqQtGwPzkY	jkobject:GCjqQtGwPzkY	additions	20260624-shared-var	metadata-only collection manifest; use obs->X->var links for payload resolution	shared_exact_hash	prism_collection/GSE225775/var.h5ad	nHeXxG90HjXaGuEH0002	SrZM4EOftL3vc46oWc-LfA	prism_collection/GSE225775
prism_collection/GSE225775	GSE225775	PRISM	wsOSm2TXx1RnggCu0000	prism_collection/GSE225775/chunk_0026/obs.parquet	canonical_obs	prism_collection/GSE225775	prism_collection/GSE225775/chunk_0026	chunk	chunk_0026	26	5000	58347	unknown					scRNA-seq	unknown	CRISPR	unknown	unknown	unknown	True	True	False	False	triplet-integrity-ok	2	original	jkobject:GCjqQtGwPzkY	jkobject:GCjqQtGwPzkY	additions	20260624-shared-var	metadata-only collection manifest; use obs->X->var links for payload resolution	shared_exact_hash	prism_collection/GSE225775/var.h5ad	nHeXxG90HjXaGuEH0002	SrZM4EOftL3vc46oWc-LfA	prism_collection/GSE225775
prism_collection/GSE225775	GSE225775	PRISM	MQU3moBdgN0YB1lN0000	prism_collection/GSE225775/chunk_0027/obs.parquet	canonical_obs	prism_collection/GSE225775	prism_collection/GSE225775/chunk_0027	chunk	chunk_0027	27	5000	58347	unknown					scRNA-seq	unknown	CRISPR	unknown	unknown	unknown	True	True	True	False	triplet-integrity-ok	2	original	jkobject:GCjqQtGwPzkY	jkobject:GCjqQtGwPzkY	additions	20260624-shared-var	metadata-only collection manifest; use obs->X->var links for payload resolution	shared_exact_hash	prism_collection/GSE225775/var.h5ad	nHeXxG90HjXaGuEH0002	SrZM4EOftL3vc46oWc-LfA	prism_collection/GSE225775
prism_collection/GSE225775	GSE225775	PRISM	MiE9n78Jt7Q2wAgd0000	prism_collection/GSE225775/chunk_0028/obs.parquet	canonical_obs	prism_collection/GSE225775	prism_collection/GSE225775/chunk_0028	chunk	chunk_0028	28	5000	58347	unknown					scRNA-seq	unknown	CRISPR	unknown	unknown	unknown	True	True	False	False	triplet-integrity-ok	2	original	jkobject:GCjqQtGwPzkY	jkobject:GCjqQtGwPzkY	additions	20260624-shared-var	metadata-only collection manifest; use obs->X->var links for payload resolution	shared_exact_hash	prism_collection/GSE225775/var.h5ad	nHeXxG90HjXaGuEH0002	SrZM4EOftL3vc46oWc-LfA	prism_collection/GSE225775
prism_collection/GSE225775	GSE225775	PRISM	iOX3kwFVpnqiO6Mv0000	prism_collection/GSE225775/chunk_0029/obs.parquet	canonical_obs	prism_collection/GSE225775	prism_collection/GSE225775/chunk_0029	chunk	chunk_0029	29	5000	58347	unknown					scRNA-seq	unknown	CRISPR	unknown	unknown	unknown	True	True	False	False	triplet-integrity-ok	2	original	jkobject:GCjqQtGwPzkY	jkobject:GCjqQtGwPzkY	additions	20260624-shared-var	metadata-only collection manifest; use obs->X->var links for payload resolution	shared_exact_hash	prism_collection/GSE225775/var.h5ad	nHeXxG90HjXaGuEH0002	SrZM4EOftL3vc46oWc-LfA	prism_collection/GSE225775
prism_collection/GSE225775	GSE225775	PRISM	M74WObuVXGEDdViJ0000	prism_collection/GSE225775/chunk_0030/obs.parquet	canonical_obs	prism_collection/GSE225775	prism_collection/GSE225775/chunk_0030	chunk	chunk_0030	30	5000	58347	unknown					scRNA-seq	unknown	CRISPR	unknown	unknown	unknown	True	True	False	False	triplet-integrity-ok	2	original	jkobject:GCjqQtGwPzkY	jkobject:GCjqQtGwPzkY	additions	20260624-shared-var	metadata-only collection manifest; use obs->X->var links for payload resolution	shared_exact_hash	prism_collection/GSE225775/var.h5ad	nHeXxG90HjXaGuEH0002	SrZM4EOftL3vc46oWc-LfA	prism_collection/GSE225775
prism_collection/GSE225775	GSE225775	PRISM	kPPCNDtNCGhmsgq50000	prism_collection/GSE225775/chunk_0031/obs.parquet	canonical_obs	prism_collection/GSE225775	prism_collection/GSE225775/chunk_0031	chunk	chunk_0031	31	5000	58347	unknown					scRNA-seq	unknown	CRISPR	unknown	unknown	unknown	True	True	False	False	triplet-integrity-ok	2	original	jkobject:GCjqQtGwPzkY	jkobject:GCjqQtGwPzkY	additions	20260624-shared-var	metadata-only collection manifest; use obs->X->var links for payload resolution	shared_exact_hash	prism_collection/GSE225775/var.h5ad	nHeXxG90HjXaGuEH0002	SrZM4EOftL3vc46oWc-LfA	prism_collection/GSE225775
prism_collection/GSE225775	GSE225775	PRISM	Nn9Jsy1y1eBYi5US0000	prism_collection/GSE225775/chunk_0032/obs.parquet	canonical_obs	prism_collection/GSE225775	prism_collection/GSE225775/chunk_0032	chunk	chunk_0032	32	5000	58347	unknown					scRNA-seq	unknown	CRISPR	unknown	unknown	unknown	True	True	False	False	triplet-integrity-ok	2	original	jkobject:GCjqQtGwPzkY	jkobject:GCjqQtGwPzkY	additions	20260624-shared-var	metadata-only collection manifest; use obs->X->var links for payload resolution	shared_exact_hash	prism_collection/GSE225775/var.h5ad	nHeXxG90HjXaGuEH0002	SrZM4EOftL3vc46oWc-LfA	prism_collection/GSE225775
prism_collection/GSE225775	GSE225775	PRISM	iuRG9bwPkdpyOJcr0000	prism_collection/GSE225775/chunk_0033/obs.parquet	canonical_obs	prism_collection/GSE225775	prism_collection/GSE225775/chunk_0033	chunk	chunk_0033	33	5000	58347	unknown					scRNA-seq	unknown	CRISPR	unknown	unknown	unknown	True	True	False	False	triplet-integrity-ok	2	original	jkobject:GCjqQtGwPzkY	jkobject:GCjqQtGwPzkY	additions	20260624-shared-var	metadata-only collection manifest; use obs->X->var links for payload resolution	shared_exact_hash	prism_collection/GSE225775/var.h5ad	nHeXxG90HjXaGuEH0002	SrZM4EOftL3vc46oWc-LfA	prism_collection/GSE225775
prism_collection/GSE225775	GSE225775	PRISM	Y5zREjV0s2dX7cYS0000	prism_collection/GSE225775/chunk_0034/obs.parquet	canonical_obs	prism_collection/GSE225775	prism_collection/GSE225775/chunk_0034	chunk	chunk_0034	34	5000	58347	unknown					scRNA-seq	unknown	CRISPR	unknown	unknown	unknown	True	True	False	False	triplet-integrity-ok	2	original	jkobject:GCjqQtGwPzkY	jkobject:GCjqQtGwPzkY	additions	20260624-shared-var	metadata-only collection manifest; use obs->X->var links for payload resolution	shared_exact_hash	prism_collection/GSE225775/var.h5ad	nHeXxG90HjXaGuEH0002	SrZM4EOftL3vc46oWc-LfA	prism_collection/GSE225775
prism_collection/GSE225775	GSE225775	PRISM	gdy2SozvC3KULCtC0000	prism_collection/GSE225775/chunk_0035/obs.parquet	canonical_obs	prism_collection/GSE225775	prism_collection/GSE225775/chunk_0035	chunk	chunk_0035	35	5000	58347	unknown					scRNA-seq	unknown	CRISPR	unknown	unknown	unknown	True	True	False	False	triplet-integrity-ok	2	original	jkobject:GCjqQtGwPzkY	jkobject:GCjqQtGwPzkY	additions	20260624-shared-var	metadata-only collection manifest; use obs->X->var links for payload resolution	shared_exact_hash	prism_collection/GSE225775/var.h5ad	nHeXxG90HjXaGuEH0002	SrZM4EOftL3vc46oWc-LfA	prism_collection/GSE225775
prism_collection/GSE225775	GSE225775	PRISM	SIrsTxK06rAbX7Ee0000	prism_collection/GSE225775/chunk_0036/obs.parquet	canonical_obs	prism_collection/GSE225775	prism_collection/GSE225775/chunk_0036	chunk	chunk_0036	36	5000	58347	unknown					scRNA-seq	unknown	CRISPR	unknown	unknown	unknown	True	True	False	False	triplet-integrity-ok	2	original	jkobject:GCjqQtGwPzkY	jkobject:GCjqQtGwPzkY	additions	20260624-shared-var	metadata-only collection manifest; use obs->X->var links for payload resolution	shared_exact_hash	prism_collection/GSE225775/var.h5ad	nHeXxG90HjXaGuEH0002	SrZM4EOftL3vc46oWc-LfA	prism_collection/GSE225775
prism_collection/GSE225775	GSE225775	PRISM	XQYdHlZQTCG9TuqT0000	prism_collection/GSE225775/chunk_0037/obs.parquet	canonical_obs	prism_collection/GSE225775	prism_collection/GSE225775/chunk_0037	chunk	chunk_0037	37	5000	58347	unknown					scRNA-seq	unknown	CRISPR	unknown	unknown	unknown	True	True	False	False	triplet-integrity-ok	2	original	jkobject:GCjqQtGwPzkY	jkobject:GCjqQtGwPzkY	additions	20260624-shared-var	metadata-only collection manifest; use obs->X->var links for payload resolution	shared_exact_hash	prism_collection/GSE225775/var.h5ad	nHeXxG90HjXaGuEH0002	SrZM4EOftL3vc46oWc-LfA	prism_collection/GSE225775
prism_collection/GSE225775	GSE225775	PRISM	1EfFWq1gACODLCzQ0000	prism_collection/GSE225775/chunk_0038/obs.parquet	canonical_obs	prism_collection/GSE225775	prism_collection/GSE225775/chunk_0038	chunk	chunk_0038	38	5000	58347	unknown					scRNA-seq	unknown	CRISPR	unknown	unknown	unknown	True	True	False	False	triplet-integrity-ok	2	original	jkobject:GCjqQtGwPzkY	jkobject:GCjqQtGwPzkY	additions	20260624-shared-var	metadata-only collection manifest; use obs->X->var links for payload resolution	shared_exact_hash	prism_collection/GSE225775/var.h5ad	nHeXxG90HjXaGuEH0002	SrZM4EOftL3vc46oWc-LfA	prism_collection/GSE225775
prism_collection/GSE225775	GSE225775	PRISM	bnIeibqmqav6nz4c0000	prism_collection/GSE225775/chunk_0039/obs.parquet	canonical_obs	prism_collection/GSE225775	prism_collection/GSE225775/chunk_0039	chunk	chunk_0039	39	5000	58347	unknown					scRNA-seq	unknown	CRISPR	unknown	unknown	unknown	True	True	False	False	triplet-integrity-ok	2	original	jkobject:GCjqQtGwPzkY	jkobject:GCjqQtGwPzkY	additions	20260624-shared-var	metadata-only collection manifest; use obs->X->var links for payload resolution	shared_exact_hash	prism_collection/GSE225775/var.h5ad	nHeXxG90HjXaGuEH0002	SrZM4EOftL3vc46oWc-LfA	prism_collection/GSE225775
prism_collection/GSE225775	GSE225775	PRISM	qXXUySGa7H6sUN9o0000	prism_collection/GSE225775/chunk_0040/obs.parquet	canonical_obs	prism_collection/GSE225775	prism_collection/GSE225775/chunk_0040	chunk	chunk_0040	40	5000	58347	unknown					scRNA-seq	unknown	CRISPR	unknown	unknown	unknown	True	True	False	False	triplet-integrity-ok	2	original	jkobject:GCjqQtGwPzkY	jkobject:GCjqQtGwPzkY	additions	20260624-shared-var	metadata-only collection manifest; use obs->X->var links for payload resolution	shared_exact_hash	prism_collection/GSE225775/var.h5ad	nHeXxG90HjXaGuEH0002	SrZM4EOftL3vc46oWc-LfA	prism_collection/GSE225775
prism_collection/GSE225775	GSE225775	PRISM	JFnR8x2IcWurP5Lw0000	prism_collection/GSE225775/chunk_0041/obs.parquet	canonical_obs	prism_collection/GSE225775	prism_collection/GSE225775/chunk_0041	chunk	chunk_0041	41	5000	58347	unknown					scRNA-seq	unknown	CRISPR	unknown	unknown	unknown	True	True	False	False	triplet-integrity-ok	2	original	jkobject:GCjqQtGwPzkY	jkobject:GCjqQtGwPzkY	additions	20260624-shared-var	metadata-only collection manifest; use obs->X->var links for payload resolution	shared_exact_hash	prism_collection/GSE225775/var.h5ad	nHeXxG90HjXaGuEH0002	SrZM4EOftL3vc46oWc-LfA	prism_collection/GSE225775
prism_collection/GSE225775	GSE225775	PRISM	1nyhgJUFAEQ0at4q0000	prism_collection/GSE225775/chunk_0042/obs.parquet	canonical_obs	prism_collection/GSE225775	prism_collection/GSE225775/chunk_0042	chunk	chunk_0042	42	5000	58347	unknown					scRNA-seq	unknown	CRISPR	unknown	unknown	unknown	True	True	False	False	triplet-integrity-ok	2	original	jkobject:GCjqQtGwPzkY	jkobject:GCjqQtGwPzkY	additions	20260624-shared-var	metadata-only collection manifest; use obs->X->var links for payload resolution	shared_exact_hash	prism_collection/GSE225775/var.h5ad	nHeXxG90HjXaGuEH0002	SrZM4EOftL3vc46oWc-LfA	prism_collection/GSE225775
prism_collection/GSE225775	GSE225775	PRISM	x7iYmimYHC1AFLEp0000	prism_collection/GSE225775/chunk_0043/obs.parquet	canonical_obs	prism_collection/GSE225775	prism_collection/GSE225775/chunk_0043	chunk	chunk_0043	43	5000	58347	unknown					scRNA-seq	unknown	CRISPR	unknown	unknown	unknown	True	True	False	False	triplet-integrity-ok	2	original	jkobject:GCjqQtGwPzkY	jkobject:GCjqQtGwPzkY	additions	20260624-shared-var	metadata-only collection manifest; use obs->X->var links for payload resolution	shared_exact_hash	prism_collection/GSE225775/var.h5ad	nHeXxG90HjXaGuEH0002	SrZM4EOftL3vc46oWc-LfA	prism_collection/GSE225775
prism_collection/GSE225775	GSE225775	PRISM	odvJrKuJo7fMRyzj0000	prism_collection/GSE225775/chunk_0044/obs.parquet	canonical_obs	prism_collection/GSE225775	prism_collection/GSE225775/chunk_0044	chunk	chunk_0044	44	5000	58347	unknown					scRNA-seq	unknown	CRISPR	unknown	unknown	unknown	True	True	False	False	triplet-integrity-ok	2	original	jkobject:GCjqQtGwPzkY	jkobject:GCjqQtGwPzkY	additions	20260624-shared-var	metadata-only collection manifest; use obs->X->var links for payload resolution	shared_exact_hash	prism_collection/GSE225775/var.h5ad	nHeXxG90HjXaGuEH0002	SrZM4EOftL3vc46oWc-LfA	prism_collection/GSE225775
prism_collection/GSE225775	GSE225775	PRISM	Nw6GV0WMwlzO9Asl0000	prism_collection/GSE225775/chunk_0045/obs.parquet	canonical_obs	prism_collection/GSE225775	prism_collection/GSE225775/chunk_0045	chunk	chunk_0045	45	5000	58347	unknown					scRNA-seq	unknown	CRISPR	unknown	unknown	unknown	True	True	False	False	triplet-integrity-ok	2	original	jkobject:GCjqQtGwPzkY	jkobject:GCjqQtGwPzkY	additions	20260624-shared-var	metadata-only collection manifest; use obs->X->var links for payload resolution	shared_exact_hash	prism_collection/GSE225775/var.h5ad	nHeXxG90HjXaGuEH0002	SrZM4EOftL3vc46oWc-LfA	prism_collection/GSE225775
prism_collection/GSE225775	GSE225775	PRISM	Yklffpy9G3DCpL8F0000	prism_collection/GSE225775/chunk_0046/obs.parquet	canonical_obs	prism_collection/GSE225775	prism_collection/GSE225775/chunk_0046	chunk	chunk_0046	46	5000	58347	unknown					scRNA-seq	unknown	CRISPR	unknown	unknown	unknown	True	True	False	False	triplet-integrity-ok	2	original	jkobject:GCjqQtGwPzkY	jkobject:GCjqQtGwPzkY	additions	20260624-shared-var	metadata-only collection manifest; use obs->X->var links for payload resolution	shared_exact_hash	prism_collection/GSE225775/var.h5ad	nHeXxG90HjXaGuEH0002	SrZM4EOftL3vc46oWc-LfA	prism_collection/GSE225775
prism_collection/GSE225775	GSE225775	PRISM	xmlyMEN0weKbXebE0000	prism_collection/GSE225775/chunk_0047/obs.parquet	canonical_obs	prism_collection/GSE225775	prism_collection/GSE225775/chunk_0047	chunk	chunk_0047	47	5000	58347	unknown					scRNA-seq	unknown	CRISPR	unknown	unknown	unknown	True	True	False	False	triplet-integrity-ok	2	original	jkobject:GCjqQtGwPzkY	jkobject:GCjqQtGwPzkY	additions	20260624-shared-var	metadata-only collection manifest; use obs->X->var links for payload resolution	shared_exact_hash	prism_collection/GSE225775/var.h5ad	nHeXxG90HjXaGuEH0002	SrZM4EOftL3vc46oWc-LfA	prism_collection/GSE225775
prism_collection/GSE225775	GSE225775	PRISM	hnKqTR7pnAW4Env50000	prism_collection/GSE225775/chunk_0048/obs.parquet	canonical_obs	prism_collection/GSE225775	prism_collection/GSE225775/chunk_0048	chunk	chunk_0048	48	5000	58347	unknown					scRNA-seq	unknown	CRISPR	unknown	unknown	unknown	True	True	False	False	triplet-integrity-ok	2	original	jkobject:GCjqQtGwPzkY	jkobject:GCjqQtGwPzkY	additions	20260624-shared-var	metadata-only collection manifest; use obs->X->var links for payload resolution	shared_exact_hash	prism_collection/GSE225775/var.h5ad	nHeXxG90HjXaGuEH0002	SrZM4EOftL3vc46oWc-LfA	prism_collection/GSE225775
prism_collection/GSE225775	GSE225775	PRISM	zXVMgLUnAuzq2iwL0000	prism_collection/GSE225775/chunk_0049/obs.parquet	canonical_obs	prism_collection/GSE225775	prism_collection/GSE225775/chunk_0049	chunk	chunk_0049	49	5000	58347	unknown					scRNA-seq	unknown	CRISPR	unknown	unknown	unknown	True	True	False	False	triplet-integrity-ok	2	original	jkobject:GCjqQtGwPzkY	jkobject:GCjqQtGwPzkY	additions	20260624-shared-var	metadata-only collection manifest; use obs->X->var links for payload resolution	shared_exact_hash	prism_collection/GSE225775/var.h5ad	nHeXxG90HjXaGuEH0002	SrZM4EOftL3vc46oWc-LfA	prism_collection/GSE225775
prism_collection/GSE225775	GSE225775	PRISM	gqexeeYZN6H6aNOD0000	prism_collection/GSE225775/chunk_0050/obs.parquet	canonical_obs	prism_collection/GSE225775	prism_collection/GSE225775/chunk_0050	chunk	chunk_0050	50	5000	58347	unknown					scRNA-seq	unknown	CRISPR	unknown	unknown	unknown	True	True	False	False	triplet-integrity-ok	2	original	jkobject:GCjqQtGwPzkY	jkobject:GCjqQtGwPzkY	additions	20260624-shared-var	metadata-only collection manifest; use obs->X->var links for payload resolution	shared_exact_hash	prism_collection/GSE225775/var.h5ad	nHeXxG90HjXaGuEH0002	SrZM4EOftL3vc46oWc-LfA	prism_collection/GSE225775
prism_collection/GSE225775	GSE225775	PRISM	Dtxtq4zj5bOLwxM80000	prism_collection/GSE225775/chunk_0051/obs.parquet	canonical_obs	prism_collection/GSE225775	prism_collection/GSE225775/chunk_0051	chunk	chunk_0051	51	5000	58347	unknown					scRNA-seq	unknown	CRISPR	unknown	unknown	unknown	True	True	False	False	triplet-integrity-ok	2	original	jkobject:GCjqQtGwPzkY	jkobject:GCjqQtGwPzkY	additions	20260624-shared-var	metadata-only collection manifest; use obs->X->var links for payload resolution	shared_exact_hash	prism_collection/GSE225775/var.h5ad	nHeXxG90HjXaGuEH0002	SrZM4EOftL3vc46oWc-LfA	prism_collection/GSE225775
prism_collection/GSE225775	GSE225775	PRISM	n8biI9AH6tJYyxQB0000	prism_collection/GSE225775/chunk_0052/obs.parquet	canonical_obs	prism_collection/GSE225775	prism_collection/GSE225775/chunk_0052	chunk	chunk_0052	52	5000	58347	unknown					scRNA-seq	unknown	CRISPR	unknown	unknown	unknown	True	True	False	False	triplet-integrity-ok	2	original	jkobject:GCjqQtGwPzkY	jkobject:GCjqQtGwPzkY	additions	20260624-shared-var	metadata-only collection manifest; use obs->X->var links for payload resolution	shared_exact_hash	prism_collection/GSE225775/var.h5ad	nHeXxG90HjXaGuEH0002	SrZM4EOftL3vc46oWc-LfA	prism_collection/GSE225775
prism_collection/GSE225775	GSE225775	PRISM	yOa4EDhNt25cHWRJ0000	prism_collection/GSE225775/chunk_0053/obs.parquet	canonical_obs	prism_collection/GSE225775	prism_collection/GSE225775/chunk_0053	chunk	chunk_0053	53	5000	58347	unknown					scRNA-seq	unknown	CRISPR	unknown	unknown	unknown	True	True	False	False	triplet-integrity-ok	2	original	jkobject:GCjqQtGwPzkY	jkobject:GCjqQtGwPzkY	additions	20260624-shared-var	metadata-only collection manifest; use obs->X->var links for payload resolution	shared_exact_hash	prism_collection/GSE225775/var.h5ad	nHeXxG90HjXaGuEH0002	SrZM4EOftL3vc46oWc-LfA	prism_collection/GSE225775
prism_collection/GSE225775	GSE225775	PRISM	VPsilUd47BFQQxFv0000	prism_collection/GSE225775/chunk_0054/obs.parquet	canonical_obs	prism_collection/GSE225775	prism_collection/GSE225775/chunk_0054	chunk	chunk_0054	54	5000	58347	unknown					scRNA-seq	unknown	CRISPR	unknown	unknown	unknown	True	True	True	False	triplet-integrity-ok	2	original	jkobject:GCjqQtGwPzkY	jkobject:GCjqQtGwPzkY	additions	20260624-shared-var	metadata-only collection manifest; use obs->X->var links for payload resolution	shared_exact_hash	prism_collection/GSE225775/var.h5ad	nHeXxG90HjXaGuEH0002	SrZM4EOftL3vc46oWc-LfA	prism_collection/GSE225775
prism_collection/GSE225775	GSE225775	PRISM	L55js8haQQdkq8z80000	prism_collection/GSE225775/chunk_0055/obs.parquet	canonical_obs	prism_collection/GSE225775	prism_collection/GSE225775/chunk_0055	chunk	chunk_0055	55	5000	58347	unknown					scRNA-seq	unknown	CRISPR	unknown	unknown	unknown	True	True	True	False	triplet-integrity-ok	2	original	jkobject:GCjqQtGwPzkY	jkobject:GCjqQtGwPzkY	additions	20260624-shared-var	metadata-only collection manifest; use obs->X->var links for payload resolution	shared_exact_hash	prism_collection/GSE225775/var.h5ad	nHeXxG90HjXaGuEH0002	SrZM4EOftL3vc46oWc-LfA	prism_collection/GSE225775
prism_collection/GSE225775	GSE225775	PRISM	M0dMbYGltXR9Og0Z0000	prism_collection/GSE225775/chunk_0056/obs.parquet	canonical_obs	prism_collection/GSE225775	prism_collection/GSE225775/chunk_0056	chunk	chunk_0056	56	5000	58347	unknown					scRNA-seq	unknown	CRISPR	unknown	unknown	unknown	True	True	False	False	triplet-integrity-ok	2	original	jkobject:GCjqQtGwPzkY	jkobject:GCjqQtGwPzkY	additions	20260624-shared-var	metadata-only collection manifest; use obs->X->var links for payload resolution	shared_exact_hash	prism_collection/GSE225775/var.h5ad	nHeXxG90HjXaGuEH0002	SrZM4EOftL3vc46oWc-LfA	prism_collection/GSE225775
prism_collection/GSE225775	GSE225775	PRISM	vy0exsEbS8NCP0Se0000	prism_collection/GSE225775/chunk_0057/obs.parquet	canonical_obs	prism_collection/GSE225775	prism_collection/GSE225775/chunk_0057	chunk	chunk_0057	57	5000	58347	unknown					scRNA-seq	unknown	CRISPR	unknown	unknown	unknown	True	True	False	False	triplet-integrity-ok	2	original	jkobject:GCjqQtGwPzkY	jkobject:GCjqQtGwPzkY	additions	20260624-shared-var	metadata-only collection manifest; use obs->X->var links for payload resolution	shared_exact_hash	prism_collection/GSE225775/var.h5ad	nHeXxG90HjXaGuEH0002	SrZM4EOftL3vc46oWc-LfA	prism_collection/GSE225775
prism_collection/GSE225775	GSE225775	PRISM	qMR1WxixJbjTjnl20000	prism_collection/GSE225775/chunk_0058/obs.parquet	canonical_obs	prism_collection/GSE225775	prism_collection/GSE225775/chunk_0058	chunk	chunk_0058	58	5000	58347	unknown					scRNA-seq	unknown	CRISPR	unknown	unknown	unknown	True	True	False	False	triplet-integrity-ok	2	original	jkobject:GCjqQtGwPzkY	jkobject:GCjqQtGwPzkY	additions	20260624-shared-var	metadata-only collection manifest; use obs->X->var links for payload resolution	shared_exact_hash	prism_collection/GSE225775/var.h5ad	nHeXxG90HjXaGuEH0002	SrZM4EOftL3vc46oWc-LfA	prism_collection/GSE225775
prism_collection/GSE225775	GSE225775	PRISM	SR0f5SivF43zwLZK0000	prism_collection/GSE225775/chunk_0059/obs.parquet	canonical_obs	prism_collection/GSE225775	prism_collection/GSE225775/chunk_0059	chunk	chunk_0059	59	5000	58347	unknown					scRNA-seq	unknown	CRISPR	unknown	unknown	unknown	True	True	False	False	triplet-integrity-ok	2	original	jkobject:GCjqQtGwPzkY	jkobject:GCjqQtGwPzkY	additions	20260624-shared-var	metadata-only collection manifest; use obs->X->var links for payload resolution	shared_exact_hash	prism_collection/GSE225775/var.h5ad	nHeXxG90HjXaGuEH0002	SrZM4EOftL3vc46oWc-LfA	prism_collection/GSE225775
prism_collection/GSE225775	GSE225775	PRISM	GyWLChenAkBckcBb0000	prism_collection/GSE225775/chunk_0060/obs.parquet	canonical_obs	prism_collection/GSE225775	prism_collection/GSE225775/chunk_0060	chunk	chunk_0060	60	5000	58347	unknown					scRNA-seq	unknown	CRISPR	unknown	unknown	unknown	True	True	False	False	triplet-integrity-ok	2	original	jkobject:GCjqQtGwPzkY	jkobject:GCjqQtGwPzkY	additions	20260624-shared-var	metadata-only collection manifest; use obs->X->var links for payload resolution	shared_exact_hash	prism_collection/GSE225775/var.h5ad	nHeXxG90HjXaGuEH0002	SrZM4EOftL3vc46oWc-LfA	prism_collection/GSE225775
prism_collection/GSE225775	GSE225775	PRISM	dUkmz3W2vGirUVnI0000	prism_collection/GSE225775/chunk_0061/obs.parquet	canonical_obs	prism_collection/GSE225775	prism_collection/GSE225775/chunk_0061	chunk	chunk_0061	61	5000	58347	unknown					scRNA-seq	unknown	CRISPR	unknown	unknown	unknown	True	True	False	False	triplet-integrity-ok	2	original	jkobject:GCjqQtGwPzkY	jkobject:GCjqQtGwPzkY	additions	20260624-shared-var	metadata-only collection manifest; use obs->X->var links for payload resolution	shared_exact_hash	prism_collection/GSE225775/var.h5ad	nHeXxG90HjXaGuEH0002	SrZM4EOftL3vc46oWc-LfA	prism_collection/GSE225775
prism_collection/GSE225775	GSE225775	PRISM	NHFg7SrGVBZIRugl0000	prism_collection/GSE225775/chunk_0062/obs.parquet	canonical_obs	prism_collection/GSE225775	prism_collection/GSE225775/chunk_0062	chunk	chunk_0062	62	5000	58347	unknown					scRNA-seq	unknown	CRISPR	unknown	unknown	unknown	True	True	False	False	triplet-integrity-ok	2	original	jkobject:GCjqQtGwPzkY	jkobject:GCjqQtGwPzkY	additions	20260624-shared-var	metadata-only collection manifest; use obs->X->var links for payload resolution	shared_exact_hash	prism_collection/GSE225775/var.h5ad	nHeXxG90HjXaGuEH0002	SrZM4EOftL3vc46oWc-LfA	prism_collection/GSE225775
prism_collection/GSE225775	GSE225775	PRISM	P7xXhu1khqAt7T8W0000	prism_collection/GSE225775/chunk_0063/obs.parquet	canonical_obs	prism_collection/GSE225775	prism_collection/GSE225775/chunk_0063	chunk	chunk_0063	63	5000	58347	unknown					scRNA-seq	unknown	CRISPR	unknown	unknown	unknown	True	True	False	False	triplet-integrity-ok	2	original	jkobject:GCjqQtGwPzkY	jkobject:GCjqQtGwPzkY	additions	20260624-shared-var	metadata-only collection manifest; use obs->X->var links for payload resolution	shared_exact_hash	prism_collection/GSE225775/var.h5ad	nHeXxG90HjXaGuEH0002	SrZM4EOftL3vc46oWc-LfA	prism_collection/GSE225775
prism_collection/GSE225775	GSE225775	PRISM	v7545ia3YPK1ehzj0000	prism_collection/GSE225775/chunk_0064/obs.parquet	canonical_obs	prism_collection/GSE225775	prism_collection/GSE225775/chunk_0064	chunk	chunk_0064	64	5000	58347	unknown					scRNA-seq	unknown	CRISPR	unknown	unknown	unknown	True	True	False	False	triplet-integrity-ok	2	original	jkobject:GCjqQtGwPzkY	jkobject:GCjqQtGwPzkY	additions	20260624-shared-var	metadata-only collection manifest; use obs->X->var links for payload resolution	shared_exact_hash	prism_collection/GSE225775/var.h5ad	nHeXxG90HjXaGuEH0002	SrZM4EOftL3vc46oWc-LfA	prism_collection/GSE225775
prism_collection/GSE225775	GSE225775	PRISM	sMeahzGfyaeglcAb0000	prism_collection/GSE225775/chunk_0065/obs.parquet	canonical_obs	prism_collection/GSE225775	prism_collection/GSE225775/chunk_0065	chunk	chunk_0065	65	5000	58347	unknown					scRNA-seq	unknown	CRISPR	unknown	unknown	unknown	True	True	False	False	triplet-integrity-ok	2	original	jkobject:GCjqQtGwPzkY	jkobject:GCjqQtGwPzkY	additions	20260624-shared-var	metadata-only collection manifest; use obs->X->var links for payload resolution	shared_exact_hash	prism_collection/GSE225775/var.h5ad	nHeXxG90HjXaGuEH0002	SrZM4EOftL3vc46oWc-LfA	prism_collection/GSE225775
prism_collection/GSE225775	GSE225775	PRISM	TLZMiJH6jAuwnFL00000	prism_collection/GSE225775/chunk_0066/obs.parquet	canonical_obs	prism_collection/GSE225775	prism_collection/GSE225775/chunk_0066	chunk	chunk_0066	66	5000	58347	unknown					scRNA-seq	unknown	CRISPR	unknown	unknown	unknown	True	True	False	False	triplet-integrity-ok	2	original	jkobject:GCjqQtGwPzkY	jkobject:GCjqQtGwPzkY	additions	20260624-shared-var	metadata-only collection manifest; use obs->X->var links for payload resolution	shared_exact_hash	prism_collection/GSE225775/var.h5ad	nHeXxG90HjXaGuEH0002	SrZM4EOftL3vc46oWc-LfA	prism_collection/GSE225775
prism_collection/GSE225775	GSE225775	PRISM	J4hsGpPIOzoWdV6a0000	prism_collection/GSE225775/chunk_0067/obs.parquet	canonical_obs	prism_collection/GSE225775	prism_collection/GSE225775/chunk_0067	chunk	chunk_0067	67	5000	58347	unknown					scRNA-seq	unknown	CRISPR	unknown	unknown	unknown	True	True	False	False	triplet-integrity-ok	2	original	jkobject:GCjqQtGwPzkY	jkobject:GCjqQtGwPzkY	additions	20260624-shared-var	metadata-only collection manifest; use obs->X->var links for payload resolution	shared_exact_hash	prism_collection/GSE225775/var.h5ad	nHeXxG90HjXaGuEH0002	SrZM4EOftL3vc46oWc-LfA	prism_collection/GSE225775
prism_collection/GSE225775	GSE225775	PRISM	XppMZHE04WSDWCtj0000	prism_collection/GSE225775/chunk_0068/obs.parquet	canonical_obs	prism_collection/GSE225775	prism_collection/GSE225775/chunk_0068	chunk	chunk_0068	68	5000	58347	unknown					scRNA-seq	unknown	CRISPR	unknown	unknown	unknown	True	True	False	False	triplet-integrity-ok	2	original	jkobject:GCjqQtGwPzkY	jkobject:GCjqQtGwPzkY	additions	20260624-shared-var	metadata-only collection manifest; use obs->X->var links for payload resolution	shared_exact_hash	prism_collection/GSE225775/var.h5ad	nHeXxG90HjXaGuEH0002	SrZM4EOftL3vc46oWc-LfA	prism_collection/GSE225775
prism_collection/GSE225775	GSE225775	PRISM	pZM61XjGmd8fMIPk0000	prism_collection/GSE225775/chunk_0069/obs.parquet	canonical_obs	prism_collection/GSE225775	prism_collection/GSE225775/chunk_0069	chunk	chunk_0069	69	5000	58347	unknown					scRNA-seq	unknown	CRISPR	unknown	unknown	unknown	True	True	False	False	triplet-integrity-ok	2	original	jkobject:GCjqQtGwPzkY	jkobject:GCjqQtGwPzkY	additions	20260624-shared-var	metadata-only collection manifest; use obs->X->var links for payload resolution	shared_exact_hash	prism_collection/GSE225775/var.h5ad	nHeXxG90HjXaGuEH0002	SrZM4EOftL3vc46oWc-LfA	prism_collection/GSE225775
prism_collection/GSE225775	GSE225775	PRISM	KbIK1urMyQppsF6N0000	prism_collection/GSE225775/chunk_0070/obs.parquet	canonical_obs	prism_collection/GSE225775	prism_collection/GSE225775/chunk_0070	chunk	chunk_0070	70	5000	58347	unknown					scRNA-seq	unknown	CRISPR	unknown	unknown	unknown	True	True	False	False	triplet-integrity-ok	2	original	jkobject:GCjqQtGwPzkY	jkobject:GCjqQtGwPzkY	additions	20260624-shared-var	metadata-only collection manifest; use obs->X->var links for payload resolution	shared_exact_hash	prism_collection/GSE225775/var.h5ad	nHeXxG90HjXaGuEH0002	SrZM4EOftL3vc46oWc-LfA	prism_collection/GSE225775
prism_collection/GSE225775	GSE225775	PRISM	UDCqbpA5rHnAV4zJ0000	prism_collection/GSE225775/chunk_0071/obs.parquet	canonical_obs	prism_collection/GSE225775	prism_collection/GSE225775/chunk_0071	chunk	chunk_0071	71	5000	58347	unknown					scRNA-seq	unknown	CRISPR	unknown	unknown	unknown	True	True	False	False	triplet-integrity-ok	2	original	jkobject:GCjqQtGwPzkY	jkobject:GCjqQtGwPzkY	additions	20260624-shared-var	metadata-only collection manifest; use obs->X->var links for payload resolution	shared_exact_hash	prism_collection/GSE225775/var.h5ad	nHeXxG90HjXaGuEH0002	SrZM4EOftL3vc46oWc-LfA	prism_collection/GSE225775
prism_collection/GSE225775	GSE225775	PRISM	gQx5Tv277bdMuxqg0000	prism_collection/GSE225775/chunk_0072/obs.parquet	canonical_obs	prism_collection/GSE225775	prism_collection/GSE225775/chunk_0072	chunk	chunk_0072	72	5000	58347	unknown					scRNA-seq	unknown	CRISPR	unknown	unknown	unknown	True	True	False	False	triplet-integrity-ok	2	original	jkobject:GCjqQtGwPzkY	jkobject:GCjqQtGwPzkY	additions	20260624-shared-var	metadata-only collection manifest; use obs->X->var links for payload resolution	shared_exact_hash	prism_collection/GSE225775/var.h5ad	nHeXxG90HjXaGuEH0002	SrZM4EOftL3vc46oWc-LfA	prism_collection/GSE225775
prism_collection/GSE225775	GSE225775	PRISM	AVoYtyXxLbdwzjaz0000	prism_collection/GSE225775/chunk_0073/obs.parquet	canonical_obs	prism_collection/GSE225775	prism_collection/GSE225775/chunk_0073	chunk	chunk_0073	73	5000	58347	unknown					scRNA-seq	unknown	CRISPR	unknown	unknown	unknown	True	True	False	False	triplet-integrity-ok	2	original	jkobject:GCjqQtGwPzkY	jkobject:GCjqQtGwPzkY	additions	20260624-shared-var	metadata-only collection manifest; use obs->X->var links for payload resolution	shared_exact_hash	prism_collection/GSE225775/var.h5ad	nHeXxG90HjXaGuEH0002	SrZM4EOftL3vc46oWc-LfA	prism_collection/GSE225775
prism_collection/GSE225775	GSE225775	PRISM	EcmE1BzzLYZzoq4k0000	prism_collection/GSE225775/chunk_0074/obs.parquet	canonical_obs	prism_collection/GSE225775	prism_collection/GSE225775/chunk_0074	chunk	chunk_0074	74	5000	58347	unknown					scRNA-seq	unknown	CRISPR	unknown	unknown	unknown	True	True	False	False	triplet-integrity-ok	2	original	jkobject:GCjqQtGwPzkY	jkobject:GCjqQtGwPzkY	additions	20260624-shared-var	metadata-only collection manifest; use obs->X->var links for payload resolution	shared_exact_hash	prism_collection/GSE225775/var.h5ad	nHeXxG90HjXaGuEH0002	SrZM4EOftL3vc46oWc-LfA	prism_collection/GSE225775
prism_collection/GSE225775	GSE225775	PRISM	fseYMXycgjeZx5Yk0000	prism_collection/GSE225775/chunk_0075/obs.parquet	canonical_obs	prism_collection/GSE225775	prism_collection/GSE225775/chunk_0075	chunk	chunk_0075	75	5000	58347	unknown					scRNA-seq	unknown	CRISPR	unknown	unknown	unknown	True	True	False	False	triplet-integrity-ok	2	original	jkobject:GCjqQtGwPzkY	jkobject:GCjqQtGwPzkY	additions	20260624-shared-var	metadata-only collection manifest; use obs->X->var links for payload resolution	shared_exact_hash	prism_collection/GSE225775/var.h5ad	nHeXxG90HjXaGuEH0002	SrZM4EOftL3vc46oWc-LfA	prism_collection/GSE225775
prism_collection/GSE225775	GSE225775	PRISM	BA3q0Y9fYLtWuGXE0000	prism_collection/GSE225775/chunk_0076/obs.parquet	canonical_obs	prism_collection/GSE225775	prism_collection/GSE225775/chunk_0076	chunk	chunk_0076	76	5000	58347	unknown					scRNA-seq	unknown	CRISPR	unknown	unknown	unknown	True	True	False	False	triplet-integrity-ok	2	original	jkobject:GCjqQtGwPzkY	jkobject:GCjqQtGwPzkY	additions	20260624-shared-var	metadata-only collection manifest; use obs->X->var links for payload resolution	shared_exact_hash	prism_collection/GSE225775/var.h5ad	nHeXxG90HjXaGuEH0002	SrZM4EOftL3vc46oWc-LfA	prism_collection/GSE225775
prism_collection/GSE225775	GSE225775	PRISM	AKyz0uV7CfQ1ev5w0000	prism_collection/GSE225775/chunk_0077/obs.parquet	canonical_obs	prism_collection/GSE225775	prism_collection/GSE225775/chunk_0077	chunk	chunk_0077	77	5000	58347	unknown					scRNA-seq	unknown	CRISPR	unknown	unknown	unknown	True	True	False	False	triplet-integrity-ok	2	original	jkobject:GCjqQtGwPzkY	jkobject:GCjqQtGwPzkY	additions	20260624-shared-var	metadata-only collection manifest; use obs->X->var links for payload resolution	shared_exact_hash	prism_collection/GSE225775/var.h5ad	nHeXxG90HjXaGuEH0002	SrZM4EOftL3vc46oWc-LfA	prism_collection/GSE225775
prism_collection/GSE225775	GSE225775	PRISM	eQHviILoM10SYLAF0000	prism_collection/GSE225775/chunk_0078/obs.parquet	canonical_obs	prism_collection/GSE225775	prism_collection/GSE225775/chunk_0078	chunk	chunk_0078	78	5000	58347	unknown					scRNA-seq	unknown	CRISPR	unknown	unknown	unknown	True	True	False	False	triplet-integrity-ok	2	original	jkobject:GCjqQtGwPzkY	jkobject:GCjqQtGwPzkY	additions	20260624-shared-var	metadata-only collection manifest; use obs->X->var links for payload resolution	shared_exact_hash	prism_collection/GSE225775/var.h5ad	nHeXxG90HjXaGuEH0002	SrZM4EOftL3vc46oWc-LfA	prism_collection/GSE225775
prism_collection/GSE225775	GSE225775	PRISM	HC7QsabPdmTGrMcd0000	prism_collection/GSE225775/chunk_0079/obs.parquet	canonical_obs	prism_collection/GSE225775	prism_collection/GSE225775/chunk_0079	chunk	chunk_0079	79	5000	58347	unknown					scRNA-seq	unknown	CRISPR	unknown	unknown	unknown	True	True	False	False	triplet-integrity-ok	2	original	jkobject:GCjqQtGwPzkY	jkobject:GCjqQtGwPzkY	additions	20260624-shared-var	metadata-only collection manifest; use obs->X->var links for payload resolution	shared_exact_hash	prism_collection/GSE225775/var.h5ad	nHeXxG90HjXaGuEH0002	SrZM4EOftL3vc46oWc-LfA	prism_collection/GSE225775
prism_collection/GSE225775	GSE225775	PRISM	NTOlydkUOZoHqclZ0000	prism_collection/GSE225775/chunk_0080/obs.parquet	canonical_obs	prism_collection/GSE225775	prism_collection/GSE225775/chunk_0080	chunk	chunk_0080	80	5000	58347	unknown					scRNA-seq	unknown	CRISPR	unknown	unknown	unknown	True	True	False	False	triplet-integrity-ok	2	original	jkobject:GCjqQtGwPzkY	jkobject:GCjqQtGwPzkY	additions	20260624-shared-var	metadata-only collection manifest; use obs->X->var links for payload resolution	shared_exact_hash	prism_collection/GSE225775/var.h5ad	nHeXxG90HjXaGuEH0002	SrZM4EOftL3vc46oWc-LfA	prism_collection/GSE225775
prism_collection/GSE225775	GSE225775	PRISM	L9KViLvKQBbEHgc70000	prism_collection/GSE225775/chunk_0081/obs.parquet	canonical_obs	prism_collection/GSE225775	prism_collection/GSE225775/chunk_0081	chunk	chunk_0081	81	5000	58347	unknown					scRNA-seq	unknown	CRISPR	unknown	unknown	unknown	True	True	True	False	triplet-integrity-ok	2	original	jkobject:GCjqQtGwPzkY	jkobject:GCjqQtGwPzkY	additions	20260624-shared-var	metadata-only collection manifest; use obs->X->var links for payload resolution	shared_exact_hash	prism_collection/GSE225775/var.h5ad	nHeXxG90HjXaGuEH0002	SrZM4EOftL3vc46oWc-LfA	prism_collection/GSE225775
prism_collection/GSE225775	GSE225775	PRISM	0ahHaULy2trJ1QSU0000	prism_collection/GSE225775/chunk_0082/obs.parquet	canonical_obs	prism_collection/GSE225775	prism_collection/GSE225775/chunk_0082	chunk	chunk_0082	82	5000	58347	unknown					scRNA-seq	unknown	CRISPR	unknown	unknown	unknown	True	True	False	False	triplet-integrity-ok	2	original	jkobject:GCjqQtGwPzkY	jkobject:GCjqQtGwPzkY	additions	20260624-shared-var	metadata-only collection manifest; use obs->X->var links for payload resolution	shared_exact_hash	prism_collection/GSE225775/var.h5ad	nHeXxG90HjXaGuEH0002	SrZM4EOftL3vc46oWc-LfA	prism_collection/GSE225775
prism_collection/GSE225775	GSE225775	PRISM	1bBLAcjeDHlnktun0000	prism_collection/GSE225775/chunk_0083/obs.parquet	canonical_obs	prism_collection/GSE225775	prism_collection/GSE225775/chunk_0083	chunk	chunk_0083	83	5000	58347	unknown					scRNA-seq	unknown	CRISPR	unknown	unknown	unknown	True	True	True	False	triplet-integrity-ok	2	original	jkobject:GCjqQtGwPzkY	jkobject:GCjqQtGwPzkY	additions	20260624-shared-var	metadata-only collection manifest; use obs->X->var links for payload resolution	shared_exact_hash	prism_collection/GSE225775/var.h5ad	nHeXxG90HjXaGuEH0002	SrZM4EOftL3vc46oWc-LfA	prism_collection/GSE225775
prism_collection/GSE225775	GSE225775	PRISM	HPbvdshf1GCAOSvp0000	prism_collection/GSE225775/chunk_0084/obs.parquet	canonical_obs	prism_collection/GSE225775	prism_collection/GSE225775/chunk_0084	chunk	chunk_0084	84	5000	58347	unknown					scRNA-seq	unknown	CRISPR	unknown	unknown	unknown	True	True	False	False	triplet-integrity-ok	2	original	jkobject:GCjqQtGwPzkY	jkobject:GCjqQtGwPzkY	additions	20260624-shared-var	metadata-only collection manifest; use obs->X->var links for payload resolution	shared_exact_hash	prism_collection/GSE225775/var.h5ad	nHeXxG90HjXaGuEH0002	SrZM4EOftL3vc46oWc-LfA	prism_collection/GSE225775
prism_collection/GSE225775	GSE225775	PRISM	tlaMr08jqXJ64M6w0000	prism_collection/GSE225775/chunk_0085/obs.parquet	canonical_obs	prism_collection/GSE225775	prism_collection/GSE225775/chunk_0085	chunk	chunk_0085	85	5000	58347	unknown					scRNA-seq	unknown	CRISPR	unknown	unknown	unknown	True	True	False	False	triplet-integrity-ok	2	original	jkobject:GCjqQtGwPzkY	jkobject:GCjqQtGwPzkY	additions	20260624-shared-var	metadata-only collection manifest; use obs->X->var links for payload resolution	shared_exact_hash	prism_collection/GSE225775/var.h5ad	nHeXxG90HjXaGuEH0002	SrZM4EOftL3vc46oWc-LfA	prism_collection/GSE225775
prism_collection/GSE225775	GSE225775	PRISM	6iw5eURIyaT82N0c0000	prism_collection/GSE225775/chunk_0086/obs.parquet	canonical_obs	prism_collection/GSE225775	prism_collection/GSE225775/chunk_0086	chunk	chunk_0086	86	5000	58347	unknown					scRNA-seq	unknown	CRISPR	unknown	unknown	unknown	True	True	False	False	triplet-integrity-ok	2	original	jkobject:GCjqQtGwPzkY	jkobject:GCjqQtGwPzkY	additions	20260624-shared-var	metadata-only collection manifest; use obs->X->var links for payload resolution	shared_exact_hash	prism_collection/GSE225775/var.h5ad	nHeXxG90HjXaGuEH0002	SrZM4EOftL3vc46oWc-LfA	prism_collection/GSE225775
prism_collection/GSE225775	GSE225775	PRISM	WMRMJ47ngYAS3bKA0000	prism_collection/GSE225775/chunk_0087/obs.parquet	canonical_obs	prism_collection/GSE225775	prism_collection/GSE225775/chunk_0087	chunk	chunk_0087	87	5000	58347	unknown					scRNA-seq	unknown	CRISPR	unknown	unknown	unknown	True	True	False	False	triplet-integrity-ok	2	original	jkobject:GCjqQtGwPzkY	jkobject:GCjqQtGwPzkY	additions	20260624-shared-var	metadata-only collection manifest; use obs->X->var links for payload resolution	shared_exact_hash	prism_collection/GSE225775/var.h5ad	nHeXxG90HjXaGuEH0002	SrZM4EOftL3vc46oWc-LfA	prism_collection/GSE225775
prism_collection/GSE225775	GSE225775	PRISM	fXCZPaqTZF4EttzC0000	prism_collection/GSE225775/chunk_0088/obs.parquet	canonical_obs	prism_collection/GSE225775	prism_collection/GSE225775/chunk_0088	chunk	chunk_0088	88	5000	58347	unknown					scRNA-seq	unknown	CRISPR	unknown	unknown	unknown	True	True	False	False	triplet-integrity-ok	2	original	jkobject:GCjqQtGwPzkY	jkobject:GCjqQtGwPzkY	additions	20260624-shared-var	metadata-only collection manifest; use obs->X->var links for payload resolution	shared_exact_hash	prism_collection/GSE225775/var.h5ad	nHeXxG90HjXaGuEH0002	SrZM4EOftL3vc46oWc-LfA	prism_collection/GSE225775
prism_collection/GSE225775	GSE225775	PRISM	epANgJUW5oPMPOMy0000	prism_collection/GSE225775/chunk_0089/obs.parquet	canonical_obs	prism_collection/GSE225775	prism_collection/GSE225775/chunk_0089	chunk	chunk_0089	89	5000	58347	unknown					scRNA-seq	unknown	CRISPR	unknown	unknown	unknown	True	True	False	False	triplet-integrity-ok	2	original	jkobject:GCjqQtGwPzkY	jkobject:GCjqQtGwPzkY	additions	20260624-shared-var	metadata-only collection manifest; use obs->X->var links for payload resolution	shared_exact_hash	prism_collection/GSE225775/var.h5ad	nHeXxG90HjXaGuEH0002	SrZM4EOftL3vc46oWc-LfA	prism_collection/GSE225775
prism_collection/GSE225775	GSE225775	PRISM	AhKQkfwCEfkZoNRM0000	prism_collection/GSE225775/chunk_0090/obs.parquet	canonical_obs	prism_collection/GSE225775	prism_collection/GSE225775/chunk_0090	chunk	chunk_0090	90	5000	58347	unknown					scRNA-seq	unknown	CRISPR	unknown	unknown	unknown	True	True	False	False	triplet-integrity-ok	2	original	jkobject:GCjqQtGwPzkY	jkobject:GCjqQtGwPzkY	additions	20260624-shared-var	metadata-only collection manifest; use obs->X->var links for payload resolution	shared_exact_hash	prism_collection/GSE225775/var.h5ad	nHeXxG90HjXaGuEH0002	SrZM4EOftL3vc46oWc-LfA	prism_collection/GSE225775
prism_collection/GSE225775	GSE225775	PRISM	VE6PqdMWlc9t9flc0000	prism_collection/GSE225775/chunk_0091/obs.parquet	canonical_obs	prism_collection/GSE225775	prism_collection/GSE225775/chunk_0091	chunk	chunk_0091	91	5000	58347	unknown					scRNA-seq	unknown	CRISPR	unknown	unknown	unknown	True	True	False	False	triplet-integrity-ok	2	original	jkobject:GCjqQtGwPzkY	jkobject:GCjqQtGwPzkY	additions	20260624-shared-var	metadata-only collection manifest; use obs->X->var links for payload resolution	shared_exact_hash	prism_collection/GSE225775/var.h5ad	nHeXxG90HjXaGuEH0002	SrZM4EOftL3vc46oWc-LfA	prism_collection/GSE225775
prism_collection/GSE225775	GSE225775	PRISM	NjWpKFsdY0YILBmY0000	prism_collection/GSE225775/chunk_0092/obs.parquet	canonical_obs	prism_collection/GSE225775	prism_collection/GSE225775/chunk_0092	chunk	chunk_0092	92	5000	58347	unknown					scRNA-seq	unknown	CRISPR	unknown	unknown	unknown	True	True	False	False	triplet-integrity-ok	2	original	jkobject:GCjqQtGwPzkY	jkobject:GCjqQtGwPzkY	additions	20260624-shared-var	metadata-only collection manifest; use obs->X->var links for payload resolution	shared_exact_hash	prism_collection/GSE225775/var.h5ad	nHeXxG90HjXaGuEH0002	SrZM4EOftL3vc46oWc-LfA	prism_collection/GSE225775
prism_collection/GSE225775	GSE225775	PRISM	tDFoh61PBqlCQr3Q0000	prism_collection/GSE225775/chunk_0093/obs.parquet	canonical_obs	prism_collection/GSE225775	prism_collection/GSE225775/chunk_0093	chunk	chunk_0093	93	5000	58347	unknown					scRNA-seq	unknown	CRISPR	unknown	unknown	unknown	True	True	False	False	triplet-integrity-ok	2	original	jkobject:GCjqQtGwPzkY	jkobject:GCjqQtGwPzkY	additions	20260624-shared-var	metadata-only collection manifest; use obs->X->var links for payload resolution	shared_exact_hash	prism_collection/GSE225775/var.h5ad	nHeXxG90HjXaGuEH0002	SrZM4EOftL3vc46oWc-LfA	prism_collection/GSE225775
prism_collection/GSE225775	GSE225775	PRISM	yilAMsZNbdCTMfpx0000	prism_collection/GSE225775/chunk_0094/obs.parquet	canonical_obs	prism_collection/GSE225775	prism_collection/GSE225775/chunk_0094	chunk	chunk_0094	94	5000	58347	unknown					scRNA-seq	unknown	CRISPR	unknown	unknown	unknown	True	True	False	False	triplet-integrity-ok	2	original	jkobject:GCjqQtGwPzkY	jkobject:GCjqQtGwPzkY	additions	20260624-shared-var	metadata-only collection manifest; use obs->X->var links for payload resolution	shared_exact_hash	prism_collection/GSE225775/var.h5ad	nHeXxG90HjXaGuEH0002	SrZM4EOftL3vc46oWc-LfA	prism_collection/GSE225775
prism_collection/GSE225775	GSE225775	PRISM	ZVQtLBx48RKvtuPI0000	prism_collection/GSE225775/chunk_0095/obs.parquet	canonical_obs	prism_collection/GSE225775	prism_collection/GSE225775/chunk_0095	chunk	chunk_0095	95	5000	58347	unknown					scRNA-seq	unknown	CRISPR	unknown	unknown	unknown	True	True	False	False	triplet-integrity-ok	2	original	jkobject:GCjqQtGwPzkY	jkobject:GCjqQtGwPzkY	additions	20260624-shared-var	metadata-only collection manifest; use obs->X->var links for payload resolution	shared_exact_hash	prism_collection/GSE225775/var.h5ad	nHeXxG90HjXaGuEH0002	SrZM4EOftL3vc46oWc-LfA	prism_collection/GSE225775
prism_collection/GSE225775	GSE225775	PRISM	VZVx6R1JvPWgYkZb0000	prism_collection/GSE225775/chunk_0096/obs.parquet	canonical_obs	prism_collection/GSE225775	prism_collection/GSE225775/chunk_0096	chunk	chunk_0096	96	5000	58347	unknown					scRNA-seq	unknown	CRISPR	unknown	unknown	unknown	True	True	False	False	triplet-integrity-ok	2	original	jkobject:GCjqQtGwPzkY	jkobject:GCjqQtGwPzkY	additions	20260624-shared-var	metadata-only collection manifest; use obs->X->var links for payload resolution	shared_exact_hash	prism_collection/GSE225775/var.h5ad	nHeXxG90HjXaGuEH0002	SrZM4EOftL3vc46oWc-LfA	prism_collection/GSE225775
prism_collection/GSE225775	GSE225775	PRISM	hb2HIlaKFMwqC7ss0000	prism_collection/GSE225775/chunk_0097/obs.parquet	canonical_obs	prism_collection/GSE225775	prism_collection/GSE225775/chunk_0097	chunk	chunk_0097	97	5000	58347	unknown					scRNA-seq	unknown	CRISPR	unknown	unknown	unknown	True	True	False	False	triplet-integrity-ok	2	original	jkobject:GCjqQtGwPzkY	jkobject:GCjqQtGwPzkY	additions	20260624-shared-var	metadata-only collection manifest; use obs->X->var links for payload resolution	shared_exact_hash	prism_collection/GSE225775/var.h5ad	nHeXxG90HjXaGuEH0002	SrZM4EOftL3vc46oWc-LfA	prism_collection/GSE225775
prism_collection/GSE225775	GSE225775	PRISM	lnIDfikeDDiwjLsn0000	prism_collection/GSE225775/chunk_0098/obs.parquet	canonical_obs	prism_collection/GSE225775	prism_collection/GSE225775/chunk_0098	chunk	chunk_0098	98	5000	58347	unknown					scRNA-seq	unknown	CRISPR	unknown	unknown	unknown	True	True	False	False	triplet-integrity-ok	2	original	jkobject:GCjqQtGwPzkY	jkobject:GCjqQtGwPzkY	additions	20260624-shared-var	metadata-only collection manifest; use obs->X->var links for payload resolution	shared_exact_hash	prism_collection/GSE225775/var.h5ad	nHeXxG90HjXaGuEH0002	SrZM4EOftL3vc46oWc-LfA	prism_collection/GSE225775
prism_collection/GSE225775	GSE225775	PRISM	CsiC1UvxKhi8NYsQ0000	prism_collection/GSE225775/chunk_0099/obs.parquet	canonical_obs	prism_collection/GSE225775	prism_collection/GSE225775/chunk_0099	chunk	chunk_0099	99	5000	58347	unknown					scRNA-seq	unknown	CRISPR	unknown	unknown	unknown	True	True	False	False	triplet-integrity-ok	2	original	jkobject:GCjqQtGwPzkY	jkobject:GCjqQtGwPzkY	additions	20260624-shared-var	metadata-only collection manifest; use obs->X->var links for payload resolution	shared_exact_hash	prism_collection/GSE225775/var.h5ad	nHeXxG90HjXaGuEH0002	SrZM4EOftL3vc46oWc-LfA	prism_collection/GSE225775
prism_collection/GSE225775	GSE225775	PRISM	At1wjRizbef2yTa70000	prism_collection/GSE225775/chunk_0100/obs.parquet	canonical_obs	prism_collection/GSE225775	prism_collection/GSE225775/chunk_0100	chunk	chunk_0100	100	5000	58347	unknown					scRNA-seq	unknown	CRISPR	unknown	unknown	unknown	True	True	False	False	triplet-integrity-ok	2	original	jkobject:GCjqQtGwPzkY	jkobject:GCjqQtGwPzkY	additions	20260624-shared-var	metadata-only collection manifest; use obs->X->var links for payload resolution	shared_exact_hash	prism_collection/GSE225775/var.h5ad	nHeXxG90HjXaGuEH0002	SrZM4EOftL3vc46oWc-LfA	prism_collection/GSE225775
prism_collection/GSE225775	GSE225775	PRISM	coeSy5VX9UPohp6a0000	prism_collection/GSE225775/chunk_0101/obs.parquet	canonical_obs	prism_collection/GSE225775	prism_collection/GSE225775/chunk_0101	chunk	chunk_0101	101	5000	58347	unknown					scRNA-seq	unknown	CRISPR	unknown	unknown	unknown	True	True	False	False	triplet-integrity-ok	2	original	jkobject:GCjqQtGwPzkY	jkobject:GCjqQtGwPzkY	additions	20260624-shared-var	metadata-only collection manifest; use obs->X->var links for payload resolution	shared_exact_hash	prism_collection/GSE225775/var.h5ad	nHeXxG90HjXaGuEH0002	SrZM4EOftL3vc46oWc-LfA	prism_collection/GSE225775
prism_collection/GSE225775	GSE225775	PRISM	xhcLoC9zVlRQkqpJ0000	prism_collection/GSE225775/chunk_0102/obs.parquet	canonical_obs	prism_collection/GSE225775	prism_collection/GSE225775/chunk_0102	chunk	chunk_0102	102	5000	58347	unknown					scRNA-seq	unknown	CRISPR	unknown	unknown	unknown	True	True	False	False	triplet-integrity-ok	2	original	jkobject:GCjqQtGwPzkY	jkobject:GCjqQtGwPzkY	additions	20260624-shared-var	metadata-only collection manifest; use obs->X->var links for payload resolution	shared_exact_hash	prism_collection/GSE225775/var.h5ad	nHeXxG90HjXaGuEH0002	SrZM4EOftL3vc46oWc-LfA	prism_collection/GSE225775
prism_collection/GSE225775	GSE225775	PRISM	TbgspbN5ZRWPobvo0000	prism_collection/GSE225775/chunk_0103/obs.parquet	canonical_obs	prism_collection/GSE225775	prism_collection/GSE225775/chunk_0103	chunk	chunk_0103	103	5000	58347	unknown					scRNA-seq	unknown	CRISPR	unknown	unknown	unknown	True	True	False	False	triplet-integrity-ok	2	original	jkobject:GCjqQtGwPzkY	jkobject:GCjqQtGwPzkY	additions	20260624-shared-var	metadata-only collection manifest; use obs->X->var links for payload resolution	shared_exact_hash	prism_collection/GSE225775/var.h5ad	nHeXxG90HjXaGuEH0002	SrZM4EOftL3vc46oWc-LfA	prism_collection/GSE225775
prism_collection/GSE225775	GSE225775	PRISM	pTXjiWjvPzPNRwZa0000	prism_collection/GSE225775/chunk_0104/obs.parquet	canonical_obs	prism_collection/GSE225775	prism_collection/GSE225775/chunk_0104	chunk	chunk_0104	104	5000	58347	unknown					scRNA-seq	unknown	CRISPR	unknown	unknown	unknown	True	True	False	False	triplet-integrity-ok	2	original	jkobject:GCjqQtGwPzkY	jkobject:GCjqQtGwPzkY	additions	20260624-shared-var	metadata-only collection manifest; use obs->X->var links for payload resolution	shared_exact_hash	prism_collection/GSE225775/var.h5ad	nHeXxG90HjXaGuEH0002	SrZM4EOftL3vc46oWc-LfA	prism_collection/GSE225775
prism_collection/GSE225775	GSE225775	PRISM	gxHXp9OMEanmb3KE0000	prism_collection/GSE225775/chunk_0105/obs.parquet	canonical_obs	prism_collection/GSE225775	prism_collection/GSE225775/chunk_0105	chunk	chunk_0105	105	5000	58347	unknown					scRNA-seq	unknown	CRISPR	unknown	unknown	unknown	True	True	False	False	triplet-integrity-ok	2	original	jkobject:GCjqQtGwPzkY	jkobject:GCjqQtGwPzkY	additions	20260624-shared-var	metadata-only collection manifest; use obs->X->var links for payload resolution	shared_exact_hash	prism_collection/GSE225775/var.h5ad	nHeXxG90HjXaGuEH0002	SrZM4EOftL3vc46oWc-LfA	prism_collection/GSE225775
prism_collection/GSE225775	GSE225775	PRISM	ZaN6KPeRzq5xwunD0000	prism_collection/GSE225775/chunk_0106/obs.parquet	canonical_obs	prism_collection/GSE225775	prism_collection/GSE225775/chunk_0106	chunk	chunk_0106	106	5000	58347	unknown					scRNA-seq	unknown	CRISPR	unknown	unknown	unknown	True	True	False	False	triplet-integrity-ok	2	original	jkobject:GCjqQtGwPzkY	jkobject:GCjqQtGwPzkY	additions	20260624-shared-var	metadata-only collection manifest; use obs->X->var links for payload resolution	shared_exact_hash	prism_collection/GSE225775/var.h5ad	nHeXxG90HjXaGuEH0002	SrZM4EOftL3vc46oWc-LfA	prism_collection/GSE225775
prism_collection/GSE225775	GSE225775	PRISM	Xr7gi78Bi0hwlSZj0000	prism_collection/GSE225775/chunk_0107/obs.parquet	canonical_obs	prism_collection/GSE225775	prism_collection/GSE225775/chunk_0107	chunk	chunk_0107	107	5000	58347	unknown					scRNA-seq	unknown	CRISPR	unknown	unknown	unknown	True	True	False	False	triplet-integrity-ok	2	original	jkobject:GCjqQtGwPzkY	jkobject:GCjqQtGwPzkY	additions	20260624-shared-var	metadata-only collection manifest; use obs->X->var links for payload resolution	shared_exact_hash	prism_collection/GSE225775/var.h5ad	nHeXxG90HjXaGuEH0002	SrZM4EOftL3vc46oWc-LfA	prism_collection/GSE225775
prism_collection/GSE225775	GSE225775	PRISM	woeGoBQ2bKGIoZjB0000	prism_collection/GSE225775/chunk_0108/obs.parquet	canonical_obs	prism_collection/GSE225775	prism_collection/GSE225775/chunk_0108	chunk	chunk_0108	108	5000	58347	unknown					scRNA-seq	unknown	CRISPR	unknown	unknown	unknown	True	True	True	False	triplet-integrity-ok	2	original	jkobject:GCjqQtGwPzkY	jkobject:GCjqQtGwPzkY	additions	20260624-shared-var	metadata-only collection manifest; use obs->X->var links for payload resolution	shared_exact_hash	prism_collection/GSE225775/var.h5ad	nHeXxG90HjXaGuEH0002	SrZM4EOftL3vc46oWc-LfA	prism_collection/GSE225775
prism_collection/GSE225775	GSE225775	PRISM	YcAOaUuV8eH8xzMD0000	prism_collection/GSE225775/chunk_0109/obs.parquet	canonical_obs	prism_collection/GSE225775	prism_collection/GSE225775/chunk_0109	chunk	chunk_0109	109	5000	58347	unknown					scRNA-seq	unknown	CRISPR	unknown	unknown	unknown	True	True	False	False	triplet-integrity-ok	2	original	jkobject:GCjqQtGwPzkY	jkobject:GCjqQtGwPzkY	additions	20260624-shared-var	metadata-only collection manifest; use obs->X->var links for payload resolution	shared_exact_hash	prism_collection/GSE225775/var.h5ad	nHeXxG90HjXaGuEH0002	SrZM4EOftL3vc46oWc-LfA	prism_collection/GSE225775
prism_collection/GSE225775	GSE225775	PRISM	hPpYwKgcGjfYZ7jX0000	prism_collection/GSE225775/chunk_0110/obs.parquet	canonical_obs	prism_collection/GSE225775	prism_collection/GSE225775/chunk_0110	chunk	chunk_0110	110	5000	58347	unknown					scRNA-seq	unknown	CRISPR	unknown	unknown	unknown	True	True	False	False	triplet-integrity-ok	2	original	jkobject:GCjqQtGwPzkY	jkobject:GCjqQtGwPzkY	additions	20260624-shared-var	metadata-only collection manifest; use obs->X->var links for payload resolution	shared_exact_hash	prism_collection/GSE225775/var.h5ad	nHeXxG90HjXaGuEH0002	SrZM4EOftL3vc46oWc-LfA	prism_collection/GSE225775
prism_collection/GSE225775	GSE225775	PRISM	hxFqMsA9LN165blt0000	prism_collection/GSE225775/chunk_0111/obs.parquet	canonical_obs	prism_collection/GSE225775	prism_collection/GSE225775/chunk_0111	chunk	chunk_0111	111	5000	58347	unknown					scRNA-seq	unknown	CRISPR	unknown	unknown	unknown	True	True	True	False	triplet-integrity-ok	2	original	jkobject:GCjqQtGwPzkY	jkobject:GCjqQtGwPzkY	additions	20260624-shared-var	metadata-only collection manifest; use obs->X->var links for payload resolution	shared_exact_hash	prism_collection/GSE225775/var.h5ad	nHeXxG90HjXaGuEH0002	SrZM4EOftL3vc46oWc-LfA	prism_collection/GSE225775
prism_collection/GSE225775	GSE225775	PRISM	3vgHLlrWNbtw2fke0000	prism_collection/GSE225775/chunk_0112/obs.parquet	canonical_obs	prism_collection/GSE225775	prism_collection/GSE225775/chunk_0112	chunk	chunk_0112	112	5000	58347	unknown					scRNA-seq	unknown	CRISPR	unknown	unknown	unknown	True	True	False	False	triplet-integrity-ok	2	original	jkobject:GCjqQtGwPzkY	jkobject:GCjqQtGwPzkY	additions	20260624-shared-var	metadata-only collection manifest; use obs->X->var links for payload resolution	shared_exact_hash	prism_collection/GSE225775/var.h5ad	nHeXxG90HjXaGuEH0002	SrZM4EOftL3vc46oWc-LfA	prism_collection/GSE225775
prism_collection/GSE225775	GSE225775	PRISM	JdFwe3IRMmbXfOvT0000	prism_collection/GSE225775/chunk_0113/obs.parquet	canonical_obs	prism_collection/GSE225775	prism_collection/GSE225775/chunk_0113	chunk	chunk_0113	113	5000	58347	unknown					scRNA-seq	unknown	CRISPR	unknown	unknown	unknown	True	True	False	False	triplet-integrity-ok	2	original	jkobject:GCjqQtGwPzkY	jkobject:GCjqQtGwPzkY	additions	20260624-shared-var	metadata-only collection manifest; use obs->X->var links for payload resolution	shared_exact_hash	prism_collection/GSE225775/var.h5ad	nHeXxG90HjXaGuEH0002	SrZM4EOftL3vc46oWc-LfA	prism_collection/GSE225775
prism_collection/GSE225775	GSE225775	PRISM	SI0xEGtLCOYqFqXu0000	prism_collection/GSE225775/chunk_0114/obs.parquet	canonical_obs	prism_collection/GSE225775	prism_collection/GSE225775/chunk_0114	chunk	chunk_0114	114	5000	58347	unknown					scRNA-seq	unknown	CRISPR	unknown	unknown	unknown	True	True	False	False	triplet-integrity-ok	2	original	jkobject:GCjqQtGwPzkY	jkobject:GCjqQtGwPzkY	additions	20260624-shared-var	metadata-only collection manifest; use obs->X->var links for payload resolution	shared_exact_hash	prism_collection/GSE225775/var.h5ad	nHeXxG90HjXaGuEH0002	SrZM4EOftL3vc46oWc-LfA	prism_collection/GSE225775
prism_collection/GSE225775	GSE225775	PRISM	t38fWAZ4UPnU0ZaK0000	prism_collection/GSE225775/chunk_0115/obs.parquet	canonical_obs	prism_collection/GSE225775	prism_collection/GSE225775/chunk_0115	chunk	chunk_0115	115	5000	58347	unknown					scRNA-seq	unknown	CRISPR	unknown	unknown	unknown	True	True	False	False	triplet-integrity-ok	2	original	jkobject:GCjqQtGwPzkY	jkobject:GCjqQtGwPzkY	additions	20260624-shared-var	metadata-only collection manifest; use obs->X->var links for payload resolution	shared_exact_hash	prism_collection/GSE225775/var.h5ad	nHeXxG90HjXaGuEH0002	SrZM4EOftL3vc46oWc-LfA	prism_collection/GSE225775
prism_collection/GSE225775	GSE225775	PRISM	5hUnmbxyHZRkCzSH0000	prism_collection/GSE225775/chunk_0116/obs.parquet	canonical_obs	prism_collection/GSE225775	prism_collection/GSE225775/chunk_0116	chunk	chunk_0116	116	5000	58347	unknown					scRNA-seq	unknown	CRISPR	unknown	unknown	unknown	True	True	False	False	triplet-integrity-ok	2	original	jkobject:GCjqQtGwPzkY	jkobject:GCjqQtGwPzkY	additions	20260624-shared-var	metadata-only collection manifest; use obs->X->var links for payload resolution	shared_exact_hash	prism_collection/GSE225775/var.h5ad	nHeXxG90HjXaGuEH0002	SrZM4EOftL3vc46oWc-LfA	prism_collection/GSE225775
prism_collection/GSE225775	GSE225775	PRISM	LYQR4uwEQc2gGppA0000	prism_collection/GSE225775/chunk_0117/obs.parquet	canonical_obs	prism_collection/GSE225775	prism_collection/GSE225775/chunk_0117	chunk	chunk_0117	117	5000	58347	unknown					scRNA-seq	unknown	CRISPR	unknown	unknown	unknown	True	True	False	False	triplet-integrity-ok	2	original	jkobject:GCjqQtGwPzkY	jkobject:GCjqQtGwPzkY	additions	20260624-shared-var	metadata-only collection manifest; use obs->X->var links for payload resolution	shared_exact_hash	prism_collection/GSE225775/var.h5ad	nHeXxG90HjXaGuEH0002	SrZM4EOftL3vc46oWc-LfA	prism_collection/GSE225775
prism_collection/GSE225775	GSE225775	PRISM	cZZVWq0Os5niH5k20000	prism_collection/GSE225775/chunk_0118/obs.parquet	canonical_obs	prism_collection/GSE225775	prism_collection/GSE225775/chunk_0118	chunk	chunk_0118	118	5000	58347	unknown					scRNA-seq	unknown	CRISPR	unknown	unknown	unknown	True	True	False	False	triplet-integrity-ok	2	original	jkobject:GCjqQtGwPzkY	jkobject:GCjqQtGwPzkY	additions	20260624-shared-var	metadata-only collection manifest; use obs->X->var links for payload resolution	shared_exact_hash	prism_collection/GSE225775/var.h5ad	nHeXxG90HjXaGuEH0002	SrZM4EOftL3vc46oWc-LfA	prism_collection/GSE225775
prism_collection/GSE225775	GSE225775	PRISM	cL0Gs8MJwGXqd7Rd0000	prism_collection/GSE225775/chunk_0119/obs.parquet	canonical_obs	prism_collection/GSE225775	prism_collection/GSE225775/chunk_0119	chunk	chunk_0119	119	5000	58347	unknown					scRNA-seq	unknown	CRISPR	unknown	unknown	unknown	True	True	False	False	triplet-integrity-ok	2	original	jkobject:GCjqQtGwPzkY	jkobject:GCjqQtGwPzkY	additions	20260624-shared-var	metadata-only collection manifest; use obs->X->var links for payload resolution	shared_exact_hash	prism_collection/GSE225775/var.h5ad	nHeXxG90HjXaGuEH0002	SrZM4EOftL3vc46oWc-LfA	prism_collection/GSE225775
prism_collection/GSE225775	GSE225775	PRISM	uFE07s8QKOpH3saE0000	prism_collection/GSE225775/chunk_0120/obs.parquet	canonical_obs	prism_collection/GSE225775	prism_collection/GSE225775/chunk_0120	chunk	chunk_0120	120	5000	58347	unknown					scRNA-seq	unknown	CRISPR	unknown	unknown	unknown	True	True	False	False	triplet-integrity-ok	2	original	jkobject:GCjqQtGwPzkY	jkobject:GCjqQtGwPzkY	additions	20260624-shared-var	metadata-only collection manifest; use obs->X->var links for payload resolution	shared_exact_hash	prism_collection/GSE225775/var.h5ad	nHeXxG90HjXaGuEH0002	SrZM4EOftL3vc46oWc-LfA	prism_collection/GSE225775
prism_collection/GSE225775	GSE225775	PRISM	MjrVOCxeERWWLNBi0000	prism_collection/GSE225775/chunk_0121/obs.parquet	canonical_obs	prism_collection/GSE225775	prism_collection/GSE225775/chunk_0121	chunk	chunk_0121	121	5000	58347	unknown					scRNA-seq	unknown	CRISPR	unknown	unknown	unknown	True	True	False	False	triplet-integrity-ok	2	original	jkobject:GCjqQtGwPzkY	jkobject:GCjqQtGwPzkY	additions	20260624-shared-var	metadata-only collection manifest; use obs->X->var links for payload resolution	shared_exact_hash	prism_collection/GSE225775/var.h5ad	nHeXxG90HjXaGuEH0002	SrZM4EOftL3vc46oWc-LfA	prism_collection/GSE225775
prism_collection/GSE225775	GSE225775	PRISM	YfxKYz2hgZxXcbxX0000	prism_collection/GSE225775/chunk_0122/obs.parquet	canonical_obs	prism_collection/GSE225775	prism_collection/GSE225775/chunk_0122	chunk	chunk_0122	122	5000	58347	unknown					scRNA-seq	unknown	CRISPR	unknown	unknown	unknown	True	True	False	False	triplet-integrity-ok	2	original	jkobject:GCjqQtGwPzkY	jkobject:GCjqQtGwPzkY	additions	20260624-shared-var	metadata-only collection manifest; use obs->X->var links for payload resolution	shared_exact_hash	prism_collection/GSE225775/var.h5ad	nHeXxG90HjXaGuEH0002	SrZM4EOftL3vc46oWc-LfA	prism_collection/GSE225775
prism_collection/GSE225775	GSE225775	PRISM	uCFFzOOUfhcyh74p0000	prism_collection/GSE225775/chunk_0123/obs.parquet	canonical_obs	prism_collection/GSE225775	prism_collection/GSE225775/chunk_0123	chunk	chunk_0123	123	5000	58347	unknown					scRNA-seq	unknown	CRISPR	unknown	unknown	unknown	True	True	False	False	triplet-integrity-ok	2	original	jkobject:GCjqQtGwPzkY	jkobject:GCjqQtGwPzkY	additions	20260624-shared-var	metadata-only collection manifest; use obs->X->var links for payload resolution	shared_exact_hash	prism_collection/GSE225775/var.h5ad	nHeXxG90HjXaGuEH0002	SrZM4EOftL3vc46oWc-LfA	prism_collection/GSE225775
prism_collection/GSE225775	GSE225775	PRISM	EIdxcdJD7WI8nADc0000	prism_collection/GSE225775/chunk_0124/obs.parquet	canonical_obs	prism_collection/GSE225775	prism_collection/GSE225775/chunk_0124	chunk	chunk_0124	124	5000	58347	unknown					scRNA-seq	unknown	CRISPR	unknown	unknown	unknown	True	True	False	False	triplet-integrity-ok	2	original	jkobject:GCjqQtGwPzkY	jkobject:GCjqQtGwPzkY	additions	20260624-shared-var	metadata-only collection manifest; use obs->X->var links for payload resolution	shared_exact_hash	prism_collection/GSE225775/var.h5ad	nHeXxG90HjXaGuEH0002	SrZM4EOftL3vc46oWc-LfA	prism_collection/GSE225775
prism_collection/GSE225775	GSE225775	PRISM	IcJJLOqh5lOnqtDC0000	prism_collection/GSE225775/chunk_0125/obs.parquet	canonical_obs	prism_collection/GSE225775	prism_collection/GSE225775/chunk_0125	chunk	chunk_0125	125	5000	58347	unknown					scRNA-seq	unknown	CRISPR	unknown	unknown	unknown	True	True	False	False	triplet-integrity-ok	2	original	jkobject:GCjqQtGwPzkY	jkobject:GCjqQtGwPzkY	additions	20260624-shared-var	metadata-only collection manifest; use obs->X->var links for payload resolution	shared_exact_hash	prism_collection/GSE225775/var.h5ad	nHeXxG90HjXaGuEH0002	SrZM4EOftL3vc46oWc-LfA	prism_collection/GSE225775
prism_collection/GSE225775	GSE225775	PRISM	74h0OMYHjt2BsHhh0000	prism_collection/GSE225775/chunk_0126/obs.parquet	canonical_obs	prism_collection/GSE225775	prism_collection/GSE225775/chunk_0126	chunk	chunk_0126	126	5000	58347	unknown					scRNA-seq	unknown	CRISPR	unknown	unknown	unknown	True	True	False	False	triplet-integrity-ok	2	original	jkobject:GCjqQtGwPzkY	jkobject:GCjqQtGwPzkY	additions	20260624-shared-var	metadata-only collection manifest; use obs->X->var links for payload resolution	shared_exact_hash	prism_collection/GSE225775/var.h5ad	nHeXxG90HjXaGuEH0002	SrZM4EOftL3vc46oWc-LfA	prism_collection/GSE225775
prism_collection/GSE225775	GSE225775	PRISM	jQ1WAcqImI5C3Cbt0000	prism_collection/GSE225775/chunk_0127/obs.parquet	canonical_obs	prism_collection/GSE225775	prism_collection/GSE225775/chunk_0127	chunk	chunk_0127	127	5000	58347	unknown					scRNA-seq	unknown	CRISPR	unknown	unknown	unknown	True	True	False	False	triplet-integrity-ok	2	original	jkobject:GCjqQtGwPzkY	jkobject:GCjqQtGwPzkY	additions	20260624-shared-var	metadata-only collection manifest; use obs->X->var links for payload resolution	shared_exact_hash	prism_collection/GSE225775/var.h5ad	nHeXxG90HjXaGuEH0002	SrZM4EOftL3vc46oWc-LfA	prism_collection/GSE225775
prism_collection/GSE225775	GSE225775	PRISM	yvAAe5izIL3hieG10000	prism_collection/GSE225775/chunk_0128/obs.parquet	canonical_obs	prism_collection/GSE225775	prism_collection/GSE225775/chunk_0128	chunk	chunk_0128	128	5000	58347	unknown					scRNA-seq	unknown	CRISPR	unknown	unknown	unknown	True	True	False	False	triplet-integrity-ok	2	original	jkobject:GCjqQtGwPzkY	jkobject:GCjqQtGwPzkY	additions	20260624-shared-var	metadata-only collection manifest; use obs->X->var links for payload resolution	shared_exact_hash	prism_collection/GSE225775/var.h5ad	nHeXxG90HjXaGuEH0002	SrZM4EOftL3vc46oWc-LfA	prism_collection/GSE225775
prism_collection/GSE225775	GSE225775	PRISM	1780dsGDxaQADlbt0000	prism_collection/GSE225775/chunk_0129/obs.parquet	canonical_obs	prism_collection/GSE225775	prism_collection/GSE225775/chunk_0129	chunk	chunk_0129	129	5000	58347	unknown					scRNA-seq	unknown	CRISPR	unknown	unknown	unknown	True	True	False	False	triplet-integrity-ok	2	original	jkobject:GCjqQtGwPzkY	jkobject:GCjqQtGwPzkY	additions	20260624-shared-var	metadata-only collection manifest; use obs->X->var links for payload resolution	shared_exact_hash	prism_collection/GSE225775/var.h5ad	nHeXxG90HjXaGuEH0002	SrZM4EOftL3vc46oWc-LfA	prism_collection/GSE225775
prism_collection/GSE225775	GSE225775	PRISM	bfYJ5LSx24G5oVsa0000	prism_collection/GSE225775/chunk_0130/obs.parquet	canonical_obs	prism_collection/GSE225775	prism_collection/GSE225775/chunk_0130	chunk	chunk_0130	130	5000	58347	unknown					scRNA-seq	unknown	CRISPR	unknown	unknown	unknown	True	True	False	False	triplet-integrity-ok	2	original	jkobject:GCjqQtGwPzkY	jkobject:GCjqQtGwPzkY	additions	20260624-shared-var	metadata-only collection manifest; use obs->X->var links for payload resolution	shared_exact_hash	prism_collection/GSE225775/var.h5ad	nHeXxG90HjXaGuEH0002	SrZM4EOftL3vc46oWc-LfA	prism_collection/GSE225775
prism_collection/GSE225775	GSE225775	PRISM	PZJ9JVPTyKH2CHBc0000	prism_collection/GSE225775/chunk_0131/obs.parquet	canonical_obs	prism_collection/GSE225775	prism_collection/GSE225775/chunk_0131	chunk	chunk_0131	131	5000	58347	unknown					scRNA-seq	unknown	CRISPR	unknown	unknown	unknown	True	True	False	False	triplet-integrity-ok	2	original	jkobject:GCjqQtGwPzkY	jkobject:GCjqQtGwPzkY	additions	20260624-shared-var	metadata-only collection manifest; use obs->X->var links for payload resolution	shared_exact_hash	prism_collection/GSE225775/var.h5ad	nHeXxG90HjXaGuEH0002	SrZM4EOftL3vc46oWc-LfA	prism_collection/GSE225775
prism_collection/GSE225775	GSE225775	PRISM	7lhBQYK6owjSGD1f0000	prism_collection/GSE225775/chunk_0132/obs.parquet	canonical_obs	prism_collection/GSE225775	prism_collection/GSE225775/chunk_0132	chunk	chunk_0132	132	5000	58347	unknown					scRNA-seq	unknown	CRISPR	unknown	unknown	unknown	True	True	False	False	triplet-integrity-ok	2	original	jkobject:GCjqQtGwPzkY	jkobject:GCjqQtGwPzkY	additions	20260624-shared-var	metadata-only collection manifest; use obs->X->var links for payload resolution	shared_exact_hash	prism_collection/GSE225775/var.h5ad	nHeXxG90HjXaGuEH0002	SrZM4EOftL3vc46oWc-LfA	prism_collection/GSE225775
prism_collection/GSE225775	GSE225775	PRISM	A35h0JVzrV9OGkQv0000	prism_collection/GSE225775/chunk_0133/obs.parquet	canonical_obs	prism_collection/GSE225775	prism_collection/GSE225775/chunk_0133	chunk	chunk_0133	133	5000	58347	unknown					scRNA-seq	unknown	CRISPR	unknown	unknown	unknown	True	True	False	False	triplet-integrity-ok	2	original	jkobject:GCjqQtGwPzkY	jkobject:GCjqQtGwPzkY	additions	20260624-shared-var	metadata-only collection manifest; use obs->X->var links for payload resolution	shared_exact_hash	prism_collection/GSE225775/var.h5ad	nHeXxG90HjXaGuEH0002	SrZM4EOftL3vc46oWc-LfA	prism_collection/GSE225775
prism_collection/GSE225775	GSE225775	PRISM	nY4HTTxZcrPBZVUr0000	prism_collection/GSE225775/chunk_0134/obs.parquet	canonical_obs	prism_collection/GSE225775	prism_collection/GSE225775/chunk_0134	chunk	chunk_0134	134	5000	58347	unknown					scRNA-seq	unknown	CRISPR	unknown	unknown	unknown	True	True	False	False	triplet-integrity-ok	2	original	jkobject:GCjqQtGwPzkY	jkobject:GCjqQtGwPzkY	additions	20260624-shared-var	metadata-only collection manifest; use obs->X->var links for payload resolution	shared_exact_hash	prism_collection/GSE225775/var.h5ad	nHeXxG90HjXaGuEH0002	SrZM4EOftL3vc46oWc-LfA	prism_collection/GSE225775
prism_collection/GSE225775	GSE225775	PRISM	AnvXAcIqqp6ZHV1T0000	prism_collection/GSE225775/chunk_0135/obs.parquet	canonical_obs	prism_collection/GSE225775	prism_collection/GSE225775/chunk_0135	chunk	chunk_0135	135	5000	58347	unknown					scRNA-seq	unknown	CRISPR	unknown	unknown	unknown	True	True	True	False	triplet-integrity-ok	2	original	jkobject:GCjqQtGwPzkY	jkobject:GCjqQtGwPzkY	additions	20260624-shared-var	metadata-only collection manifest; use obs->X->var links for payload resolution	shared_exact_hash	prism_collection/GSE225775/var.h5ad	nHeXxG90HjXaGuEH0002	SrZM4EOftL3vc46oWc-LfA	prism_collection/GSE225775
prism_collection/GSE225775	GSE225775	PRISM	m0GjonYCIjUT35xZ0000	prism_collection/GSE225775/chunk_0136/obs.parquet	canonical_obs	prism_collection/GSE225775	prism_collection/GSE225775/chunk_0136	chunk	chunk_0136	136	5000	58347	unknown					scRNA-seq	unknown	CRISPR	unknown	unknown	unknown	True	True	True	False	triplet-integrity-ok	2	original	jkobject:GCjqQtGwPzkY	jkobject:GCjqQtGwPzkY	additions	20260624-shared-var	metadata-only collection manifest; use obs->X->var links for payload resolution	shared_exact_hash	prism_collection/GSE225775/var.h5ad	nHeXxG90HjXaGuEH0002	SrZM4EOftL3vc46oWc-LfA	prism_collection/GSE225775
prism_collection/GSE225775	GSE225775	PRISM	RRJSRKztSNKDHl5N0000	prism_collection/GSE225775/chunk_0137/obs.parquet	canonical_obs	prism_collection/GSE225775	prism_collection/GSE225775/chunk_0137	chunk	chunk_0137	137	5000	58347	unknown					scRNA-seq	unknown	CRISPR	unknown	unknown	unknown	True	True	False	False	triplet-integrity-ok	2	original	jkobject:GCjqQtGwPzkY	jkobject:GCjqQtGwPzkY	additions	20260624-shared-var	metadata-only collection manifest; use obs->X->var links for payload resolution	shared_exact_hash	prism_collection/GSE225775/var.h5ad	nHeXxG90HjXaGuEH0002	SrZM4EOftL3vc46oWc-LfA	prism_collection/GSE225775
prism_collection/GSE225775	GSE225775	PRISM	qMT1KImk32fqM3dd0000	prism_collection/GSE225775/chunk_0138/obs.parquet	canonical_obs	prism_collection/GSE225775	prism_collection/GSE225775/chunk_0138	chunk	chunk_0138	138	5000	58347	unknown					scRNA-seq	unknown	CRISPR	unknown	unknown	unknown	True	True	False	False	triplet-integrity-ok	2	original	jkobject:GCjqQtGwPzkY	jkobject:GCjqQtGwPzkY	additions	20260624-shared-var	metadata-only collection manifest; use obs->X->var links for payload resolution	shared_exact_hash	prism_collection/GSE225775/var.h5ad	nHeXxG90HjXaGuEH0002	SrZM4EOftL3vc46oWc-LfA	prism_collection/GSE225775
prism_collection/GSE225775	GSE225775	PRISM	lQd4X6MBdOHqPO650000	prism_collection/GSE225775/chunk_0139/obs.parquet	canonical_obs	prism_collection/GSE225775	prism_collection/GSE225775/chunk_0139	chunk	chunk_0139	139	5000	58347	unknown					scRNA-seq	unknown	CRISPR	unknown	unknown	unknown	True	True	True	False	triplet-integrity-ok	2	original	jkobject:GCjqQtGwPzkY	jkobject:GCjqQtGwPzkY	additions	20260624-shared-var	metadata-only collection manifest; use obs->X->var links for payload resolution	shared_exact_hash	prism_collection/GSE225775/var.h5ad	nHeXxG90HjXaGuEH0002	SrZM4EOftL3vc46oWc-LfA	prism_collection/GSE225775
prism_collection/GSE225775	GSE225775	PRISM	XIEWicWal45YLBUj0000	prism_collection/GSE225775/chunk_0140/obs.parquet	canonical_obs	prism_collection/GSE225775	prism_collection/GSE225775/chunk_0140	chunk	chunk_0140	140	5000	58347	unknown					scRNA-seq	unknown	CRISPR	unknown	unknown	unknown	True	True	False	False	triplet-integrity-ok	2	original	jkobject:GCjqQtGwPzkY	jkobject:GCjqQtGwPzkY	additions	20260624-shared-var	metadata-only collection manifest; use obs->X->var links for payload resolution	shared_exact_hash	prism_collection/GSE225775/var.h5ad	nHeXxG90HjXaGuEH0002	SrZM4EOftL3vc46oWc-LfA	prism_collection/GSE225775
prism_collection/GSE225775	GSE225775	PRISM	9anNIDyPqSvSiEQK0000	prism_collection/GSE225775/chunk_0141/obs.parquet	canonical_obs	prism_collection/GSE225775	prism_collection/GSE225775/chunk_0141	chunk	chunk_0141	141	5000	58347	unknown					scRNA-seq	unknown	CRISPR	unknown	unknown	unknown	True	True	False	False	triplet-integrity-ok	2	original	jkobject:GCjqQtGwPzkY	jkobject:GCjqQtGwPzkY	additions	20260624-shared-var	metadata-only collection manifest; use obs->X->var links for payload resolution	shared_exact_hash	prism_collection/GSE225775/var.h5ad	nHeXxG90HjXaGuEH0002	SrZM4EOftL3vc46oWc-LfA	prism_collection/GSE225775
prism_collection/GSE225775	GSE225775	PRISM	9USMdCOKFBUVXgHG0000	prism_collection/GSE225775/chunk_0142/obs.parquet	canonical_obs	prism_collection/GSE225775	prism_collection/GSE225775/chunk_0142	chunk	chunk_0142	142	5000	58347	unknown					scRNA-seq	unknown	CRISPR	unknown	unknown	unknown	True	True	False	False	triplet-integrity-ok	2	original	jkobject:GCjqQtGwPzkY	jkobject:GCjqQtGwPzkY	additions	20260624-shared-var	metadata-only collection manifest; use obs->X->var links for payload resolution	shared_exact_hash	prism_collection/GSE225775/var.h5ad	nHeXxG90HjXaGuEH0002	SrZM4EOftL3vc46oWc-LfA	prism_collection/GSE225775
prism_collection/GSE225775	GSE225775	PRISM	L5iPriY9D4N3rCXh0000	prism_collection/GSE225775/chunk_0143/obs.parquet	canonical_obs	prism_collection/GSE225775	prism_collection/GSE225775/chunk_0143	chunk	chunk_0143	143	5000	58347	unknown					scRNA-seq	unknown	CRISPR	unknown	unknown	unknown	True	True	False	False	triplet-integrity-ok	2	original	jkobject:GCjqQtGwPzkY	jkobject:GCjqQtGwPzkY	additions	20260624-shared-var	metadata-only collection manifest; use obs->X->var links for payload resolution	shared_exact_hash	prism_collection/GSE225775/var.h5ad	nHeXxG90HjXaGuEH0002	SrZM4EOftL3vc46oWc-LfA	prism_collection/GSE225775
prism_collection/GSE225775	GSE225775	PRISM	cicbxPCVAaacJt370000	prism_collection/GSE225775/chunk_0144/obs.parquet	canonical_obs	prism_collection/GSE225775	prism_collection/GSE225775/chunk_0144	chunk	chunk_0144	144	5000	58347	unknown					scRNA-seq	unknown	CRISPR	unknown	unknown	unknown	True	True	False	False	triplet-integrity-ok	2	original	jkobject:GCjqQtGwPzkY	jkobject:GCjqQtGwPzkY	additions	20260624-shared-var	metadata-only collection manifest; use obs->X->var links for payload resolution	shared_exact_hash	prism_collection/GSE225775/var.h5ad	nHeXxG90HjXaGuEH0002	SrZM4EOftL3vc46oWc-LfA	prism_collection/GSE225775
prism_collection/GSE225775	GSE225775	PRISM	hc6CkKkcqZPLWhmj0000	prism_collection/GSE225775/chunk_0145/obs.parquet	canonical_obs	prism_collection/GSE225775	prism_collection/GSE225775/chunk_0145	chunk	chunk_0145	145	5000	58347	unknown					scRNA-seq	unknown	CRISPR	unknown	unknown	unknown	True	True	False	False	triplet-integrity-ok	2	original	jkobject:GCjqQtGwPzkY	jkobject:GCjqQtGwPzkY	additions	20260624-shared-var	metadata-only collection manifest; use obs->X->var links for payload resolution	shared_exact_hash	prism_collection/GSE225775/var.h5ad	nHeXxG90HjXaGuEH0002	SrZM4EOftL3vc46oWc-LfA	prism_collection/GSE225775
prism_collection/GSE225775	GSE225775	PRISM	U3a8i4RCtZyvIydp0000	prism_collection/GSE225775/chunk_0146/obs.parquet	canonical_obs	prism_collection/GSE225775	prism_collection/GSE225775/chunk_0146	chunk	chunk_0146	146	5000	58347	unknown					scRNA-seq	unknown	CRISPR	unknown	unknown	unknown	True	True	False	False	triplet-integrity-ok	2	original	jkobject:GCjqQtGwPzkY	jkobject:GCjqQtGwPzkY	additions	20260624-shared-var	metadata-only collection manifest; use obs->X->var links for payload resolution	shared_exact_hash	prism_collection/GSE225775/var.h5ad	nHeXxG90HjXaGuEH0002	SrZM4EOftL3vc46oWc-LfA	prism_collection/GSE225775
prism_collection/GSE225775	GSE225775	PRISM	BhVsuq4oVyMAjW0T0000	prism_collection/GSE225775/chunk_0147/obs.parquet	canonical_obs	prism_collection/GSE225775	prism_collection/GSE225775/chunk_0147	chunk	chunk_0147	147	5000	58347	unknown					scRNA-seq	unknown	CRISPR	unknown	unknown	unknown	True	True	False	False	triplet-integrity-ok	2	original	jkobject:GCjqQtGwPzkY	jkobject:GCjqQtGwPzkY	additions	20260624-shared-var	metadata-only collection manifest; use obs->X->var links for payload resolution	shared_exact_hash	prism_collection/GSE225775/var.h5ad	nHeXxG90HjXaGuEH0002	SrZM4EOftL3vc46oWc-LfA	prism_collection/GSE225775
prism_collection/GSE225775	GSE225775	PRISM	Tuv724rjewYDUf4O0000	prism_collection/GSE225775/chunk_0148/obs.parquet	canonical_obs	prism_collection/GSE225775	prism_collection/GSE225775/chunk_0148	chunk	chunk_0148	148	5000	58347	unknown					scRNA-seq	unknown	CRISPR	unknown	unknown	unknown	True	True	False	False	triplet-integrity-ok	2	original	jkobject:GCjqQtGwPzkY	jkobject:GCjqQtGwPzkY	additions	20260624-shared-var	metadata-only collection manifest; use obs->X->var links for payload resolution	shared_exact_hash	prism_collection/GSE225775/var.h5ad	nHeXxG90HjXaGuEH0002	SrZM4EOftL3vc46oWc-LfA	prism_collection/GSE225775
prism_collection/GSE225775	GSE225775	PRISM	FnsPZdcIhqRMyyPM0000	prism_collection/GSE225775/chunk_0149/obs.parquet	canonical_obs	prism_collection/GSE225775	prism_collection/GSE225775/chunk_0149	chunk	chunk_0149	149	5000	58347	unknown					scRNA-seq	unknown	CRISPR	unknown	unknown	unknown	True	True	False	False	triplet-integrity-ok	2	original	jkobject:GCjqQtGwPzkY	jkobject:GCjqQtGwPzkY	additions	20260624-shared-var	metadata-only collection manifest; use obs->X->var links for payload resolution	shared_exact_hash	prism_collection/GSE225775/var.h5ad	nHeXxG90HjXaGuEH0002	SrZM4EOftL3vc46oWc-LfA	prism_collection/GSE225775
prism_collection/GSE225775	GSE225775	PRISM	E9U8g2jqglViOJ7x0000	prism_collection/GSE225775/chunk_0150/obs.parquet	canonical_obs	prism_collection/GSE225775	prism_collection/GSE225775/chunk_0150	chunk	chunk_0150	150	5000	58347	unknown					scRNA-seq	unknown	CRISPR	unknown	unknown	unknown	True	True	False	False	triplet-integrity-ok	2	original	jkobject:GCjqQtGwPzkY	jkobject:GCjqQtGwPzkY	additions	20260624-shared-var	metadata-only collection manifest; use obs->X->var links for payload resolution	shared_exact_hash	prism_collection/GSE225775/var.h5ad	nHeXxG90HjXaGuEH0002	SrZM4EOftL3vc46oWc-LfA	prism_collection/GSE225775
prism_collection/GSE225775	GSE225775	PRISM	133SDtMjaIOnWSOw0000	prism_collection/GSE225775/chunk_0151/obs.parquet	canonical_obs	prism_collection/GSE225775	prism_collection/GSE225775/chunk_0151	chunk	chunk_0151	151	5000	58347	unknown					scRNA-seq	unknown	CRISPR	unknown	unknown	unknown	True	True	False	False	triplet-integrity-ok	2	original	jkobject:GCjqQtGwPzkY	jkobject:GCjqQtGwPzkY	additions	20260624-shared-var	metadata-only collection manifest; use obs->X->var links for payload resolution	shared_exact_hash	prism_collection/GSE225775/var.h5ad	nHeXxG90HjXaGuEH0002	SrZM4EOftL3vc46oWc-LfA	prism_collection/GSE225775
prism_collection/GSE225775	GSE225775	PRISM	n3e4l5jtjcnfn0UN0000	prism_collection/GSE225775/chunk_0152/obs.parquet	canonical_obs	prism_collection/GSE225775	prism_collection/GSE225775/chunk_0152	chunk	chunk_0152	152	5000	58347	unknown					scRNA-seq	unknown	CRISPR	unknown	unknown	unknown	True	True	False	False	triplet-integrity-ok	2	original	jkobject:GCjqQtGwPzkY	jkobject:GCjqQtGwPzkY	additions	20260624-shared-var	metadata-only collection manifest; use obs->X->var links for payload resolution	shared_exact_hash	prism_collection/GSE225775/var.h5ad	nHeXxG90HjXaGuEH0002	SrZM4EOftL3vc46oWc-LfA	prism_collection/GSE225775
prism_collection/GSE225775	GSE225775	PRISM	ouPUSCa79t35DtVu0000	prism_collection/GSE225775/chunk_0153/obs.parquet	canonical_obs	prism_collection/GSE225775	prism_collection/GSE225775/chunk_0153	chunk	chunk_0153	153	5000	58347	unknown					scRNA-seq	unknown	CRISPR	unknown	unknown	unknown	True	True	False	False	triplet-integrity-ok	2	original	jkobject:GCjqQtGwPzkY	jkobject:GCjqQtGwPzkY	additions	20260624-shared-var	metadata-only collection manifest; use obs->X->var links for payload resolution	shared_exact_hash	prism_collection/GSE225775/var.h5ad	nHeXxG90HjXaGuEH0002	SrZM4EOftL3vc46oWc-LfA	prism_collection/GSE225775
prism_collection/GSE225775	GSE225775	PRISM	DEqrNBXBCajj9gbJ0000	prism_collection/GSE225775/chunk_0154/obs.parquet	canonical_obs	prism_collection/GSE225775	prism_collection/GSE225775/chunk_0154	chunk	chunk_0154	154	5000	58347	unknown					scRNA-seq	unknown	CRISPR	unknown	unknown	unknown	True	True	False	False	triplet-integrity-ok	2	original	jkobject:GCjqQtGwPzkY	jkobject:GCjqQtGwPzkY	additions	20260624-shared-var	metadata-only collection manifest; use obs->X->var links for payload resolution	shared_exact_hash	prism_collection/GSE225775/var.h5ad	nHeXxG90HjXaGuEH0002	SrZM4EOftL3vc46oWc-LfA	prism_collection/GSE225775
prism_collection/GSE225775	GSE225775	PRISM	9C851WVgFKV6Ov3z0000	prism_collection/GSE225775/chunk_0155/obs.parquet	canonical_obs	prism_collection/GSE225775	prism_collection/GSE225775/chunk_0155	chunk	chunk_0155	155	5000	58347	unknown					scRNA-seq	unknown	CRISPR	unknown	unknown	unknown	True	True	False	False	triplet-integrity-ok	2	original	jkobject:GCjqQtGwPzkY	jkobject:GCjqQtGwPzkY	additions	20260624-shared-var	metadata-only collection manifest; use obs->X->var links for payload resolution	shared_exact_hash	prism_collection/GSE225775/var.h5ad	nHeXxG90HjXaGuEH0002	SrZM4EOftL3vc46oWc-LfA	prism_collection/GSE225775
prism_collection/GSE225775	GSE225775	PRISM	2U4D3oSogZ2uKXpk0000	prism_collection/GSE225775/chunk_0156/obs.parquet	canonical_obs	prism_collection/GSE225775	prism_collection/GSE225775/chunk_0156	chunk	chunk_0156	156	5000	58347	unknown					scRNA-seq	unknown	CRISPR	unknown	unknown	unknown	True	True	False	False	triplet-integrity-ok	2	original	jkobject:GCjqQtGwPzkY	jkobject:GCjqQtGwPzkY	additions	20260624-shared-var	metadata-only collection manifest; use obs->X->var links for payload resolution	shared_exact_hash	prism_collection/GSE225775/var.h5ad	nHeXxG90HjXaGuEH0002	SrZM4EOftL3vc46oWc-LfA	prism_collection/GSE225775
prism_collection/GSE225775	GSE225775	PRISM	KYxF8vhdO8MGirL90000	prism_collection/GSE225775/chunk_0157/obs.parquet	canonical_obs	prism_collection/GSE225775	prism_collection/GSE225775/chunk_0157	chunk	chunk_0157	157	5000	58347	unknown					scRNA-seq	unknown	CRISPR	unknown	unknown	unknown	True	True	False	False	triplet-integrity-ok	2	original	jkobject:GCjqQtGwPzkY	jkobject:GCjqQtGwPzkY	additions	20260624-shared-var	metadata-only collection manifest; use obs->X->var links for payload resolution	shared_exact_hash	prism_collection/GSE225775/var.h5ad	nHeXxG90HjXaGuEH0002	SrZM4EOftL3vc46oWc-LfA	prism_collection/GSE225775
prism_collection/GSE225775	GSE225775	PRISM	DSFSTstbDHNJ2Rjz0000	prism_collection/GSE225775/chunk_0158/obs.parquet	canonical_obs	prism_collection/GSE225775	prism_collection/GSE225775/chunk_0158	chunk	chunk_0158	158	5000	58347	unknown					scRNA-seq	unknown	CRISPR	unknown	unknown	unknown	True	True	False	False	triplet-integrity-ok	2	original	jkobject:GCjqQtGwPzkY	jkobject:GCjqQtGwPzkY	additions	20260624-shared-var	metadata-only collection manifest; use obs->X->var links for payload resolution	shared_exact_hash	prism_collection/GSE225775/var.h5ad	nHeXxG90HjXaGuEH0002	SrZM4EOftL3vc46oWc-LfA	prism_collection/GSE225775
prism_collection/GSE225775	GSE225775	PRISM	r57ErmBRNloaT6pe0000	prism_collection/GSE225775/chunk_0159/obs.parquet	canonical_obs	prism_collection/GSE225775	prism_collection/GSE225775/chunk_0159	chunk	chunk_0159	159	5000	58347	unknown					scRNA-seq	unknown	CRISPR	unknown	unknown	unknown	True	True	False	False	triplet-integrity-ok	2	original	jkobject:GCjqQtGwPzkY	jkobject:GCjqQtGwPzkY	additions	20260624-shared-var	metadata-only collection manifest; use obs->X->var links for payload resolution	shared_exact_hash	prism_collection/GSE225775/var.h5ad	nHeXxG90HjXaGuEH0002	SrZM4EOftL3vc46oWc-LfA	prism_collection/GSE225775
prism_collection/GSE225775	GSE225775	PRISM	f6OTEMZYZNITinPB0000	prism_collection/GSE225775/chunk_0160/obs.parquet	canonical_obs	prism_collection/GSE225775	prism_collection/GSE225775/chunk_0160	chunk	chunk_0160	160	5000	58347	unknown					scRNA-seq	unknown	CRISPR	unknown	unknown	unknown	True	True	False	False	triplet-integrity-ok	2	original	jkobject:GCjqQtGwPzkY	jkobject:GCjqQtGwPzkY	additions	20260624-shared-var	metadata-only collection manifest; use obs->X->var links for payload resolution	shared_exact_hash	prism_collection/GSE225775/var.h5ad	nHeXxG90HjXaGuEH0002	SrZM4EOftL3vc46oWc-LfA	prism_collection/GSE225775
prism_collection/GSE225775	GSE225775	PRISM	PEHwCZlRdlSRm4Ds0000	prism_collection/GSE225775/chunk_0161/obs.parquet	canonical_obs	prism_collection/GSE225775	prism_collection/GSE225775/chunk_0161	chunk	chunk_0161	161	5000	58347	unknown					scRNA-seq	unknown	CRISPR	unknown	unknown	unknown	True	True	False	False	triplet-integrity-ok	2	original	jkobject:GCjqQtGwPzkY	jkobject:GCjqQtGwPzkY	additions	20260624-shared-var	metadata-only collection manifest; use obs->X->var links for payload resolution	shared_exact_hash	prism_collection/GSE225775/var.h5ad	nHeXxG90HjXaGuEH0002	SrZM4EOftL3vc46oWc-LfA	prism_collection/GSE225775
prism_collection/GSE225775	GSE225775	PRISM	wGesxnUbdSuwZa4W0000	prism_collection/GSE225775/chunk_0162/obs.parquet	canonical_obs	prism_collection/GSE225775	prism_collection/GSE225775/chunk_0162	chunk	chunk_0162	162	5000	58347	unknown					scRNA-seq	unknown	CRISPR	unknown	unknown	unknown	True	True	True	False	triplet-integrity-ok	2	original	jkobject:GCjqQtGwPzkY	jkobject:GCjqQtGwPzkY	additions	20260624-shared-var	metadata-only collection manifest; use obs->X->var links for payload resolution	shared_exact_hash	prism_collection/GSE225775/var.h5ad	nHeXxG90HjXaGuEH0002	SrZM4EOftL3vc46oWc-LfA	prism_collection/GSE225775
prism_collection/GSE225775	GSE225775	PRISM	vC3l0CBqdaGLy3oX0000	prism_collection/GSE225775/chunk_0163/obs.parquet	canonical_obs	prism_collection/GSE225775	prism_collection/GSE225775/chunk_0163	chunk	chunk_0163	163	5000	58347	unknown					scRNA-seq	unknown	CRISPR	unknown	unknown	unknown	True	True	False	False	triplet-integrity-ok	2	original	jkobject:GCjqQtGwPzkY	jkobject:GCjqQtGwPzkY	additions	20260624-shared-var	metadata-only collection manifest; use obs->X->var links for payload resolution	shared_exact_hash	prism_collection/GSE225775/var.h5ad	nHeXxG90HjXaGuEH0002	SrZM4EOftL3vc46oWc-LfA	prism_collection/GSE225775
prism_collection/GSE225775	GSE225775	PRISM	9CEZOj4D4WWtjkUE0000	prism_collection/GSE225775/chunk_0164/obs.parquet	canonical_obs	prism_collection/GSE225775	prism_collection/GSE225775/chunk_0164	chunk	chunk_0164	164	5000	58347	unknown					scRNA-seq	unknown	CRISPR	unknown	unknown	unknown	True	True	False	False	triplet-integrity-ok	2	original	jkobject:GCjqQtGwPzkY	jkobject:GCjqQtGwPzkY	additions	20260624-shared-var	metadata-only collection manifest; use obs->X->var links for payload resolution	shared_exact_hash	prism_collection/GSE225775/var.h5ad	nHeXxG90HjXaGuEH0002	SrZM4EOftL3vc46oWc-LfA	prism_collection/GSE225775
prism_collection/GSE225775	GSE225775	PRISM	NW3fXY3IrKvyj9eP0000	prism_collection/GSE225775/chunk_0165/obs.parquet	canonical_obs	prism_collection/GSE225775	prism_collection/GSE225775/chunk_0165	chunk	chunk_0165	165	5000	58347	unknown					scRNA-seq	unknown	CRISPR	unknown	unknown	unknown	True	True	False	False	triplet-integrity-ok	2	original	jkobject:GCjqQtGwPzkY	jkobject:GCjqQtGwPzkY	additions	20260624-shared-var	metadata-only collection manifest; use obs->X->var links for payload resolution	shared_exact_hash	prism_collection/GSE225775/var.h5ad	nHeXxG90HjXaGuEH0002	SrZM4EOftL3vc46oWc-LfA	prism_collection/GSE225775
prism_collection/GSE225775	GSE225775	PRISM	6Dl2lZ6yGHXD34DM0000	prism_collection/GSE225775/chunk_0166/obs.parquet	canonical_obs	prism_collection/GSE225775	prism_collection/GSE225775/chunk_0166	chunk	chunk_0166	166	5000	58347	unknown					scRNA-seq	unknown	CRISPR	unknown	unknown	unknown	True	True	False	False	triplet-integrity-ok	2	original	jkobject:GCjqQtGwPzkY	jkobject:GCjqQtGwPzkY	additions	20260624-shared-var	metadata-only collection manifest; use obs->X->var links for payload resolution	shared_exact_hash	prism_collection/GSE225775/var.h5ad	nHeXxG90HjXaGuEH0002	SrZM4EOftL3vc46oWc-LfA	prism_collection/GSE225775
prism_collection/GSE225775	GSE225775	PRISM	3K0gUzqsBqSooNsN0000	prism_collection/GSE225775/chunk_0167/obs.parquet	canonical_obs	prism_collection/GSE225775	prism_collection/GSE225775/chunk_0167	chunk	chunk_0167	167	5000	58347	unknown					scRNA-seq	unknown	CRISPR	unknown	unknown	unknown	True	True	True	False	triplet-integrity-ok	2	original	jkobject:GCjqQtGwPzkY	jkobject:GCjqQtGwPzkY	additions	20260624-shared-var	metadata-only collection manifest; use obs->X->var links for payload resolution	shared_exact_hash	prism_collection/GSE225775/var.h5ad	nHeXxG90HjXaGuEH0002	SrZM4EOftL3vc46oWc-LfA	prism_collection/GSE225775
prism_collection/GSE225775	GSE225775	PRISM	qVmYhiAGg40Le4DO0000	prism_collection/GSE225775/chunk_0168/obs.parquet	canonical_obs	prism_collection/GSE225775	prism_collection/GSE225775/chunk_0168	chunk	chunk_0168	168	5000	58347	unknown					scRNA-seq	unknown	CRISPR	unknown	unknown	unknown	True	True	False	False	triplet-integrity-ok	2	original	jkobject:GCjqQtGwPzkY	jkobject:GCjqQtGwPzkY	additions	20260624-shared-var	metadata-only collection manifest; use obs->X->var links for payload resolution	shared_exact_hash	prism_collection/GSE225775/var.h5ad	nHeXxG90HjXaGuEH0002	SrZM4EOftL3vc46oWc-LfA	prism_collection/GSE225775
prism_collection/GSE225775	GSE225775	PRISM	LOCG6C5BhuzKl2JZ0000	prism_collection/GSE225775/chunk_0169/obs.parquet	canonical_obs	prism_collection/GSE225775	prism_collection/GSE225775/chunk_0169	chunk	chunk_0169	169	5000	58347	unknown					scRNA-seq	unknown	CRISPR	unknown	unknown	unknown	True	True	False	False	triplet-integrity-ok	2	original	jkobject:GCjqQtGwPzkY	jkobject:GCjqQtGwPzkY	additions	20260624-shared-var	metadata-only collection manifest; use obs->X->var links for payload resolution	shared_exact_hash	prism_collection/GSE225775/var.h5ad	nHeXxG90HjXaGuEH0002	SrZM4EOftL3vc46oWc-LfA	prism_collection/GSE225775
prism_collection/GSE225775	GSE225775	PRISM	bvke3IaG4gXZRcJg0000	prism_collection/GSE225775/chunk_0170/obs.parquet	canonical_obs	prism_collection/GSE225775	prism_collection/GSE225775/chunk_0170	chunk	chunk_0170	170	5000	58347	unknown					scRNA-seq	unknown	CRISPR	unknown	unknown	unknown	True	True	False	False	triplet-integrity-ok	2	original	jkobject:GCjqQtGwPzkY	jkobject:GCjqQtGwPzkY	additions	20260624-shared-var	metadata-only collection manifest; use obs->X->var links for payload resolution	shared_exact_hash	prism_collection/GSE225775/var.h5ad	nHeXxG90HjXaGuEH0002	SrZM4EOftL3vc46oWc-LfA	prism_collection/GSE225775
prism_collection/GSE225775	GSE225775	PRISM	YSoFhJePAXlsHs8U0000	prism_collection/GSE225775/chunk_0171/obs.parquet	canonical_obs	prism_collection/GSE225775	prism_collection/GSE225775/chunk_0171	chunk	chunk_0171	171	5000	58347	unknown					scRNA-seq	unknown	CRISPR	unknown	unknown	unknown	True	True	False	False	triplet-integrity-ok	2	original	jkobject:GCjqQtGwPzkY	jkobject:GCjqQtGwPzkY	additions	20260624-shared-var	metadata-only collection manifest; use obs->X->var links for payload resolution	shared_exact_hash	prism_collection/GSE225775/var.h5ad	nHeXxG90HjXaGuEH0002	SrZM4EOftL3vc46oWc-LfA	prism_collection/GSE225775
prism_collection/GSE225775	GSE225775	PRISM	SekEgnAo7ctvfPzP0000	prism_collection/GSE225775/chunk_0172/obs.parquet	canonical_obs	prism_collection/GSE225775	prism_collection/GSE225775/chunk_0172	chunk	chunk_0172	172	5000	58347	unknown					scRNA-seq	unknown	CRISPR	unknown	unknown	unknown	True	True	False	False	triplet-integrity-ok	2	original	jkobject:GCjqQtGwPzkY	jkobject:GCjqQtGwPzkY	additions	20260624-shared-var	metadata-only collection manifest; use obs->X->var links for payload resolution	shared_exact_hash	prism_collection/GSE225775/var.h5ad	nHeXxG90HjXaGuEH0002	SrZM4EOftL3vc46oWc-LfA	prism_collection/GSE225775
prism_collection/GSE225775	GSE225775	PRISM	bOWzPUGUdgVhhKAq0000	prism_collection/GSE225775/chunk_0173/obs.parquet	canonical_obs	prism_collection/GSE225775	prism_collection/GSE225775/chunk_0173	chunk	chunk_0173	173	5000	58347	unknown					scRNA-seq	unknown	CRISPR	unknown	unknown	unknown	True	True	False	False	triplet-integrity-ok	2	original	jkobject:GCjqQtGwPzkY	jkobject:GCjqQtGwPzkY	additions	20260624-shared-var	metadata-only collection manifest; use obs->X->var links for payload resolution	shared_exact_hash	prism_collection/GSE225775/var.h5ad	nHeXxG90HjXaGuEH0002	SrZM4EOftL3vc46oWc-LfA	prism_collection/GSE225775
prism_collection/GSE225775	GSE225775	PRISM	7sueKVq8Vq5bxvak0000	prism_collection/GSE225775/chunk_0174/obs.parquet	canonical_obs	prism_collection/GSE225775	prism_collection/GSE225775/chunk_0174	chunk	chunk_0174	174	5000	58347	unknown					scRNA-seq	unknown	CRISPR	unknown	unknown	unknown	True	True	False	False	triplet-integrity-ok	2	original	jkobject:GCjqQtGwPzkY	jkobject:GCjqQtGwPzkY	additions	20260624-shared-var	metadata-only collection manifest; use obs->X->var links for payload resolution	shared_exact_hash	prism_collection/GSE225775/var.h5ad	nHeXxG90HjXaGuEH0002	SrZM4EOftL3vc46oWc-LfA	prism_collection/GSE225775
prism_collection/GSE225775	GSE225775	PRISM	DgCbK42twGlCP1mo0000	prism_collection/GSE225775/chunk_0175/obs.parquet	canonical_obs	prism_collection/GSE225775	prism_collection/GSE225775/chunk_0175	chunk	chunk_0175	175	5000	58347	unknown					scRNA-seq	unknown	CRISPR	unknown	unknown	unknown	True	True	False	False	triplet-integrity-ok	2	original	jkobject:GCjqQtGwPzkY	jkobject:GCjqQtGwPzkY	additions	20260624-shared-var	metadata-only collection manifest; use obs->X->var links for payload resolution	shared_exact_hash	prism_collection/GSE225775/var.h5ad	nHeXxG90HjXaGuEH0002	SrZM4EOftL3vc46oWc-LfA	prism_collection/GSE225775
prism_collection/GSE225775	GSE225775	PRISM	bNBdkkbjmJET2DkU0000	prism_collection/GSE225775/chunk_0176/obs.parquet	canonical_obs	prism_collection/GSE225775	prism_collection/GSE225775/chunk_0176	chunk	chunk_0176	176	5000	58347	unknown					scRNA-seq	unknown	CRISPR	unknown	unknown	unknown	True	True	False	False	triplet-integrity-ok	2	original	jkobject:GCjqQtGwPzkY	jkobject:GCjqQtGwPzkY	additions	20260624-shared-var	metadata-only collection manifest; use obs->X->var links for payload resolution	shared_exact_hash	prism_collection/GSE225775/var.h5ad	nHeXxG90HjXaGuEH0002	SrZM4EOftL3vc46oWc-LfA	prism_collection/GSE225775
prism_collection/GSE225775	GSE225775	PRISM	bc6aWZi8bSg5uql00000	prism_collection/GSE225775/chunk_0177/obs.parquet	canonical_obs	prism_collection/GSE225775	prism_collection/GSE225775/chunk_0177	chunk	chunk_0177	177	5000	58347	unknown					scRNA-seq	unknown	CRISPR	unknown	unknown	unknown	True	True	False	False	triplet-integrity-ok	2	original	jkobject:GCjqQtGwPzkY	jkobject:GCjqQtGwPzkY	additions	20260624-shared-var	metadata-only collection manifest; use obs->X->var links for payload resolution	shared_exact_hash	prism_collection/GSE225775/var.h5ad	nHeXxG90HjXaGuEH0002	SrZM4EOftL3vc46oWc-LfA	prism_collection/GSE225775
prism_collection/GSE225775	GSE225775	PRISM	zGGWmG89y7K4Bozv0000	prism_collection/GSE225775/chunk_0178/obs.parquet	canonical_obs	prism_collection/GSE225775	prism_collection/GSE225775/chunk_0178	chunk	chunk_0178	178	5000	58347	unknown					scRNA-seq	unknown	CRISPR	unknown	unknown	unknown	True	True	False	False	triplet-integrity-ok	2	original	jkobject:GCjqQtGwPzkY	jkobject:GCjqQtGwPzkY	additions	20260624-shared-var	metadata-only collection manifest; use obs->X->var links for payload resolution	shared_exact_hash	prism_collection/GSE225775/var.h5ad	nHeXxG90HjXaGuEH0002	SrZM4EOftL3vc46oWc-LfA	prism_collection/GSE225775
prism_collection/GSE225775	GSE225775	PRISM	ME7n3hNyPQWtukpt0000	prism_collection/GSE225775/chunk_0179/obs.parquet	canonical_obs	prism_collection/GSE225775	prism_collection/GSE225775/chunk_0179	chunk	chunk_0179	179	5000	58347	unknown					scRNA-seq	unknown	CRISPR	unknown	unknown	unknown	True	True	False	False	triplet-integrity-ok	2	original	jkobject:GCjqQtGwPzkY	jkobject:GCjqQtGwPzkY	additions	20260624-shared-var	metadata-only collection manifest; use obs->X->var links for payload resolution	shared_exact_hash	prism_collection/GSE225775/var.h5ad	nHeXxG90HjXaGuEH0002	SrZM4EOftL3vc46oWc-LfA	prism_collection/GSE225775
prism_collection/GSE225775	GSE225775	PRISM	lG68PbZCLegYU7kw0000	prism_collection/GSE225775/chunk_0180/obs.parquet	canonical_obs	prism_collection/GSE225775	prism_collection/GSE225775/chunk_0180	chunk	chunk_0180	180	5000	58347	unknown					scRNA-seq	unknown	CRISPR	unknown	unknown	unknown	True	True	False	False	triplet-integrity-ok	2	original	jkobject:GCjqQtGwPzkY	jkobject:GCjqQtGwPzkY	additions	20260624-shared-var	metadata-only collection manifest; use obs->X->var links for payload resolution	shared_exact_hash	prism_collection/GSE225775/var.h5ad	nHeXxG90HjXaGuEH0002	SrZM4EOftL3vc46oWc-LfA	prism_collection/GSE225775
prism_collection/GSE225775	GSE225775	PRISM	2lK2ep3PvjDi1Srm0000	prism_collection/GSE225775/chunk_0181/obs.parquet	canonical_obs	prism_collection/GSE225775	prism_collection/GSE225775/chunk_0181	chunk	chunk_0181	181	5000	58347	unknown					scRNA-seq	unknown	CRISPR	unknown	unknown	unknown	True	True	False	False	triplet-integrity-ok	2	original	jkobject:GCjqQtGwPzkY	jkobject:GCjqQtGwPzkY	additions	20260624-shared-var	metadata-only collection manifest; use obs->X->var links for payload resolution	shared_exact_hash	prism_collection/GSE225775/var.h5ad	nHeXxG90HjXaGuEH0002	SrZM4EOftL3vc46oWc-LfA	prism_collection/GSE225775
prism_collection/GSE225775	GSE225775	PRISM	0Xru2zBO8n7983h40000	prism_collection/GSE225775/chunk_0182/obs.parquet	canonical_obs	prism_collection/GSE225775	prism_collection/GSE225775/chunk_0182	chunk	chunk_0182	182	5000	58347	unknown					scRNA-seq	unknown	CRISPR	unknown	unknown	unknown	True	True	False	False	triplet-integrity-ok	2	original	jkobject:GCjqQtGwPzkY	jkobject:GCjqQtGwPzkY	additions	20260624-shared-var	metadata-only collection manifest; use obs->X->var links for payload resolution	shared_exact_hash	prism_collection/GSE225775/var.h5ad	nHeXxG90HjXaGuEH0002	SrZM4EOftL3vc46oWc-LfA	prism_collection/GSE225775
prism_collection/GSE225775	GSE225775	PRISM	MF2zLRbWIsq4HVOl0000	prism_collection/GSE225775/chunk_0183/obs.parquet	canonical_obs	prism_collection/GSE225775	prism_collection/GSE225775/chunk_0183	chunk	chunk_0183	183	5000	58347	unknown					scRNA-seq	unknown	CRISPR	unknown	unknown	unknown	True	True	False	False	triplet-integrity-ok	2	original	jkobject:GCjqQtGwPzkY	jkobject:GCjqQtGwPzkY	additions	20260624-shared-var	metadata-only collection manifest; use obs->X->var links for payload resolution	shared_exact_hash	prism_collection/GSE225775/var.h5ad	nHeXxG90HjXaGuEH0002	SrZM4EOftL3vc46oWc-LfA	prism_collection/GSE225775
prism_collection/GSE225775	GSE225775	PRISM	ycHysf8Wd98zzJKt0000	prism_collection/GSE225775/chunk_0184/obs.parquet	canonical_obs	prism_collection/GSE225775	prism_collection/GSE225775/chunk_0184	chunk	chunk_0184	184	5000	58347	unknown					scRNA-seq	unknown	CRISPR	unknown	unknown	unknown	True	True	False	False	triplet-integrity-ok	2	original	jkobject:GCjqQtGwPzkY	jkobject:GCjqQtGwPzkY	additions	20260624-shared-var	metadata-only collection manifest; use obs->X->var links for payload resolution	shared_exact_hash	prism_collection/GSE225775/var.h5ad	nHeXxG90HjXaGuEH0002	SrZM4EOftL3vc46oWc-LfA	prism_collection/GSE225775
prism_collection/GSE225775	GSE225775	PRISM	xVjC2X4SKFHnGoyl0000	prism_collection/GSE225775/chunk_0185/obs.parquet	canonical_obs	prism_collection/GSE225775	prism_collection/GSE225775/chunk_0185	chunk	chunk_0185	185	5000	58347	unknown					scRNA-seq	unknown	CRISPR	unknown	unknown	unknown	True	True	False	False	triplet-integrity-ok	2	original	jkobject:GCjqQtGwPzkY	jkobject:GCjqQtGwPzkY	additions	20260624-shared-var	metadata-only collection manifest; use obs->X->var links for payload resolution	shared_exact_hash	prism_collection/GSE225775/var.h5ad	nHeXxG90HjXaGuEH0002	SrZM4EOftL3vc46oWc-LfA	prism_collection/GSE225775
prism_collection/GSE225775	GSE225775	PRISM	mMzXJyQ1Q5JcF45K0000	prism_collection/GSE225775/chunk_0186/obs.parquet	canonical_obs	prism_collection/GSE225775	prism_collection/GSE225775/chunk_0186	chunk	chunk_0186	186	5000	58347	unknown					scRNA-seq	unknown	CRISPR	unknown	unknown	unknown	True	True	False	False	triplet-integrity-ok	2	original	jkobject:GCjqQtGwPzkY	jkobject:GCjqQtGwPzkY	additions	20260624-shared-var	metadata-only collection manifest; use obs->X->var links for payload resolution	shared_exact_hash	prism_collection/GSE225775/var.h5ad	nHeXxG90HjXaGuEH0002	SrZM4EOftL3vc46oWc-LfA	prism_collection/GSE225775
prism_collection/GSE225775	GSE225775	PRISM	dgrKHPXP6nQ1QSIJ0000	prism_collection/GSE225775/chunk_0187/obs.parquet	canonical_obs	prism_collection/GSE225775	prism_collection/GSE225775/chunk_0187	chunk	chunk_0187	187	5000	58347	unknown					scRNA-seq	unknown	CRISPR	unknown	unknown	unknown	True	True	False	False	triplet-integrity-ok	2	original	jkobject:GCjqQtGwPzkY	jkobject:GCjqQtGwPzkY	additions	20260624-shared-var	metadata-only collection manifest; use obs->X->var links for payload resolution	shared_exact_hash	prism_collection/GSE225775/var.h5ad	nHeXxG90HjXaGuEH0002	SrZM4EOftL3vc46oWc-LfA	prism_collection/GSE225775
prism_collection/GSE225775	GSE225775	PRISM	xMC4OIgfFtkJp7Bo0000	prism_collection/GSE225775/chunk_0188/obs.parquet	canonical_obs	prism_collection/GSE225775	prism_collection/GSE225775/chunk_0188	chunk	chunk_0188	188	5000	58347	unknown					scRNA-seq	unknown	CRISPR	unknown	unknown	unknown	True	True	False	False	triplet-integrity-ok	2	original	jkobject:GCjqQtGwPzkY	jkobject:GCjqQtGwPzkY	additions	20260624-shared-var	metadata-only collection manifest; use obs->X->var links for payload resolution	shared_exact_hash	prism_collection/GSE225775/var.h5ad	nHeXxG90HjXaGuEH0002	SrZM4EOftL3vc46oWc-LfA	prism_collection/GSE225775
prism_collection/GSE225775	GSE225775	PRISM	P0AQO6ErH649KnUu0000	prism_collection/GSE225775/chunk_0189/obs.parquet	canonical_obs	prism_collection/GSE225775	prism_collection/GSE225775/chunk_0189	chunk	chunk_0189	189	5000	58347	unknown					scRNA-seq	unknown	CRISPR	unknown	unknown	unknown	True	True	True	False	triplet-integrity-ok	2	original	jkobject:GCjqQtGwPzkY	jkobject:GCjqQtGwPzkY	additions	20260624-shared-var	metadata-only collection manifest; use obs->X->var links for payload resolution	shared_exact_hash	prism_collection/GSE225775/var.h5ad	nHeXxG90HjXaGuEH0002	SrZM4EOftL3vc46oWc-LfA	prism_collection/GSE225775
prism_collection/GSE225775	GSE225775	PRISM	Zr1qbInDqn5WyZZB0000	prism_collection/GSE225775/chunk_0190/obs.parquet	canonical_obs	prism_collection/GSE225775	prism_collection/GSE225775/chunk_0190	chunk	chunk_0190	190	5000	58347	unknown					scRNA-seq	unknown	CRISPR	unknown	unknown	unknown	True	True	False	False	triplet-integrity-ok	2	original	jkobject:GCjqQtGwPzkY	jkobject:GCjqQtGwPzkY	additions	20260624-shared-var	metadata-only collection manifest; use obs->X->var links for payload resolution	shared_exact_hash	prism_collection/GSE225775/var.h5ad	nHeXxG90HjXaGuEH0002	SrZM4EOftL3vc46oWc-LfA	prism_collection/GSE225775
prism_collection/GSE225775	GSE225775	PRISM	eUyAMItF06MkV5p30000	prism_collection/GSE225775/chunk_0191/obs.parquet	canonical_obs	prism_collection/GSE225775	prism_collection/GSE225775/chunk_0191	chunk	chunk_0191	191	5000	58347	unknown					scRNA-seq	unknown	CRISPR	unknown	unknown	unknown	True	True	False	False	triplet-integrity-ok	2	original	jkobject:GCjqQtGwPzkY	jkobject:GCjqQtGwPzkY	additions	20260624-shared-var	metadata-only collection manifest; use obs->X->var links for payload resolution	shared_exact_hash	prism_collection/GSE225775/var.h5ad	nHeXxG90HjXaGuEH0002	SrZM4EOftL3vc46oWc-LfA	prism_collection/GSE225775
prism_collection/GSE225775	GSE225775	PRISM	yCHheT1wXhfmTYWb0000	prism_collection/GSE225775/chunk_0192/obs.parquet	canonical_obs	prism_collection/GSE225775	prism_collection/GSE225775/chunk_0192	chunk	chunk_0192	192	5000	58347	unknown					scRNA-seq	unknown	CRISPR	unknown	unknown	unknown	True	True	False	False	triplet-integrity-ok	2	original	jkobject:GCjqQtGwPzkY	jkobject:GCjqQtGwPzkY	additions	20260624-shared-var	metadata-only collection manifest; use obs->X->var links for payload resolution	shared_exact_hash	prism_collection/GSE225775/var.h5ad	nHeXxG90HjXaGuEH0002	SrZM4EOftL3vc46oWc-LfA	prism_collection/GSE225775
prism_collection/GSE225775	GSE225775	PRISM	NjFKHL9CwB11HRYu0000	prism_collection/GSE225775/chunk_0193/obs.parquet	canonical_obs	prism_collection/GSE225775	prism_collection/GSE225775/chunk_0193	chunk	chunk_0193	193	5000	58347	unknown					scRNA-seq	unknown	CRISPR	unknown	unknown	unknown	True	True	False	False	triplet-integrity-ok	2	original	jkobject:GCjqQtGwPzkY	jkobject:GCjqQtGwPzkY	additions	20260624-shared-var	metadata-only collection manifest; use obs->X->var links for payload resolution	shared_exact_hash	prism_collection/GSE225775/var.h5ad	nHeXxG90HjXaGuEH0002	SrZM4EOftL3vc46oWc-LfA	prism_collection/GSE225775
prism_collection/GSE225775	GSE225775	PRISM	tIc7xw3hZjysyEWW0000	prism_collection/GSE225775/chunk_0194/obs.parquet	canonical_obs	prism_collection/GSE225775	prism_collection/GSE225775/chunk_0194	chunk	chunk_0194	194	5000	58347	unknown					scRNA-seq	unknown	CRISPR	unknown	unknown	unknown	True	True	False	False	triplet-integrity-ok	2	original	jkobject:GCjqQtGwPzkY	jkobject:GCjqQtGwPzkY	additions	20260624-shared-var	metadata-only collection manifest; use obs->X->var links for payload resolution	shared_exact_hash	prism_collection/GSE225775/var.h5ad	nHeXxG90HjXaGuEH0002	SrZM4EOftL3vc46oWc-LfA	prism_collection/GSE225775
prism_collection/GSE225775	GSE225775	PRISM	pSz0Av9IEHIEJMhZ0000	prism_collection/GSE225775/chunk_0195/obs.parquet	canonical_obs	prism_collection/GSE225775	prism_collection/GSE225775/chunk_0195	chunk	chunk_0195	195	5000	58347	unknown					scRNA-seq	unknown	CRISPR	unknown	unknown	unknown	True	True	True	False	triplet-integrity-ok	2	original	jkobject:GCjqQtGwPzkY	jkobject:GCjqQtGwPzkY	additions	20260624-shared-var	metadata-only collection manifest; use obs->X->var links for payload resolution	shared_exact_hash	prism_collection/GSE225775/var.h5ad	nHeXxG90HjXaGuEH0002	SrZM4EOftL3vc46oWc-LfA	prism_collection/GSE225775
prism_collection/GSE225775	GSE225775	PRISM	VDSO1SBEnjozFxAd0000	prism_collection/GSE225775/chunk_0196/obs.parquet	canonical_obs	prism_collection/GSE225775	prism_collection/GSE225775/chunk_0196	chunk	chunk_0196	196	5000	58347	unknown					scRNA-seq	unknown	CRISPR	unknown	unknown	unknown	True	True	False	False	triplet-integrity-ok	2	original	jkobject:GCjqQtGwPzkY	jkobject:GCjqQtGwPzkY	additions	20260624-shared-var	metadata-only collection manifest; use obs->X->var links for payload resolution	shared_exact_hash	prism_collection/GSE225775/var.h5ad	nHeXxG90HjXaGuEH0002	SrZM4EOftL3vc46oWc-LfA	prism_collection/GSE225775
prism_collection/GSE225775	GSE225775	PRISM	NQR2ysPzEzZSSXeQ0000	prism_collection/GSE225775/chunk_0197/obs.parquet	canonical_obs	prism_collection/GSE225775	prism_collection/GSE225775/chunk_0197	chunk	chunk_0197	197	5000	58347	unknown					scRNA-seq	unknown	CRISPR	unknown	unknown	unknown	True	True	False	False	triplet-integrity-ok	2	original	jkobject:GCjqQtGwPzkY	jkobject:GCjqQtGwPzkY	additions	20260624-shared-var	metadata-only collection manifest; use obs->X->var links for payload resolution	shared_exact_hash	prism_collection/GSE225775/var.h5ad	nHeXxG90HjXaGuEH0002	SrZM4EOftL3vc46oWc-LfA	prism_collection/GSE225775
prism_collection/GSE225775	GSE225775	PRISM	doRSKI0JZULdZNNH0000	prism_collection/GSE225775/chunk_0198/obs.parquet	canonical_obs	prism_collection/GSE225775	prism_collection/GSE225775/chunk_0198	chunk	chunk_0198	198	5000	58347	unknown					scRNA-seq	unknown	CRISPR	unknown	unknown	unknown	True	True	False	False	triplet-integrity-ok	2	original	jkobject:GCjqQtGwPzkY	jkobject:GCjqQtGwPzkY	additions	20260624-shared-var	metadata-only collection manifest; use obs->X->var links for payload resolution	shared_exact_hash	prism_collection/GSE225775/var.h5ad	nHeXxG90HjXaGuEH0002	SrZM4EOftL3vc46oWc-LfA	prism_collection/GSE225775
prism_collection/GSE225775	GSE225775	PRISM	eljxFnnAndK3Mvu90000	prism_collection/GSE225775/chunk_0199/obs.parquet	canonical_obs	prism_collection/GSE225775	prism_collection/GSE225775/chunk_0199	chunk	chunk_0199	199	5000	58347	unknown					scRNA-seq	unknown	CRISPR	unknown	unknown	unknown	True	True	False	False	triplet-integrity-ok	2	original	jkobject:GCjqQtGwPzkY	jkobject:GCjqQtGwPzkY	additions	20260624-shared-var	metadata-only collection manifest; use obs->X->var links for payload resolution	shared_exact_hash	prism_collection/GSE225775/var.h5ad	nHeXxG90HjXaGuEH0002	SrZM4EOftL3vc46oWc-LfA	prism_collection/GSE225775
prism_collection/GSE225775	GSE225775	PRISM	vXhqh13tb8oIzIIw0000	prism_collection/GSE225775/chunk_0200/obs.parquet	canonical_obs	prism_collection/GSE225775	prism_collection/GSE225775/chunk_0200	chunk	chunk_0200	200	5000	58347	unknown					scRNA-seq	unknown	CRISPR	unknown	unknown	unknown	True	True	False	False	triplet-integrity-ok	2	original	jkobject:GCjqQtGwPzkY	jkobject:GCjqQtGwPzkY	additions	20260624-shared-var	metadata-only collection manifest; use obs->X->var links for payload resolution	shared_exact_hash	prism_collection/GSE225775/var.h5ad	nHeXxG90HjXaGuEH0002	SrZM4EOftL3vc46oWc-LfA	prism_collection/GSE225775
prism_collection/GSE225775	GSE225775	PRISM	g8Mr0no7OuyvOw7r0000	prism_collection/GSE225775/chunk_0201/obs.parquet	canonical_obs	prism_collection/GSE225775	prism_collection/GSE225775/chunk_0201	chunk	chunk_0201	201	5000	58347	unknown					scRNA-seq	unknown	CRISPR	unknown	unknown	unknown	True	True	False	False	triplet-integrity-ok	2	original	jkobject:GCjqQtGwPzkY	jkobject:GCjqQtGwPzkY	additions	20260624-shared-var	metadata-only collection manifest; use obs->X->var links for payload resolution	shared_exact_hash	prism_collection/GSE225775/var.h5ad	nHeXxG90HjXaGuEH0002	SrZM4EOftL3vc46oWc-LfA	prism_collection/GSE225775
prism_collection/GSE225775	GSE225775	PRISM	r8U9kKbA3XbwgmW10000	prism_collection/GSE225775/chunk_0202/obs.parquet	canonical_obs	prism_collection/GSE225775	prism_collection/GSE225775/chunk_0202	chunk	chunk_0202	202	5000	58347	unknown					scRNA-seq	unknown	CRISPR	unknown	unknown	unknown	True	True	False	False	triplet-integrity-ok	2	original	jkobject:GCjqQtGwPzkY	jkobject:GCjqQtGwPzkY	additions	20260624-shared-var	metadata-only collection manifest; use obs->X->var links for payload resolution	shared_exact_hash	prism_collection/GSE225775/var.h5ad	nHeXxG90HjXaGuEH0002	SrZM4EOftL3vc46oWc-LfA	prism_collection/GSE225775
prism_collection/GSE225775	GSE225775	PRISM	B75RivZJ85fKDk4Q0000	prism_collection/GSE225775/chunk_0203/obs.parquet	canonical_obs	prism_collection/GSE225775	prism_collection/GSE225775/chunk_0203	chunk	chunk_0203	203	5000	58347	unknown					scRNA-seq	unknown	CRISPR	unknown	unknown	unknown	True	True	False	False	triplet-integrity-ok	2	original	jkobject:GCjqQtGwPzkY	jkobject:GCjqQtGwPzkY	additions	20260624-shared-var	metadata-only collection manifest; use obs->X->var links for payload resolution	shared_exact_hash	prism_collection/GSE225775/var.h5ad	nHeXxG90HjXaGuEH0002	SrZM4EOftL3vc46oWc-LfA	prism_collection/GSE225775
prism_collection/GSE225775	GSE225775	PRISM	xyY64ArVfsknoSP30000	prism_collection/GSE225775/chunk_0204/obs.parquet	canonical_obs	prism_collection/GSE225775	prism_collection/GSE225775/chunk_0204	chunk	chunk_0204	204	5000	58347	unknown					scRNA-seq	unknown	CRISPR	unknown	unknown	unknown	True	True	False	False	triplet-integrity-ok	2	original	jkobject:GCjqQtGwPzkY	jkobject:GCjqQtGwPzkY	additions	20260624-shared-var	metadata-only collection manifest; use obs->X->var links for payload resolution	shared_exact_hash	prism_collection/GSE225775/var.h5ad	nHeXxG90HjXaGuEH0002	SrZM4EOftL3vc46oWc-LfA	prism_collection/GSE225775
prism_collection/GSE225775	GSE225775	PRISM	UgiuiIieOhz3RZZF0000	prism_collection/GSE225775/chunk_0205/obs.parquet	canonical_obs	prism_collection/GSE225775	prism_collection/GSE225775/chunk_0205	chunk	chunk_0205	205	5000	58347	unknown					scRNA-seq	unknown	CRISPR	unknown	unknown	unknown	True	True	False	False	triplet-integrity-ok	2	original	jkobject:GCjqQtGwPzkY	jkobject:GCjqQtGwPzkY	additions	20260624-shared-var	metadata-only collection manifest; use obs->X->var links for payload resolution	shared_exact_hash	prism_collection/GSE225775/var.h5ad	nHeXxG90HjXaGuEH0002	SrZM4EOftL3vc46oWc-LfA	prism_collection/GSE225775
prism_collection/GSE225775	GSE225775	PRISM	XcYMtPwjzx2Pywtq0000	prism_collection/GSE225775/chunk_0206/obs.parquet	canonical_obs	prism_collection/GSE225775	prism_collection/GSE225775/chunk_0206	chunk	chunk_0206	206	5000	58347	unknown					scRNA-seq	unknown	CRISPR	unknown	unknown	unknown	True	True	False	False	triplet-integrity-ok	2	original	jkobject:GCjqQtGwPzkY	jkobject:GCjqQtGwPzkY	additions	20260624-shared-var	metadata-only collection manifest; use obs->X->var links for payload resolution	shared_exact_hash	prism_collection/GSE225775/var.h5ad	nHeXxG90HjXaGuEH0002	SrZM4EOftL3vc46oWc-LfA	prism_collection/GSE225775
prism_collection/GSE225775	GSE225775	PRISM	PtUUSZIE8STO1XfW0000	prism_collection/GSE225775/chunk_0207/obs.parquet	canonical_obs	prism_collection/GSE225775	prism_collection/GSE225775/chunk_0207	chunk	chunk_0207	207	5000	58347	unknown					scRNA-seq	unknown	CRISPR	unknown	unknown	unknown	True	True	False	False	triplet-integrity-ok	2	original	jkobject:GCjqQtGwPzkY	jkobject:GCjqQtGwPzkY	additions	20260624-shared-var	metadata-only collection manifest; use obs->X->var links for payload resolution	shared_exact_hash	prism_collection/GSE225775/var.h5ad	nHeXxG90HjXaGuEH0002	SrZM4EOftL3vc46oWc-LfA	prism_collection/GSE225775
prism_collection/GSE225775	GSE225775	PRISM	5y4Ho9Cb8u3nUBfO0000	prism_collection/GSE225775/chunk_0208/obs.parquet	canonical_obs	prism_collection/GSE225775	prism_collection/GSE225775/chunk_0208	chunk	chunk_0208	208	5000	58347	unknown					scRNA-seq	unknown	CRISPR	unknown	unknown	unknown	True	True	False	False	triplet-integrity-ok	2	original	jkobject:GCjqQtGwPzkY	jkobject:GCjqQtGwPzkY	additions	20260624-shared-var	metadata-only collection manifest; use obs->X->var links for payload resolution	shared_exact_hash	prism_collection/GSE225775/var.h5ad	nHeXxG90HjXaGuEH0002	SrZM4EOftL3vc46oWc-LfA	prism_collection/GSE225775
prism_collection/GSE225775	GSE225775	PRISM	QGdbrESJWz0xUGBm0000	prism_collection/GSE225775/chunk_0209/obs.parquet	canonical_obs	prism_collection/GSE225775	prism_collection/GSE225775/chunk_0209	chunk	chunk_0209	209	5000	58347	unknown					scRNA-seq	unknown	CRISPR	unknown	unknown	unknown	True	True	False	False	triplet-integrity-ok	2	original	jkobject:GCjqQtGwPzkY	jkobject:GCjqQtGwPzkY	additions	20260624-shared-var	metadata-only collection manifest; use obs->X->var links for payload resolution	shared_exact_hash	prism_collection/GSE225775/var.h5ad	nHeXxG90HjXaGuEH0002	SrZM4EOftL3vc46oWc-LfA	prism_collection/GSE225775
prism_collection/GSE225775	GSE225775	PRISM	aPWV89i6WkK80izW0000	prism_collection/GSE225775/chunk_0210/obs.parquet	canonical_obs	prism_collection/GSE225775	prism_collection/GSE225775/chunk_0210	chunk	chunk_0210	210	5000	58347	unknown					scRNA-seq	unknown	CRISPR	unknown	unknown	unknown	True	True	False	False	triplet-integrity-ok	2	original	jkobject:GCjqQtGwPzkY	jkobject:GCjqQtGwPzkY	additions	20260624-shared-var	metadata-only collection manifest; use obs->X->var links for payload resolution	shared_exact_hash	prism_collection/GSE225775/var.h5ad	nHeXxG90HjXaGuEH0002	SrZM4EOftL3vc46oWc-LfA	prism_collection/GSE225775
prism_collection/GSE225775	GSE225775	PRISM	mEDF8iv7QA9gN28J0000	prism_collection/GSE225775/chunk_0211/obs.parquet	canonical_obs	prism_collection/GSE225775	prism_collection/GSE225775/chunk_0211	chunk	chunk_0211	211	5000	58347	unknown					scRNA-seq	unknown	CRISPR	unknown	unknown	unknown	True	True	False	False	triplet-integrity-ok	2	original	jkobject:GCjqQtGwPzkY	jkobject:GCjqQtGwPzkY	additions	20260624-shared-var	metadata-only collection manifest; use obs->X->var links for payload resolution	shared_exact_hash	prism_collection/GSE225775/var.h5ad	nHeXxG90HjXaGuEH0002	SrZM4EOftL3vc46oWc-LfA	prism_collection/GSE225775
prism_collection/GSE225775	GSE225775	PRISM	Paxmu7TNd41vmE540000	prism_collection/GSE225775/chunk_0212/obs.parquet	canonical_obs	prism_collection/GSE225775	prism_collection/GSE225775/chunk_0212	chunk	chunk_0212	212	5000	58347	unknown					scRNA-seq	unknown	CRISPR	unknown	unknown	unknown	True	True	False	False	triplet-integrity-ok	2	original	jkobject:GCjqQtGwPzkY	jkobject:GCjqQtGwPzkY	additions	20260624-shared-var	metadata-only collection manifest; use obs->X->var links for payload resolution	shared_exact_hash	prism_collection/GSE225775/var.h5ad	nHeXxG90HjXaGuEH0002	SrZM4EOftL3vc46oWc-LfA	prism_collection/GSE225775
prism_collection/GSE225775	GSE225775	PRISM	jlLB29NRaoUOM1MN0000	prism_collection/GSE225775/chunk_0213/obs.parquet	canonical_obs	prism_collection/GSE225775	prism_collection/GSE225775/chunk_0213	chunk	chunk_0213	213	5000	58347	unknown					scRNA-seq	unknown	CRISPR	unknown	unknown	unknown	True	True	False	False	triplet-integrity-ok	2	original	jkobject:GCjqQtGwPzkY	jkobject:GCjqQtGwPzkY	additions	20260624-shared-var	metadata-only collection manifest; use obs->X->var links for payload resolution	shared_exact_hash	prism_collection/GSE225775/var.h5ad	nHeXxG90HjXaGuEH0002	SrZM4EOftL3vc46oWc-LfA	prism_collection/GSE225775
prism_collection/GSE225775	GSE225775	PRISM	BazGgGf7EbOxWrJr0000	prism_collection/GSE225775/chunk_0214/obs.parquet	canonical_obs	prism_collection/GSE225775	prism_collection/GSE225775/chunk_0214	chunk	chunk_0214	214	5000	58347	unknown					scRNA-seq	unknown	CRISPR	unknown	unknown	unknown	True	True	False	False	triplet-integrity-ok	2	original	jkobject:GCjqQtGwPzkY	jkobject:GCjqQtGwPzkY	additions	20260624-shared-var	metadata-only collection manifest; use obs->X->var links for payload resolution	shared_exact_hash	prism_collection/GSE225775/var.h5ad	nHeXxG90HjXaGuEH0002	SrZM4EOftL3vc46oWc-LfA	prism_collection/GSE225775
prism_collection/GSE225775	GSE225775	PRISM	e175bvFTnsYvHKYW0000	prism_collection/GSE225775/chunk_0215/obs.parquet	canonical_obs	prism_collection/GSE225775	prism_collection/GSE225775/chunk_0215	chunk	chunk_0215	215	5000	58347	unknown					scRNA-seq	unknown	CRISPR	unknown	unknown	unknown	True	True	False	False	triplet-integrity-ok	2	original	jkobject:GCjqQtGwPzkY	jkobject:GCjqQtGwPzkY	additions	20260624-shared-var	metadata-only collection manifest; use obs->X->var links for payload resolution	shared_exact_hash	prism_collection/GSE225775/var.h5ad	nHeXxG90HjXaGuEH0002	SrZM4EOftL3vc46oWc-LfA	prism_collection/GSE225775
prism_collection/GSE225775	GSE225775	PRISM	2BSj1Q5d1JBFDWyS0000	prism_collection/GSE225775/chunk_0216/obs.parquet	canonical_obs	prism_collection/GSE225775	prism_collection/GSE225775/chunk_0216	chunk	chunk_0216	216	5000	58347	unknown					scRNA-seq	unknown	CRISPR	unknown	unknown	unknown	True	True	True	False	triplet-integrity-ok	2	original	jkobject:GCjqQtGwPzkY	jkobject:GCjqQtGwPzkY	additions	20260624-shared-var	metadata-only collection manifest; use obs->X->var links for payload resolution	shared_exact_hash	prism_collection/GSE225775/var.h5ad	nHeXxG90HjXaGuEH0002	SrZM4EOftL3vc46oWc-LfA	prism_collection/GSE225775
prism_collection/GSE225775	GSE225775	PRISM	frutW9mLl2rjtfca0000	prism_collection/GSE225775/chunk_0217/obs.parquet	canonical_obs	prism_collection/GSE225775	prism_collection/GSE225775/chunk_0217	chunk	chunk_0217	217	5000	58347	unknown					scRNA-seq	unknown	CRISPR	unknown	unknown	unknown	True	True	False	False	triplet-integrity-ok	2	original	jkobject:GCjqQtGwPzkY	jkobject:GCjqQtGwPzkY	additions	20260624-shared-var	metadata-only collection manifest; use obs->X->var links for payload resolution	shared_exact_hash	prism_collection/GSE225775/var.h5ad	nHeXxG90HjXaGuEH0002	SrZM4EOftL3vc46oWc-LfA	prism_collection/GSE225775
prism_collection/GSE225775	GSE225775	PRISM	V7XiNCFFpvkGFAN10000	prism_collection/GSE225775/chunk_0218/obs.parquet	canonical_obs	prism_collection/GSE225775	prism_collection/GSE225775/chunk_0218	chunk	chunk_0218	218	5000	58347	unknown					scRNA-seq	unknown	CRISPR	unknown	unknown	unknown	True	True	False	False	triplet-integrity-ok	2	original	jkobject:GCjqQtGwPzkY	jkobject:GCjqQtGwPzkY	additions	20260624-shared-var	metadata-only collection manifest; use obs->X->var links for payload resolution	shared_exact_hash	prism_collection/GSE225775/var.h5ad	nHeXxG90HjXaGuEH0002	SrZM4EOftL3vc46oWc-LfA	prism_collection/GSE225775
prism_collection/GSE225775	GSE225775	PRISM	vdOJfuT2Aqp0T68R0000	prism_collection/GSE225775/chunk_0219/obs.parquet	canonical_obs	prism_collection/GSE225775	prism_collection/GSE225775/chunk_0219	chunk	chunk_0219	219	5000	58347	unknown					scRNA-seq	unknown	CRISPR	unknown	unknown	unknown	True	True	False	False	triplet-integrity-ok	2	original	jkobject:GCjqQtGwPzkY	jkobject:GCjqQtGwPzkY	additions	20260624-shared-var	metadata-only collection manifest; use obs->X->var links for payload resolution	shared_exact_hash	prism_collection/GSE225775/var.h5ad	nHeXxG90HjXaGuEH0002	SrZM4EOftL3vc46oWc-LfA	prism_collection/GSE225775
prism_collection/GSE225775	GSE225775	PRISM	lVMPKMhqzsOTK3wY0000	prism_collection/GSE225775/chunk_0220/obs.parquet	canonical_obs	prism_collection/GSE225775	prism_collection/GSE225775/chunk_0220	chunk	chunk_0220	220	5000	58347	unknown					scRNA-seq	unknown	CRISPR	unknown	unknown	unknown	True	True	False	False	triplet-integrity-ok	2	original	jkobject:GCjqQtGwPzkY	jkobject:GCjqQtGwPzkY	additions	20260624-shared-var	metadata-only collection manifest; use obs->X->var links for payload resolution	shared_exact_hash	prism_collection/GSE225775/var.h5ad	nHeXxG90HjXaGuEH0002	SrZM4EOftL3vc46oWc-LfA	prism_collection/GSE225775
prism_collection/GSE225775	GSE225775	PRISM	ugWnJ43QJKOZJpvB0000	prism_collection/GSE225775/chunk_0221/obs.parquet	canonical_obs	prism_collection/GSE225775	prism_collection/GSE225775/chunk_0221	chunk	chunk_0221	221	5000	58347	unknown					scRNA-seq	unknown	CRISPR	unknown	unknown	unknown	True	True	False	False	triplet-integrity-ok	2	original	jkobject:GCjqQtGwPzkY	jkobject:GCjqQtGwPzkY	additions	20260624-shared-var	metadata-only collection manifest; use obs->X->var links for payload resolution	shared_exact_hash	prism_collection/GSE225775/var.h5ad	nHeXxG90HjXaGuEH0002	SrZM4EOftL3vc46oWc-LfA	prism_collection/GSE225775
prism_collection/GSE225775	GSE225775	PRISM	zZrpGm7JHxv3YIM80000	prism_collection/GSE225775/chunk_0222/obs.parquet	canonical_obs	prism_collection/GSE225775	prism_collection/GSE225775/chunk_0222	chunk	chunk_0222	222	5000	58347	unknown					scRNA-seq	unknown	CRISPR	unknown	unknown	unknown	True	True	False	False	triplet-integrity-ok	2	original	jkobject:GCjqQtGwPzkY	jkobject:GCjqQtGwPzkY	additions	20260624-shared-var	metadata-only collection manifest; use obs->X->var links for payload resolution	shared_exact_hash	prism_collection/GSE225775/var.h5ad	nHeXxG90HjXaGuEH0002	SrZM4EOftL3vc46oWc-LfA	prism_collection/GSE225775
prism_collection/GSE225775	GSE225775	PRISM	NR4YGUxjxc0OS6Rk0000	prism_collection/GSE225775/chunk_0223/obs.parquet	canonical_obs	prism_collection/GSE225775	prism_collection/GSE225775/chunk_0223	chunk	chunk_0223	223	5000	58347	unknown					scRNA-seq	unknown	CRISPR	unknown	unknown	unknown	True	True	True	False	triplet-integrity-ok	2	original	jkobject:GCjqQtGwPzkY	jkobject:GCjqQtGwPzkY	additions	20260624-shared-var	metadata-only collection manifest; use obs->X->var links for payload resolution	shared_exact_hash	prism_collection/GSE225775/var.h5ad	nHeXxG90HjXaGuEH0002	SrZM4EOftL3vc46oWc-LfA	prism_collection/GSE225775
prism_collection/GSE225775	GSE225775	PRISM	El2W7LStBemesm590000	prism_collection/GSE225775/chunk_0224/obs.parquet	canonical_obs	prism_collection/GSE225775	prism_collection/GSE225775/chunk_0224	chunk	chunk_0224	224	5000	58347	unknown					scRNA-seq	unknown	CRISPR	unknown	unknown	unknown	True	True	False	False	triplet-integrity-ok	2	original	jkobject:GCjqQtGwPzkY	jkobject:GCjqQtGwPzkY	additions	20260624-shared-var	metadata-only collection manifest; use obs->X->var links for payload resolution	shared_exact_hash	prism_collection/GSE225775/var.h5ad	nHeXxG90HjXaGuEH0002	SrZM4EOftL3vc46oWc-LfA	prism_collection/GSE225775
prism_collection/GSE225775	GSE225775	PRISM	FG9cLd66VmLSkUyD0000	prism_collection/GSE225775/chunk_0225/obs.parquet	canonical_obs	prism_collection/GSE225775	prism_collection/GSE225775/chunk_0225	chunk	chunk_0225	225	5000	58347	unknown					scRNA-seq	unknown	CRISPR	unknown	unknown	unknown	True	True	False	False	triplet-integrity-ok	2	original	jkobject:GCjqQtGwPzkY	jkobject:GCjqQtGwPzkY	additions	20260624-shared-var	metadata-only collection manifest; use obs->X->var links for payload resolution	shared_exact_hash	prism_collection/GSE225775/var.h5ad	nHeXxG90HjXaGuEH0002	SrZM4EOftL3vc46oWc-LfA	prism_collection/GSE225775
prism_collection/GSE225775	GSE225775	PRISM	XqS5XbnQk3lBDsXK0000	prism_collection/GSE225775/chunk_0226/obs.parquet	canonical_obs	prism_collection/GSE225775	prism_collection/GSE225775/chunk_0226	chunk	chunk_0226	226	5000	58347	unknown					scRNA-seq	unknown	CRISPR	unknown	unknown	unknown	True	True	False	False	triplet-integrity-ok	2	original	jkobject:GCjqQtGwPzkY	jkobject:GCjqQtGwPzkY	additions	20260624-shared-var	metadata-only collection manifest; use obs->X->var links for payload resolution	shared_exact_hash	prism_collection/GSE225775/var.h5ad	nHeXxG90HjXaGuEH0002	SrZM4EOftL3vc46oWc-LfA	prism_collection/GSE225775
prism_collection/GSE225775	GSE225775	PRISM	To8UWJCsa8dyQalx0000	prism_collection/GSE225775/chunk_0227/obs.parquet	canonical_obs	prism_collection/GSE225775	prism_collection/GSE225775/chunk_0227	chunk	chunk_0227	227	5000	58347	unknown					scRNA-seq	unknown	CRISPR	unknown	unknown	unknown	True	True	False	False	triplet-integrity-ok	2	original	jkobject:GCjqQtGwPzkY	jkobject:GCjqQtGwPzkY	additions	20260624-shared-var	metadata-only collection manifest; use obs->X->var links for payload resolution	shared_exact_hash	prism_collection/GSE225775/var.h5ad	nHeXxG90HjXaGuEH0002	SrZM4EOftL3vc46oWc-LfA	prism_collection/GSE225775
prism_collection/GSE225775	GSE225775	PRISM	7ysK7BNMrQgT3d620000	prism_collection/GSE225775/chunk_0228/obs.parquet	canonical_obs	prism_collection/GSE225775	prism_collection/GSE225775/chunk_0228	chunk	chunk_0228	228	5000	58347	unknown					scRNA-seq	unknown	CRISPR	unknown	unknown	unknown	True	True	False	False	triplet-integrity-ok	2	original	jkobject:GCjqQtGwPzkY	jkobject:GCjqQtGwPzkY	additions	20260624-shared-var	metadata-only collection manifest; use obs->X->var links for payload resolution	shared_exact_hash	prism_collection/GSE225775/var.h5ad	nHeXxG90HjXaGuEH0002	SrZM4EOftL3vc46oWc-LfA	prism_collection/GSE225775
prism_collection/GSE225775	GSE225775	PRISM	dQmGoDfMhZL0hjl60000	prism_collection/GSE225775/chunk_0229/obs.parquet	canonical_obs	prism_collection/GSE225775	prism_collection/GSE225775/chunk_0229	chunk	chunk_0229	229	5000	58347	unknown					scRNA-seq	unknown	CRISPR	unknown	unknown	unknown	True	True	False	False	triplet-integrity-ok	2	original	jkobject:GCjqQtGwPzkY	jkobject:GCjqQtGwPzkY	additions	20260624-shared-var	metadata-only collection manifest; use obs->X->var links for payload resolution	shared_exact_hash	prism_collection/GSE225775/var.h5ad	nHeXxG90HjXaGuEH0002	SrZM4EOftL3vc46oWc-LfA	prism_collection/GSE225775
prism_collection/GSE225775	GSE225775	PRISM	aUMLTMUWAdRMcSht0000	prism_collection/GSE225775/chunk_0230/obs.parquet	canonical_obs	prism_collection/GSE225775	prism_collection/GSE225775/chunk_0230	chunk	chunk_0230	230	5000	58347	unknown					scRNA-seq	unknown	CRISPR	unknown	unknown	unknown	True	True	False	False	triplet-integrity-ok	2	original	jkobject:GCjqQtGwPzkY	jkobject:GCjqQtGwPzkY	additions	20260624-shared-var	metadata-only collection manifest; use obs->X->var links for payload resolution	shared_exact_hash	prism_collection/GSE225775/var.h5ad	nHeXxG90HjXaGuEH0002	SrZM4EOftL3vc46oWc-LfA	prism_collection/GSE225775
prism_collection/GSE225775	GSE225775	PRISM	WJIXu9iNqOhUJX8B0000	prism_collection/GSE225775/chunk_0231/obs.parquet	canonical_obs	prism_collection/GSE225775	prism_collection/GSE225775/chunk_0231	chunk	chunk_0231	231	5000	58347	unknown					scRNA-seq	unknown	CRISPR	unknown	unknown	unknown	True	True	False	False	triplet-integrity-ok	2	original	jkobject:GCjqQtGwPzkY	jkobject:GCjqQtGwPzkY	additions	20260624-shared-var	metadata-only collection manifest; use obs->X->var links for payload resolution	shared_exact_hash	prism_collection/GSE225775/var.h5ad	nHeXxG90HjXaGuEH0002	SrZM4EOftL3vc46oWc-LfA	prism_collection/GSE225775
prism_collection/GSE225775	GSE225775	PRISM	60mgSlwlbVmNuI7a0000	prism_collection/GSE225775/chunk_0232/obs.parquet	canonical_obs	prism_collection/GSE225775	prism_collection/GSE225775/chunk_0232	chunk	chunk_0232	232	5000	58347	unknown					scRNA-seq	unknown	CRISPR	unknown	unknown	unknown	True	True	False	False	triplet-integrity-ok	2	original	jkobject:GCjqQtGwPzkY	jkobject:GCjqQtGwPzkY	additions	20260624-shared-var	metadata-only collection manifest; use obs->X->var links for payload resolution	shared_exact_hash	prism_collection/GSE225775/var.h5ad	nHeXxG90HjXaGuEH0002	SrZM4EOftL3vc46oWc-LfA	prism_collection/GSE225775
prism_collection/GSE225775	GSE225775	PRISM	2OtlIYjgXwHE2dB10000	prism_collection/GSE225775/chunk_0233/obs.parquet	canonical_obs	prism_collection/GSE225775	prism_collection/GSE225775/chunk_0233	chunk	chunk_0233	233	5000	58347	unknown					scRNA-seq	unknown	CRISPR	unknown	unknown	unknown	True	True	False	False	triplet-integrity-ok	2	original	jkobject:GCjqQtGwPzkY	jkobject:GCjqQtGwPzkY	additions	20260624-shared-var	metadata-only collection manifest; use obs->X->var links for payload resolution	shared_exact_hash	prism_collection/GSE225775/var.h5ad	nHeXxG90HjXaGuEH0002	SrZM4EOftL3vc46oWc-LfA	prism_collection/GSE225775
prism_collection/GSE225775	GSE225775	PRISM	vhQvpvtW8l2IQiOQ0000	prism_collection/GSE225775/chunk_0234/obs.parquet	canonical_obs	prism_collection/GSE225775	prism_collection/GSE225775/chunk_0234	chunk	chunk_0234	234	5000	58347	unknown					scRNA-seq	unknown	CRISPR	unknown	unknown	unknown	True	True	False	False	triplet-integrity-ok	2	original	jkobject:GCjqQtGwPzkY	jkobject:GCjqQtGwPzkY	additions	20260624-shared-var	metadata-only collection manifest; use obs->X->var links for payload resolution	shared_exact_hash	prism_collection/GSE225775/var.h5ad	nHeXxG90HjXaGuEH0002	SrZM4EOftL3vc46oWc-LfA	prism_collection/GSE225775
prism_collection/GSE225775	GSE225775	PRISM	dfp5J6dinKIXkIA60000	prism_collection/GSE225775/chunk_0235/obs.parquet	canonical_obs	prism_collection/GSE225775	prism_collection/GSE225775/chunk_0235	chunk	chunk_0235	235	5000	58347	unknown					scRNA-seq	unknown	CRISPR	unknown	unknown	unknown	True	True	False	False	triplet-integrity-ok	2	original	jkobject:GCjqQtGwPzkY	jkobject:GCjqQtGwPzkY	additions	20260624-shared-var	metadata-only collection manifest; use obs->X->var links for payload resolution	shared_exact_hash	prism_collection/GSE225775/var.h5ad	nHeXxG90HjXaGuEH0002	SrZM4EOftL3vc46oWc-LfA	prism_collection/GSE225775
prism_collection/GSE225775	GSE225775	PRISM	MmfME7k4cModdoCs0000	prism_collection/GSE225775/chunk_0236/obs.parquet	canonical_obs	prism_collection/GSE225775	prism_collection/GSE225775/chunk_0236	chunk	chunk_0236	236	5000	58347	unknown					scRNA-seq	unknown	CRISPR	unknown	unknown	unknown	True	True	False	False	triplet-integrity-ok	2	original	jkobject:GCjqQtGwPzkY	jkobject:GCjqQtGwPzkY	additions	20260624-shared-var	metadata-only collection manifest; use obs->X->var links for payload resolution	shared_exact_hash	prism_collection/GSE225775/var.h5ad	nHeXxG90HjXaGuEH0002	SrZM4EOftL3vc46oWc-LfA	prism_collection/GSE225775
prism_collection/GSE225775	GSE225775	PRISM	1NIGQcOPYWGOSS7Q0000	prism_collection/GSE225775/chunk_0237/obs.parquet	canonical_obs	prism_collection/GSE225775	prism_collection/GSE225775/chunk_0237	chunk	chunk_0237	237	5000	58347	unknown					scRNA-seq	unknown	CRISPR	unknown	unknown	unknown	True	True	False	False	triplet-integrity-ok	2	original	jkobject:GCjqQtGwPzkY	jkobject:GCjqQtGwPzkY	additions	20260624-shared-var	metadata-only collection manifest; use obs->X->var links for payload resolution	shared_exact_hash	prism_collection/GSE225775/var.h5ad	nHeXxG90HjXaGuEH0002	SrZM4EOftL3vc46oWc-LfA	prism_collection/GSE225775
prism_collection/GSE225775	GSE225775	PRISM	gFDKtk6Cx07z7XHT0000	prism_collection/GSE225775/chunk_0238/obs.parquet	canonical_obs	prism_collection/GSE225775	prism_collection/GSE225775/chunk_0238	chunk	chunk_0238	238	5000	58347	unknown					scRNA-seq	unknown	CRISPR	unknown	unknown	unknown	True	True	False	False	triplet-integrity-ok	2	original	jkobject:GCjqQtGwPzkY	jkobject:GCjqQtGwPzkY	additions	20260624-shared-var	metadata-only collection manifest; use obs->X->var links for payload resolution	shared_exact_hash	prism_collection/GSE225775/var.h5ad	nHeXxG90HjXaGuEH0002	SrZM4EOftL3vc46oWc-LfA	prism_collection/GSE225775
prism_collection/GSE225775	GSE225775	PRISM	jWChJzWoIhZHRKzZ0000	prism_collection/GSE225775/chunk_0239/obs.parquet	canonical_obs	prism_collection/GSE225775	prism_collection/GSE225775/chunk_0239	chunk	chunk_0239	239	5000	58347	unknown					scRNA-seq	unknown	CRISPR	unknown	unknown	unknown	True	True	False	False	triplet-integrity-ok	2	original	jkobject:GCjqQtGwPzkY	jkobject:GCjqQtGwPzkY	additions	20260624-shared-var	metadata-only collection manifest; use obs->X->var links for payload resolution	shared_exact_hash	prism_collection/GSE225775/var.h5ad	nHeXxG90HjXaGuEH0002	SrZM4EOftL3vc46oWc-LfA	prism_collection/GSE225775
prism_collection/GSE225775	GSE225775	PRISM	I8Z6aWWq2razR4S80000	prism_collection/GSE225775/chunk_0240/obs.parquet	canonical_obs	prism_collection/GSE225775	prism_collection/GSE225775/chunk_0240	chunk	chunk_0240	240	5000	58347	unknown					scRNA-seq	unknown	CRISPR	unknown	unknown	unknown	True	True	False	False	triplet-integrity-ok	2	original	jkobject:GCjqQtGwPzkY	jkobject:GCjqQtGwPzkY	additions	20260624-shared-var	metadata-only collection manifest; use obs->X->var links for payload resolution	shared_exact_hash	prism_collection/GSE225775/var.h5ad	nHeXxG90HjXaGuEH0002	SrZM4EOftL3vc46oWc-LfA	prism_collection/GSE225775
prism_collection/GSE225775	GSE225775	PRISM	ekSTVfMd7xLjUQRk0000	prism_collection/GSE225775/chunk_0241/obs.parquet	canonical_obs	prism_collection/GSE225775	prism_collection/GSE225775/chunk_0241	chunk	chunk_0241	241	5000	58347	unknown					scRNA-seq	unknown	CRISPR	unknown	unknown	unknown	True	True	False	False	triplet-integrity-ok	2	original	jkobject:GCjqQtGwPzkY	jkobject:GCjqQtGwPzkY	additions	20260624-shared-var	metadata-only collection manifest; use obs->X->var links for payload resolution	shared_exact_hash	prism_collection/GSE225775/var.h5ad	nHeXxG90HjXaGuEH0002	SrZM4EOftL3vc46oWc-LfA	prism_collection/GSE225775
prism_collection/GSE225775	GSE225775	PRISM	P1OoPcPbYxKQDS2x0000	prism_collection/GSE225775/chunk_0242/obs.parquet	canonical_obs	prism_collection/GSE225775	prism_collection/GSE225775/chunk_0242	chunk	chunk_0242	242	5000	58347	unknown					scRNA-seq	unknown	CRISPR	unknown	unknown	unknown	True	True	False	False	triplet-integrity-ok	2	original	jkobject:GCjqQtGwPzkY	jkobject:GCjqQtGwPzkY	additions	20260624-shared-var	metadata-only collection manifest; use obs->X->var links for payload resolution	shared_exact_hash	prism_collection/GSE225775/var.h5ad	nHeXxG90HjXaGuEH0002	SrZM4EOftL3vc46oWc-LfA	prism_collection/GSE225775
prism_collection/GSE225775	GSE225775	PRISM	LIEUI4RQbCZ4YrXw0000	prism_collection/GSE225775/chunk_0243/obs.parquet	canonical_obs	prism_collection/GSE225775	prism_collection/GSE225775/chunk_0243	chunk	chunk_0243	243	5000	58347	unknown					scRNA-seq	unknown	CRISPR	unknown	unknown	unknown	True	True	True	False	triplet-integrity-ok	2	original	jkobject:GCjqQtGwPzkY	jkobject:GCjqQtGwPzkY	additions	20260624-shared-var	metadata-only collection manifest; use obs->X->var links for payload resolution	shared_exact_hash	prism_collection/GSE225775/var.h5ad	nHeXxG90HjXaGuEH0002	SrZM4EOftL3vc46oWc-LfA	prism_collection/GSE225775
prism_collection/GSE225775	GSE225775	PRISM	BxcqHaAFbfkbVg8I0000	prism_collection/GSE225775/chunk_0244/obs.parquet	canonical_obs	prism_collection/GSE225775	prism_collection/GSE225775/chunk_0244	chunk	chunk_0244	244	5000	58347	unknown					scRNA-seq	unknown	CRISPR	unknown	unknown	unknown	True	True	False	False	triplet-integrity-ok	2	original	jkobject:GCjqQtGwPzkY	jkobject:GCjqQtGwPzkY	additions	20260624-shared-var	metadata-only collection manifest; use obs->X->var links for payload resolution	shared_exact_hash	prism_collection/GSE225775/var.h5ad	nHeXxG90HjXaGuEH0002	SrZM4EOftL3vc46oWc-LfA	prism_collection/GSE225775
prism_collection/GSE225775	GSE225775	PRISM	r4znnEyO63BfYTIv0000	prism_collection/GSE225775/chunk_0245/obs.parquet	canonical_obs	prism_collection/GSE225775	prism_collection/GSE225775/chunk_0245	chunk	chunk_0245	245	5000	58347	unknown					scRNA-seq	unknown	CRISPR	unknown	unknown	unknown	True	True	False	False	triplet-integrity-ok	2	original	jkobject:GCjqQtGwPzkY	jkobject:GCjqQtGwPzkY	additions	20260624-shared-var	metadata-only collection manifest; use obs->X->var links for payload resolution	shared_exact_hash	prism_collection/GSE225775/var.h5ad	nHeXxG90HjXaGuEH0002	SrZM4EOftL3vc46oWc-LfA	prism_collection/GSE225775
prism_collection/GSE225775	GSE225775	PRISM	Y2HdeydTM7kMstSj0000	prism_collection/GSE225775/chunk_0246/obs.parquet	canonical_obs	prism_collection/GSE225775	prism_collection/GSE225775/chunk_0246	chunk	chunk_0246	246	5000	58347	unknown					scRNA-seq	unknown	CRISPR	unknown	unknown	unknown	True	True	False	False	triplet-integrity-ok	2	original	jkobject:GCjqQtGwPzkY	jkobject:GCjqQtGwPzkY	additions	20260624-shared-var	metadata-only collection manifest; use obs->X->var links for payload resolution	shared_exact_hash	prism_collection/GSE225775/var.h5ad	nHeXxG90HjXaGuEH0002	SrZM4EOftL3vc46oWc-LfA	prism_collection/GSE225775
prism_collection/GSE225775	GSE225775	PRISM	96xMH6i4EWajE13o0000	prism_collection/GSE225775/chunk_0247/obs.parquet	canonical_obs	prism_collection/GSE225775	prism_collection/GSE225775/chunk_0247	chunk	chunk_0247	247	5000	58347	unknown					scRNA-seq	unknown	CRISPR	unknown	unknown	unknown	True	True	False	False	triplet-integrity-ok	2	original	jkobject:GCjqQtGwPzkY	jkobject:GCjqQtGwPzkY	additions	20260624-shared-var	metadata-only collection manifest; use obs->X->var links for payload resolution	shared_exact_hash	prism_collection/GSE225775/var.h5ad	nHeXxG90HjXaGuEH0002	SrZM4EOftL3vc46oWc-LfA	prism_collection/GSE225775
prism_collection/GSE225775	GSE225775	PRISM	L5muRsgZdikDJ3870000	prism_collection/GSE225775/chunk_0248/obs.parquet	canonical_obs	prism_collection/GSE225775	prism_collection/GSE225775/chunk_0248	chunk	chunk_0248	248	5000	58347	unknown					scRNA-seq	unknown	CRISPR	unknown	unknown	unknown	True	True	False	False	triplet-integrity-ok	2	original	jkobject:GCjqQtGwPzkY	jkobject:GCjqQtGwPzkY	additions	20260624-shared-var	metadata-only collection manifest; use obs->X->var links for payload resolution	shared_exact_hash	prism_collection/GSE225775/var.h5ad	nHeXxG90HjXaGuEH0002	SrZM4EOftL3vc46oWc-LfA	prism_collection/GSE225775
prism_collection/GSE225775	GSE225775	PRISM	HGGCLlIL0H9yjufC0000	prism_collection/GSE225775/chunk_0249/obs.parquet	canonical_obs	prism_collection/GSE225775	prism_collection/GSE225775/chunk_0249	chunk	chunk_0249	249	5000	58347	unknown					scRNA-seq	unknown	CRISPR	unknown	unknown	unknown	True	True	False	False	triplet-integrity-ok	2	original	jkobject:GCjqQtGwPzkY	jkobject:GCjqQtGwPzkY	additions	20260624-shared-var	metadata-only collection manifest; use obs->X->var links for payload resolution	shared_exact_hash	prism_collection/GSE225775/var.h5ad	nHeXxG90HjXaGuEH0002	SrZM4EOftL3vc46oWc-LfA	prism_collection/GSE225775
prism_collection/GSE225775	GSE225775	PRISM	IHpXj1lzKMtPkmd80000	prism_collection/GSE225775/chunk_0250/obs.parquet	canonical_obs	prism_collection/GSE225775	prism_collection/GSE225775/chunk_0250	chunk	chunk_0250	250	5000	58347	unknown					scRNA-seq	unknown	CRISPR	unknown	unknown	unknown	True	True	False	False	triplet-integrity-ok	2	original	jkobject:GCjqQtGwPzkY	jkobject:GCjqQtGwPzkY	additions	20260624-shared-var	metadata-only collection manifest; use obs->X->var links for payload resolution	shared_exact_hash	prism_collection/GSE225775/var.h5ad	nHeXxG90HjXaGuEH0002	SrZM4EOftL3vc46oWc-LfA	prism_collection/GSE225775
prism_collection/GSE225775	GSE225775	PRISM	GshVMzh2Nxhd9Gta0000	prism_collection/GSE225775/chunk_0251/obs.parquet	canonical_obs	prism_collection/GSE225775	prism_collection/GSE225775/chunk_0251	chunk	chunk_0251	251	5000	58347	unknown					scRNA-seq	unknown	CRISPR	unknown	unknown	unknown	True	True	True	False	triplet-integrity-ok	2	original	jkobject:GCjqQtGwPzkY	jkobject:GCjqQtGwPzkY	additions	20260624-shared-var	metadata-only collection manifest; use obs->X->var links for payload resolution	shared_exact_hash	prism_collection/GSE225775/var.h5ad	nHeXxG90HjXaGuEH0002	SrZM4EOftL3vc46oWc-LfA	prism_collection/GSE225775
prism_collection/GSE225775	GSE225775	PRISM	BjuP3xvGPcHbgsQr0000	prism_collection/GSE225775/chunk_0252/obs.parquet	canonical_obs	prism_collection/GSE225775	prism_collection/GSE225775/chunk_0252	chunk	chunk_0252	252	5000	58347	unknown					scRNA-seq	unknown	CRISPR	unknown	unknown	unknown	True	True	False	False	triplet-integrity-ok	2	original	jkobject:GCjqQtGwPzkY	jkobject:GCjqQtGwPzkY	additions	20260624-shared-var	metadata-only collection manifest; use obs->X->var links for payload resolution	shared_exact_hash	prism_collection/GSE225775/var.h5ad	nHeXxG90HjXaGuEH0002	SrZM4EOftL3vc46oWc-LfA	prism_collection/GSE225775
prism_collection/GSE225775	GSE225775	PRISM	B7GiWXG5savoiqGK0000	prism_collection/GSE225775/chunk_0253/obs.parquet	canonical_obs	prism_collection/GSE225775	prism_collection/GSE225775/chunk_0253	chunk	chunk_0253	253	5000	58347	unknown					scRNA-seq	unknown	CRISPR	unknown	unknown	unknown	True	True	False	False	triplet-integrity-ok	2	original	jkobject:GCjqQtGwPzkY	jkobject:GCjqQtGwPzkY	additions	20260624-shared-var	metadata-only collection manifest; use obs->X->var links for payload resolution	shared_exact_hash	prism_collection/GSE225775/var.h5ad	nHeXxG90HjXaGuEH0002	SrZM4EOftL3vc46oWc-LfA	prism_collection/GSE225775
prism_collection/GSE225775	GSE225775	PRISM	ePqj04i7qYp1FSxh0000	prism_collection/GSE225775/chunk_0254/obs.parquet	canonical_obs	prism_collection/GSE225775	prism_collection/GSE225775/chunk_0254	chunk	chunk_0254	254	5000	58347	unknown					scRNA-seq	unknown	CRISPR	unknown	unknown	unknown	True	True	False	False	triplet-integrity-ok	2	original	jkobject:GCjqQtGwPzkY	jkobject:GCjqQtGwPzkY	additions	20260624-shared-var	metadata-only collection manifest; use obs->X->var links for payload resolution	shared_exact_hash	prism_collection/GSE225775/var.h5ad	nHeXxG90HjXaGuEH0002	SrZM4EOftL3vc46oWc-LfA	prism_collection/GSE225775
prism_collection/GSE225775	GSE225775	PRISM	nuKWjQQhGmxRsTYn0000	prism_collection/GSE225775/chunk_0255/obs.parquet	canonical_obs	prism_collection/GSE225775	prism_collection/GSE225775/chunk_0255	chunk	chunk_0255	255	5000	58347	unknown					scRNA-seq	unknown	CRISPR	unknown	unknown	unknown	True	True	False	False	triplet-integrity-ok	2	original	jkobject:GCjqQtGwPzkY	jkobject:GCjqQtGwPzkY	additions	20260624-shared-var	metadata-only collection manifest; use obs->X->var links for payload resolution	shared_exact_hash	prism_collection/GSE225775/var.h5ad	nHeXxG90HjXaGuEH0002	SrZM4EOftL3vc46oWc-LfA	prism_collection/GSE225775
prism_collection/GSE225775	GSE225775	PRISM	GirjHZt3xdX1Z59F0000	prism_collection/GSE225775/chunk_0256/obs.parquet	canonical_obs	prism_collection/GSE225775	prism_collection/GSE225775/chunk_0256	chunk	chunk_0256	256	5000	58347	unknown					scRNA-seq	unknown	CRISPR	unknown	unknown	unknown	True	True	False	False	triplet-integrity-ok	2	original	jkobject:GCjqQtGwPzkY	jkobject:GCjqQtGwPzkY	additions	20260624-shared-var	metadata-only collection manifest; use obs->X->var links for payload resolution	shared_exact_hash	prism_collection/GSE225775/var.h5ad	nHeXxG90HjXaGuEH0002	SrZM4EOftL3vc46oWc-LfA	prism_collection/GSE225775
prism_collection/GSE225775	GSE225775	PRISM	MZ9ttbUnxAWjZNAi0000	prism_collection/GSE225775/chunk_0257/obs.parquet	canonical_obs	prism_collection/GSE225775	prism_collection/GSE225775/chunk_0257	chunk	chunk_0257	257	5000	58347	unknown					scRNA-seq	unknown	CRISPR	unknown	unknown	unknown	True	True	False	False	triplet-integrity-ok	2	original	jkobject:GCjqQtGwPzkY	jkobject:GCjqQtGwPzkY	additions	20260624-shared-var	metadata-only collection manifest; use obs->X->var links for payload resolution	shared_exact_hash	prism_collection/GSE225775/var.h5ad	nHeXxG90HjXaGuEH0002	SrZM4EOftL3vc46oWc-LfA	prism_collection/GSE225775
prism_collection/GSE225775	GSE225775	PRISM	afgClFltDS2CBX1n0000	prism_collection/GSE225775/chunk_0258/obs.parquet	canonical_obs	prism_collection/GSE225775	prism_collection/GSE225775/chunk_0258	chunk	chunk_0258	258	5000	58347	unknown					scRNA-seq	unknown	CRISPR	unknown	unknown	unknown	True	True	False	False	triplet-integrity-ok	2	original	jkobject:GCjqQtGwPzkY	jkobject:GCjqQtGwPzkY	additions	20260624-shared-var	metadata-only collection manifest; use obs->X->var links for payload resolution	shared_exact_hash	prism_collection/GSE225775/var.h5ad	nHeXxG90HjXaGuEH0002	SrZM4EOftL3vc46oWc-LfA	prism_collection/GSE225775
prism_collection/GSE225775	GSE225775	PRISM	26ZpGMsys38H5Zu30000	prism_collection/GSE225775/chunk_0259/obs.parquet	canonical_obs	prism_collection/GSE225775	prism_collection/GSE225775/chunk_0259	chunk	chunk_0259	259	5000	58347	unknown					scRNA-seq	unknown	CRISPR	unknown	unknown	unknown	True	True	False	False	triplet-integrity-ok	2	original	jkobject:GCjqQtGwPzkY	jkobject:GCjqQtGwPzkY	additions	20260624-shared-var	metadata-only collection manifest; use obs->X->var links for payload resolution	shared_exact_hash	prism_collection/GSE225775/var.h5ad	nHeXxG90HjXaGuEH0002	SrZM4EOftL3vc46oWc-LfA	prism_collection/GSE225775
prism_collection/GSE225775	GSE225775	PRISM	eYZa7XVRcnsK7AkB0000	prism_collection/GSE225775/chunk_0260/obs.parquet	canonical_obs	prism_collection/GSE225775	prism_collection/GSE225775/chunk_0260	chunk	chunk_0260	260	5000	58347	unknown					scRNA-seq	unknown	CRISPR	unknown	unknown	unknown	True	True	False	False	triplet-integrity-ok	2	original	jkobject:GCjqQtGwPzkY	jkobject:GCjqQtGwPzkY	additions	20260624-shared-var	metadata-only collection manifest; use obs->X->var links for payload resolution	shared_exact_hash	prism_collection/GSE225775/var.h5ad	nHeXxG90HjXaGuEH0002	SrZM4EOftL3vc46oWc-LfA	prism_collection/GSE225775
prism_collection/GSE225775	GSE225775	PRISM	QDrCKfnifiIJWS7H0000	prism_collection/GSE225775/chunk_0261/obs.parquet	canonical_obs	prism_collection/GSE225775	prism_collection/GSE225775/chunk_0261	chunk	chunk_0261	261	5000	58347	unknown					scRNA-seq	unknown	CRISPR	unknown	unknown	unknown	True	True	False	False	triplet-integrity-ok	2	original	jkobject:GCjqQtGwPzkY	jkobject:GCjqQtGwPzkY	additions	20260624-shared-var	metadata-only collection manifest; use obs->X->var links for payload resolution	shared_exact_hash	prism_collection/GSE225775/var.h5ad	nHeXxG90HjXaGuEH0002	SrZM4EOftL3vc46oWc-LfA	prism_collection/GSE225775
prism_collection/GSE225775	GSE225775	PRISM	9woOorWo1YIcDcRI0000	prism_collection/GSE225775/chunk_0262/obs.parquet	canonical_obs	prism_collection/GSE225775	prism_collection/GSE225775/chunk_0262	chunk	chunk_0262	262	5000	58347	unknown					scRNA-seq	unknown	CRISPR	unknown	unknown	unknown	True	True	False	False	triplet-integrity-ok	2	original	jkobject:GCjqQtGwPzkY	jkobject:GCjqQtGwPzkY	additions	20260624-shared-var	metadata-only collection manifest; use obs->X->var links for payload resolution	shared_exact_hash	prism_collection/GSE225775/var.h5ad	nHeXxG90HjXaGuEH0002	SrZM4EOftL3vc46oWc-LfA	prism_collection/GSE225775
prism_collection/GSE225775	GSE225775	PRISM	9H4z0TvEtkKApg1h0000	prism_collection/GSE225775/chunk_0263/obs.parquet	canonical_obs	prism_collection/GSE225775	prism_collection/GSE225775/chunk_0263	chunk	chunk_0263	263	5000	58347	unknown					scRNA-seq	unknown	CRISPR	unknown	unknown	unknown	True	True	False	False	triplet-integrity-ok	2	original	jkobject:GCjqQtGwPzkY	jkobject:GCjqQtGwPzkY	additions	20260624-shared-var	metadata-only collection manifest; use obs->X->var links for payload resolution	shared_exact_hash	prism_collection/GSE225775/var.h5ad	nHeXxG90HjXaGuEH0002	SrZM4EOftL3vc46oWc-LfA	prism_collection/GSE225775
prism_collection/GSE225775	GSE225775	PRISM	yxBaUpfKOJMLwlOr0000	prism_collection/GSE225775/chunk_0264/obs.parquet	canonical_obs	prism_collection/GSE225775	prism_collection/GSE225775/chunk_0264	chunk	chunk_0264	264	5000	58347	unknown					scRNA-seq	unknown	CRISPR	unknown	unknown	unknown	True	True	False	False	triplet-integrity-ok	2	original	jkobject:GCjqQtGwPzkY	jkobject:GCjqQtGwPzkY	additions	20260624-shared-var	metadata-only collection manifest; use obs->X->var links for payload resolution	shared_exact_hash	prism_collection/GSE225775/var.h5ad	nHeXxG90HjXaGuEH0002	SrZM4EOftL3vc46oWc-LfA	prism_collection/GSE225775
prism_collection/GSE225775	GSE225775	PRISM	FWAMX3h3IFFNwpO60000	prism_collection/GSE225775/chunk_0265/obs.parquet	canonical_obs	prism_collection/GSE225775	prism_collection/GSE225775/chunk_0265	chunk	chunk_0265	265	5000	58347	unknown					scRNA-seq	unknown	CRISPR	unknown	unknown	unknown	True	True	False	False	triplet-integrity-ok	2	original	jkobject:GCjqQtGwPzkY	jkobject:GCjqQtGwPzkY	additions	20260624-shared-var	metadata-only collection manifest; use obs->X->var links for payload resolution	shared_exact_hash	prism_collection/GSE225775/var.h5ad	nHeXxG90HjXaGuEH0002	SrZM4EOftL3vc46oWc-LfA	prism_collection/GSE225775
prism_collection/GSE225775	GSE225775	PRISM	QpIKgcV3hlbmdCn70000	prism_collection/GSE225775/chunk_0266/obs.parquet	canonical_obs	prism_collection/GSE225775	prism_collection/GSE225775/chunk_0266	chunk	chunk_0266	266	5000	58347	unknown					scRNA-seq	unknown	CRISPR	unknown	unknown	unknown	True	True	False	False	triplet-integrity-ok	2	original	jkobject:GCjqQtGwPzkY	jkobject:GCjqQtGwPzkY	additions	20260624-shared-var	metadata-only collection manifest; use obs->X->var links for payload resolution	shared_exact_hash	prism_collection/GSE225775/var.h5ad	nHeXxG90HjXaGuEH0002	SrZM4EOftL3vc46oWc-LfA	prism_collection/GSE225775
prism_collection/GSE225775	GSE225775	PRISM	wSMCv5Zn6u2rEHXO0000	prism_collection/GSE225775/chunk_0267/obs.parquet	canonical_obs	prism_collection/GSE225775	prism_collection/GSE225775/chunk_0267	chunk	chunk_0267	267	5000	58347	unknown					scRNA-seq	unknown	CRISPR	unknown	unknown	unknown	True	True	False	False	triplet-integrity-ok	2	original	jkobject:GCjqQtGwPzkY	jkobject:GCjqQtGwPzkY	additions	20260624-shared-var	metadata-only collection manifest; use obs->X->var links for payload resolution	shared_exact_hash	prism_collection/GSE225775/var.h5ad	nHeXxG90HjXaGuEH0002	SrZM4EOftL3vc46oWc-LfA	prism_collection/GSE225775
prism_collection/GSE225775	GSE225775	PRISM	rbKsY182DRwYQMMH0000	prism_collection/GSE225775/chunk_0268/obs.parquet	canonical_obs	prism_collection/GSE225775	prism_collection/GSE225775/chunk_0268	chunk	chunk_0268	268	5000	58347	unknown					scRNA-seq	unknown	CRISPR	unknown	unknown	unknown	True	True	False	False	triplet-integrity-ok	2	original	jkobject:GCjqQtGwPzkY	jkobject:GCjqQtGwPzkY	additions	20260624-shared-var	metadata-only collection manifest; use obs->X->var links for payload resolution	shared_exact_hash	prism_collection/GSE225775/var.h5ad	nHeXxG90HjXaGuEH0002	SrZM4EOftL3vc46oWc-LfA	prism_collection/GSE225775
prism_collection/GSE225775	GSE225775	PRISM	VTwUO5qrjgXlZUo30000	prism_collection/GSE225775/chunk_0269/obs.parquet	canonical_obs	prism_collection/GSE225775	prism_collection/GSE225775/chunk_0269	chunk	chunk_0269	269	5000	58347	unknown					scRNA-seq	unknown	CRISPR	unknown	unknown	unknown	True	True	False	False	triplet-integrity-ok	2	original	jkobject:GCjqQtGwPzkY	jkobject:GCjqQtGwPzkY	additions	20260624-shared-var	metadata-only collection manifest; use obs->X->var links for payload resolution	shared_exact_hash	prism_collection/GSE225775/var.h5ad	nHeXxG90HjXaGuEH0002	SrZM4EOftL3vc46oWc-LfA	prism_collection/GSE225775
prism_collection/GSE225775	GSE225775	PRISM	OCkDX9Xl3HaQtYuN0000	prism_collection/GSE225775/chunk_0270/obs.parquet	canonical_obs	prism_collection/GSE225775	prism_collection/GSE225775/chunk_0270	chunk	chunk_0270	270	5000	58347	unknown					scRNA-seq	unknown	CRISPR	unknown	unknown	unknown	True	True	True	False	triplet-integrity-ok	2	original	jkobject:GCjqQtGwPzkY	jkobject:GCjqQtGwPzkY	additions	20260624-shared-var	metadata-only collection manifest; use obs->X->var links for payload resolution	shared_exact_hash	prism_collection/GSE225775/var.h5ad	nHeXxG90HjXaGuEH0002	SrZM4EOftL3vc46oWc-LfA	prism_collection/GSE225775
prism_collection/GSE225775	GSE225775	PRISM	MbbKd4rjJdnnfv7n0000	prism_collection/GSE225775/chunk_0271/obs.parquet	canonical_obs	prism_collection/GSE225775	prism_collection/GSE225775/chunk_0271	chunk	chunk_0271	271	1998	58347	unknown					scRNA-seq	unknown	CRISPR	unknown	unknown	unknown	True	True	True	False	triplet-integrity-ok	2	original	jkobject:GCjqQtGwPzkY	jkobject:GCjqQtGwPzkY	additions	20260624-shared-var	metadata-only collection manifest; use obs->X->var links for payload resolution	shared_exact_hash	prism_collection/GSE225775/var.h5ad	nHeXxG90HjXaGuEH0002	SrZM4EOftL3vc46oWc-LfA	prism_collection/GSE225775
prism_collection/GSE225807	GSE225807	PRISM	51IFjoWiPHROJD9G0000	prism_collection/GSE225807/chunk_0000/obs.parquet	canonical_obs	prism_collection/GSE225807	prism_collection/GSE225807/chunk_0000	chunk	chunk_0000	0	5000	33538	unknown					scRNA-seq	unknown	CRISPR	unknown	unknown	unknown	True	True	False	False	triplet-integrity-ok	2	original	jkobject:GCjqQtGwPzkY	jkobject:GCjqQtGwPzkY	additions	20260624-shared-var	metadata-only collection manifest; use obs->X->var links for payload resolution	shared_exact_hash	prism_collection/GSE225807/var.h5ad	e0I1TV0dfn1vuaRk0002	xuSLUVAsEGIeTEtJubMAdw	prism_collection/GSE225807
prism_collection/GSE225807	GSE225807	PRISM	k7xqkTaEPmfpCJpg0000	prism_collection/GSE225807/chunk_0001/obs.parquet	canonical_obs	prism_collection/GSE225807	prism_collection/GSE225807/chunk_0001	chunk	chunk_0001	1	5000	33538	unknown					scRNA-seq	unknown	CRISPR	unknown	unknown	unknown	True	True	False	False	triplet-integrity-ok	2	original	jkobject:GCjqQtGwPzkY	jkobject:GCjqQtGwPzkY	additions	20260624-shared-var	metadata-only collection manifest; use obs->X->var links for payload resolution	shared_exact_hash	prism_collection/GSE225807/var.h5ad	e0I1TV0dfn1vuaRk0002	xuSLUVAsEGIeTEtJubMAdw	prism_collection/GSE225807
prism_collection/GSE225807	GSE225807	PRISM	YVj6Zjilc1EMGjp10000	prism_collection/GSE225807/chunk_0002/obs.parquet	canonical_obs	prism_collection/GSE225807	prism_collection/GSE225807/chunk_0002	chunk	chunk_0002	2	5000	33538	unknown					scRNA-seq	unknown	CRISPR	unknown	unknown	unknown	True	True	False	False	triplet-integrity-ok	2	original	jkobject:GCjqQtGwPzkY	jkobject:GCjqQtGwPzkY	additions	20260624-shared-var	metadata-only collection manifest; use obs->X->var links for payload resolution	shared_exact_hash	prism_collection/GSE225807/var.h5ad	e0I1TV0dfn1vuaRk0002	xuSLUVAsEGIeTEtJubMAdw	prism_collection/GSE225807
prism_collection/GSE225807	GSE225807	PRISM	ph5Dm3usoEq15bIq0000	prism_collection/GSE225807/chunk_0003/obs.parquet	canonical_obs	prism_collection/GSE225807	prism_collection/GSE225807/chunk_0003	chunk	chunk_0003	3	2424	33538	unknown					scRNA-seq	unknown	CRISPR	unknown	unknown	unknown	True	True	False	False	triplet-integrity-ok	2	original	jkobject:GCjqQtGwPzkY	jkobject:GCjqQtGwPzkY	additions	20260624-shared-var	metadata-only collection manifest; use obs->X->var links for payload resolution	shared_exact_hash	prism_collection/GSE225807/var.h5ad	e0I1TV0dfn1vuaRk0002	xuSLUVAsEGIeTEtJubMAdw	prism_collection/GSE225807
prism_collection/GSE229505	GSE229505	PRISM	07QhFe8RonOhXeEV0000	prism_collection/GSE229505/chunk_0000/obs.parquet	canonical_obs	prism_collection/GSE229505	prism_collection/GSE229505/chunk_0000	chunk	chunk_0000	0	5000	67655	unknown					scRNA-seq	unknown	CRISPR	unknown	unknown	unknown	True	True	False	False	triplet-integrity-ok	2	original	jkobject:GCjqQtGwPzkY	jkobject:GCjqQtGwPzkY	additions	20260624-shared-var	metadata-only collection manifest; use obs->X->var links for payload resolution	shared_exact_hash	prism_collection/GSE229505/var.h5ad	eqPJ0W2HPGo9SbXO0002	IZUK22R6FIsfABqSgLtoig	prism_collection/GSE229505
prism_collection/GSE229505	GSE229505	PRISM	JOzosHU1jurCaqxw0000	prism_collection/GSE229505/chunk_0001/obs.parquet	canonical_obs	prism_collection/GSE229505	prism_collection/GSE229505/chunk_0001	chunk	chunk_0001	1	5000	67655	unknown					scRNA-seq	unknown	CRISPR	unknown	unknown	unknown	True	True	False	False	triplet-integrity-ok	2	original	jkobject:GCjqQtGwPzkY	jkobject:GCjqQtGwPzkY	additions	20260624-shared-var	metadata-only collection manifest; use obs->X->var links for payload resolution	shared_exact_hash	prism_collection/GSE229505/var.h5ad	eqPJ0W2HPGo9SbXO0002	IZUK22R6FIsfABqSgLtoig	prism_collection/GSE229505
prism_collection/GSE229505	GSE229505	PRISM	R2P1hg4w736LSLkk0000	prism_collection/GSE229505/chunk_0002/obs.parquet	canonical_obs	prism_collection/GSE229505	prism_collection/GSE229505/chunk_0002	chunk	chunk_0002	2	5000	67655	unknown					scRNA-seq	unknown	CRISPR	unknown	unknown	unknown	True	True	False	False	triplet-integrity-ok	2	original	jkobject:GCjqQtGwPzkY	jkobject:GCjqQtGwPzkY	additions	20260624-shared-var	metadata-only collection manifest; use obs->X->var links for payload resolution	shared_exact_hash	prism_collection/GSE229505/var.h5ad	eqPJ0W2HPGo9SbXO0002	IZUK22R6FIsfABqSgLtoig	prism_collection/GSE229505
prism_collection/GSE229505	GSE229505	PRISM	BGMMTu8ROcFsuAgS0000	prism_collection/GSE229505/chunk_0003/obs.parquet	canonical_obs	prism_collection/GSE229505	prism_collection/GSE229505/chunk_0003	chunk	chunk_0003	3	5000	67655	unknown					scRNA-seq	unknown	CRISPR	unknown	unknown	unknown	True	True	True	False	triplet-integrity-ok	2	original	jkobject:GCjqQtGwPzkY	jkobject:GCjqQtGwPzkY	additions	20260624-shared-var	metadata-only collection manifest; use obs->X->var links for payload resolution	shared_exact_hash	prism_collection/GSE229505/var.h5ad	eqPJ0W2HPGo9SbXO0002	IZUK22R6FIsfABqSgLtoig	prism_collection/GSE229505
prism_collection/GSE229505	GSE229505	PRISM	DDFAZ0l05rYYTEG20000	prism_collection/GSE229505/chunk_0004/obs.parquet	canonical_obs	prism_collection/GSE229505	prism_collection/GSE229505/chunk_0004	chunk	chunk_0004	4	5000	67655	unknown					scRNA-seq	unknown	CRISPR	unknown	unknown	unknown	True	True	False	False	triplet-integrity-ok	2	original	jkobject:GCjqQtGwPzkY	jkobject:GCjqQtGwPzkY	additions	20260624-shared-var	metadata-only collection manifest; use obs->X->var links for payload resolution	shared_exact_hash	prism_collection/GSE229505/var.h5ad	eqPJ0W2HPGo9SbXO0002	IZUK22R6FIsfABqSgLtoig	prism_collection/GSE229505
prism_collection/GSE229505	GSE229505	PRISM	m3tAvVS6FwYc5bYz0000	prism_collection/GSE229505/chunk_0005/obs.parquet	canonical_obs	prism_collection/GSE229505	prism_collection/GSE229505/chunk_0005	chunk	chunk_0005	5	5000	67655	unknown					scRNA-seq	unknown	CRISPR	unknown	unknown	unknown	True	True	False	False	triplet-integrity-ok	2	original	jkobject:GCjqQtGwPzkY	jkobject:GCjqQtGwPzkY	additions	20260624-shared-var	metadata-only collection manifest; use obs->X->var links for payload resolution	shared_exact_hash	prism_collection/GSE229505/var.h5ad	eqPJ0W2HPGo9SbXO0002	IZUK22R6FIsfABqSgLtoig	prism_collection/GSE229505
prism_collection/GSE229505	GSE229505	PRISM	UEff39uR8ypydJ0w0000	prism_collection/GSE229505/chunk_0006/obs.parquet	canonical_obs	prism_collection/GSE229505	prism_collection/GSE229505/chunk_0006	chunk	chunk_0006	6	5000	67655	unknown					scRNA-seq	unknown	CRISPR	unknown	unknown	unknown	True	True	False	False	triplet-integrity-ok	2	original	jkobject:GCjqQtGwPzkY	jkobject:GCjqQtGwPzkY	additions	20260624-shared-var	metadata-only collection manifest; use obs->X->var links for payload resolution	shared_exact_hash	prism_collection/GSE229505/var.h5ad	eqPJ0W2HPGo9SbXO0002	IZUK22R6FIsfABqSgLtoig	prism_collection/GSE229505
prism_collection/GSE229505	GSE229505	PRISM	f9dy0zUIRkDEvgIW0000	prism_collection/GSE229505/chunk_0007/obs.parquet	canonical_obs	prism_collection/GSE229505	prism_collection/GSE229505/chunk_0007	chunk	chunk_0007	7	5000	67655	unknown					scRNA-seq	unknown	CRISPR	unknown	unknown	unknown	True	True	False	False	triplet-integrity-ok	2	original	jkobject:GCjqQtGwPzkY	jkobject:GCjqQtGwPzkY	additions	20260624-shared-var	metadata-only collection manifest; use obs->X->var links for payload resolution	shared_exact_hash	prism_collection/GSE229505/var.h5ad	eqPJ0W2HPGo9SbXO0002	IZUK22R6FIsfABqSgLtoig	prism_collection/GSE229505
prism_collection/GSE229505	GSE229505	PRISM	8ZorS2xslfacJfYC0000	prism_collection/GSE229505/chunk_0008/obs.parquet	canonical_obs	prism_collection/GSE229505	prism_collection/GSE229505/chunk_0008	chunk	chunk_0008	8	5000	67655	unknown					scRNA-seq	unknown	CRISPR	unknown	unknown	unknown	True	True	False	False	triplet-integrity-ok	2	original	jkobject:GCjqQtGwPzkY	jkobject:GCjqQtGwPzkY	additions	20260624-shared-var	metadata-only collection manifest; use obs->X->var links for payload resolution	shared_exact_hash	prism_collection/GSE229505/var.h5ad	eqPJ0W2HPGo9SbXO0002	IZUK22R6FIsfABqSgLtoig	prism_collection/GSE229505
prism_collection/GSE229505	GSE229505	PRISM	iDiUo8jFxcj1mwoC0000	prism_collection/GSE229505/chunk_0009/obs.parquet	canonical_obs	prism_collection/GSE229505	prism_collection/GSE229505/chunk_0009	chunk	chunk_0009	9	5000	67655	unknown					scRNA-seq	unknown	CRISPR	unknown	unknown	unknown	True	True	False	False	triplet-integrity-ok	2	original	jkobject:GCjqQtGwPzkY	jkobject:GCjqQtGwPzkY	additions	20260624-shared-var	metadata-only collection manifest; use obs->X->var links for payload resolution	shared_exact_hash	prism_collection/GSE229505/var.h5ad	eqPJ0W2HPGo9SbXO0002	IZUK22R6FIsfABqSgLtoig	prism_collection/GSE229505
prism_collection/GSE229505	GSE229505	PRISM	XNi5TTVnOmlhmhK50000	prism_collection/GSE229505/chunk_0010/obs.parquet	canonical_obs	prism_collection/GSE229505	prism_collection/GSE229505/chunk_0010	chunk	chunk_0010	10	5000	67655	unknown					scRNA-seq	unknown	CRISPR	unknown	unknown	unknown	True	True	False	False	triplet-integrity-ok	2	original	jkobject:GCjqQtGwPzkY	jkobject:GCjqQtGwPzkY	additions	20260624-shared-var	metadata-only collection manifest; use obs->X->var links for payload resolution	shared_exact_hash	prism_collection/GSE229505/var.h5ad	eqPJ0W2HPGo9SbXO0002	IZUK22R6FIsfABqSgLtoig	prism_collection/GSE229505
prism_collection/GSE229505	GSE229505	PRISM	TcwHly1hONv1PZFV0000	prism_collection/GSE229505/chunk_0011/obs.parquet	canonical_obs	prism_collection/GSE229505	prism_collection/GSE229505/chunk_0011	chunk	chunk_0011	11	5000	67655	unknown					scRNA-seq	unknown	CRISPR	unknown	unknown	unknown	True	True	False	False	triplet-integrity-ok	2	original	jkobject:GCjqQtGwPzkY	jkobject:GCjqQtGwPzkY	additions	20260624-shared-var	metadata-only collection manifest; use obs->X->var links for payload resolution	shared_exact_hash	prism_collection/GSE229505/var.h5ad	eqPJ0W2HPGo9SbXO0002	IZUK22R6FIsfABqSgLtoig	prism_collection/GSE229505
prism_collection/GSE229505	GSE229505	PRISM	V5ijWvHYbuy0fjhk0000	prism_collection/GSE229505/chunk_0012/obs.parquet	canonical_obs	prism_collection/GSE229505	prism_collection/GSE229505/chunk_0012	chunk	chunk_0012	12	5000	67655	unknown					scRNA-seq	unknown	CRISPR	unknown	unknown	unknown	True	True	False	False	triplet-integrity-ok	2	original	jkobject:GCjqQtGwPzkY	jkobject:GCjqQtGwPzkY	additions	20260624-shared-var	metadata-only collection manifest; use obs->X->var links for payload resolution	shared_exact_hash	prism_collection/GSE229505/var.h5ad	eqPJ0W2HPGo9SbXO0002	IZUK22R6FIsfABqSgLtoig	prism_collection/GSE229505
prism_collection/GSE229505	GSE229505	PRISM	2w5BQ0nNWBJA5frl0000	prism_collection/GSE229505/chunk_0013/obs.parquet	canonical_obs	prism_collection/GSE229505	prism_collection/GSE229505/chunk_0013	chunk	chunk_0013	13	5000	67655	unknown					scRNA-seq	unknown	CRISPR	unknown	unknown	unknown	True	True	False	False	triplet-integrity-ok	2	original	jkobject:GCjqQtGwPzkY	jkobject:GCjqQtGwPzkY	additions	20260624-shared-var	metadata-only collection manifest; use obs->X->var links for payload resolution	shared_exact_hash	prism_collection/GSE229505/var.h5ad	eqPJ0W2HPGo9SbXO0002	IZUK22R6FIsfABqSgLtoig	prism_collection/GSE229505
prism_collection/GSE229505	GSE229505	PRISM	hntp3Jz1ZvkNtaZx0000	prism_collection/GSE229505/chunk_0014/obs.parquet	canonical_obs	prism_collection/GSE229505	prism_collection/GSE229505/chunk_0014	chunk	chunk_0014	14	5000	67655	unknown					scRNA-seq	unknown	CRISPR	unknown	unknown	unknown	True	True	False	False	triplet-integrity-ok	2	original	jkobject:GCjqQtGwPzkY	jkobject:GCjqQtGwPzkY	additions	20260624-shared-var	metadata-only collection manifest; use obs->X->var links for payload resolution	shared_exact_hash	prism_collection/GSE229505/var.h5ad	eqPJ0W2HPGo9SbXO0002	IZUK22R6FIsfABqSgLtoig	prism_collection/GSE229505
prism_collection/GSE229505	GSE229505	PRISM	tF2Kmp6i13uF2Zxf0000	prism_collection/GSE229505/chunk_0015/obs.parquet	canonical_obs	prism_collection/GSE229505	prism_collection/GSE229505/chunk_0015	chunk	chunk_0015	15	5000	67655	unknown					scRNA-seq	unknown	CRISPR	unknown	unknown	unknown	True	True	False	False	triplet-integrity-ok	2	original	jkobject:GCjqQtGwPzkY	jkobject:GCjqQtGwPzkY	additions	20260624-shared-var	metadata-only collection manifest; use obs->X->var links for payload resolution	shared_exact_hash	prism_collection/GSE229505/var.h5ad	eqPJ0W2HPGo9SbXO0002	IZUK22R6FIsfABqSgLtoig	prism_collection/GSE229505
prism_collection/GSE229505	GSE229505	PRISM	KMniv38he0GxkEEG0000	prism_collection/GSE229505/chunk_0016/obs.parquet	canonical_obs	prism_collection/GSE229505	prism_collection/GSE229505/chunk_0016	chunk	chunk_0016	16	5000	67655	unknown					scRNA-seq	unknown	CRISPR	unknown	unknown	unknown	True	True	False	False	triplet-integrity-ok	2	original	jkobject:GCjqQtGwPzkY	jkobject:GCjqQtGwPzkY	additions	20260624-shared-var	metadata-only collection manifest; use obs->X->var links for payload resolution	shared_exact_hash	prism_collection/GSE229505/var.h5ad	eqPJ0W2HPGo9SbXO0002	IZUK22R6FIsfABqSgLtoig	prism_collection/GSE229505
prism_collection/GSE229505	GSE229505	PRISM	MtBOCGVEOZqSyjA70000	prism_collection/GSE229505/chunk_0017/obs.parquet	canonical_obs	prism_collection/GSE229505	prism_collection/GSE229505/chunk_0017	chunk	chunk_0017	17	5000	67655	unknown					scRNA-seq	unknown	CRISPR	unknown	unknown	unknown	True	True	False	False	triplet-integrity-ok	2	original	jkobject:GCjqQtGwPzkY	jkobject:GCjqQtGwPzkY	additions	20260624-shared-var	metadata-only collection manifest; use obs->X->var links for payload resolution	shared_exact_hash	prism_collection/GSE229505/var.h5ad	eqPJ0W2HPGo9SbXO0002	IZUK22R6FIsfABqSgLtoig	prism_collection/GSE229505
prism_collection/GSE229505	GSE229505	PRISM	GtaidbiyQQeb5c200000	prism_collection/GSE229505/chunk_0018/obs.parquet	canonical_obs	prism_collection/GSE229505	prism_collection/GSE229505/chunk_0018	chunk	chunk_0018	18	5000	67655	unknown					scRNA-seq	unknown	CRISPR	unknown	unknown	unknown	True	True	False	False	triplet-integrity-ok	2	original	jkobject:GCjqQtGwPzkY	jkobject:GCjqQtGwPzkY	additions	20260624-shared-var	metadata-only collection manifest; use obs->X->var links for payload resolution	shared_exact_hash	prism_collection/GSE229505/var.h5ad	eqPJ0W2HPGo9SbXO0002	IZUK22R6FIsfABqSgLtoig	prism_collection/GSE229505
prism_collection/GSE229505	GSE229505	PRISM	PEedqlwuzShBtnNm0000	prism_collection/GSE229505/chunk_0019/obs.parquet	canonical_obs	prism_collection/GSE229505	prism_collection/GSE229505/chunk_0019	chunk	chunk_0019	19	5000	67655	unknown					scRNA-seq	unknown	CRISPR	unknown	unknown	unknown	True	True	False	False	triplet-integrity-ok	2	original	jkobject:GCjqQtGwPzkY	jkobject:GCjqQtGwPzkY	additions	20260624-shared-var	metadata-only collection manifest; use obs->X->var links for payload resolution	shared_exact_hash	prism_collection/GSE229505/var.h5ad	eqPJ0W2HPGo9SbXO0002	IZUK22R6FIsfABqSgLtoig	prism_collection/GSE229505
prism_collection/GSE229505	GSE229505	PRISM	O4ZE0x8nng3yfSd70000	prism_collection/GSE229505/chunk_0020/obs.parquet	canonical_obs	prism_collection/GSE229505	prism_collection/GSE229505/chunk_0020	chunk	chunk_0020	20	5000	67655	unknown					scRNA-seq	unknown	CRISPR	unknown	unknown	unknown	True	True	False	False	triplet-integrity-ok	2	original	jkobject:GCjqQtGwPzkY	jkobject:GCjqQtGwPzkY	additions	20260624-shared-var	metadata-only collection manifest; use obs->X->var links for payload resolution	shared_exact_hash	prism_collection/GSE229505/var.h5ad	eqPJ0W2HPGo9SbXO0002	IZUK22R6FIsfABqSgLtoig	prism_collection/GSE229505
prism_collection/GSE229505	GSE229505	PRISM	MfcKVyt3kPTzfomy0000	prism_collection/GSE229505/chunk_0021/obs.parquet	canonical_obs	prism_collection/GSE229505	prism_collection/GSE229505/chunk_0021	chunk	chunk_0021	21	5000	67655	unknown					scRNA-seq	unknown	CRISPR	unknown	unknown	unknown	True	True	False	False	triplet-integrity-ok	2	original	jkobject:GCjqQtGwPzkY	jkobject:GCjqQtGwPzkY	additions	20260624-shared-var	metadata-only collection manifest; use obs->X->var links for payload resolution	shared_exact_hash	prism_collection/GSE229505/var.h5ad	eqPJ0W2HPGo9SbXO0002	IZUK22R6FIsfABqSgLtoig	prism_collection/GSE229505
prism_collection/GSE229505	GSE229505	PRISM	SsNlaB5ghcv64wUs0000	prism_collection/GSE229505/chunk_0022/obs.parquet	canonical_obs	prism_collection/GSE229505	prism_collection/GSE229505/chunk_0022	chunk	chunk_0022	22	5000	67655	unknown					scRNA-seq	unknown	CRISPR	unknown	unknown	unknown	True	True	False	False	triplet-integrity-ok	2	original	jkobject:GCjqQtGwPzkY	jkobject:GCjqQtGwPzkY	additions	20260624-shared-var	metadata-only collection manifest; use obs->X->var links for payload resolution	shared_exact_hash	prism_collection/GSE229505/var.h5ad	eqPJ0W2HPGo9SbXO0002	IZUK22R6FIsfABqSgLtoig	prism_collection/GSE229505
prism_collection/GSE229505	GSE229505	PRISM	s3ObqK9XnMhWvsk50000	prism_collection/GSE229505/chunk_0023/obs.parquet	canonical_obs	prism_collection/GSE229505	prism_collection/GSE229505/chunk_0023	chunk	chunk_0023	23	5000	67655	unknown					scRNA-seq	unknown	CRISPR	unknown	unknown	unknown	True	True	False	False	triplet-integrity-ok	2	original	jkobject:GCjqQtGwPzkY	jkobject:GCjqQtGwPzkY	additions	20260624-shared-var	metadata-only collection manifest; use obs->X->var links for payload resolution	shared_exact_hash	prism_collection/GSE229505/var.h5ad	eqPJ0W2HPGo9SbXO0002	IZUK22R6FIsfABqSgLtoig	prism_collection/GSE229505
prism_collection/GSE229505	GSE229505	PRISM	LAsgZqHVZFVdbwMT0000	prism_collection/GSE229505/chunk_0024/obs.parquet	canonical_obs	prism_collection/GSE229505	prism_collection/GSE229505/chunk_0024	chunk	chunk_0024	24	5000	67655	unknown					scRNA-seq	unknown	CRISPR	unknown	unknown	unknown	True	True	False	False	triplet-integrity-ok	2	original	jkobject:GCjqQtGwPzkY	jkobject:GCjqQtGwPzkY	additions	20260624-shared-var	metadata-only collection manifest; use obs->X->var links for payload resolution	shared_exact_hash	prism_collection/GSE229505/var.h5ad	eqPJ0W2HPGo9SbXO0002	IZUK22R6FIsfABqSgLtoig	prism_collection/GSE229505
prism_collection/GSE229505	GSE229505	PRISM	zQerKrCkKFmUpK2D0000	prism_collection/GSE229505/chunk_0025/obs.parquet	canonical_obs	prism_collection/GSE229505	prism_collection/GSE229505/chunk_0025	chunk	chunk_0025	25	1495	67655	unknown					scRNA-seq	unknown	CRISPR	unknown	unknown	unknown	True	True	False	False	triplet-integrity-ok	2	original	jkobject:GCjqQtGwPzkY	jkobject:GCjqQtGwPzkY	additions	20260624-shared-var	metadata-only collection manifest; use obs->X->var links for payload resolution	shared_exact_hash	prism_collection/GSE229505/var.h5ad	eqPJ0W2HPGo9SbXO0002	IZUK22R6FIsfABqSgLtoig	prism_collection/GSE229505
prism_collection/GSE236304	GSE236304	PRISM	DBRVuTZeBfT52cOy0000	prism_collection/GSE236304/obs.parquet	canonical_obs	prism_collection/GSE236304	prism_collection/GSE236304	none			25220	36601	unknown					scRNA-seq	unknown	CRISPR	unknown	unknown	unknown	True	True	False	True	triplet-integrity-ok	2	original	jkobject:GCjqQtGwPzkY	jkobject:GCjqQtGwPzkY	additions	20260624-shared-var	metadata-only collection manifest; use obs->X->var links for payload resolution	same_prefix	prism_collection/GSE236304/var.parquet			
prism_collection/GSE250378	GSE250378	PRISM	iRhYZ4LgZX8Fz3ZT0000	prism_collection/GSE250378/obs.parquet	canonical_obs	prism_collection/GSE250378	prism_collection/GSE250378	none			141290	40930	unknown					scRNA-seq	unknown	CRISPR	unknown	unknown	unknown	True	True	False	True	triplet-integrity-ok	2	original	jkobject:GCjqQtGwPzkY	jkobject:GCjqQtGwPzkY	additions	20260624-shared-var	metadata-only collection manifest; use obs->X->var links for payload resolution	same_prefix	prism_collection/GSE250378/var.parquet			
prism_collection/GSE261283	GSE261283	PRISM	n2cUJ4ZYa4lwfKlR0000	prism_collection/GSE261283/obs.parquet	canonical_obs	prism_collection/GSE261283	prism_collection/GSE261283	none			33038	25737	unknown					scRNA-seq	unknown	CRISPR	unknown	unknown	unknown	True	True	False	True	triplet-integrity-ok	2	original	jkobject:GCjqQtGwPzkY	jkobject:GCjqQtGwPzkY	additions	20260624-shared-var	metadata-only collection manifest; use obs->X->var links for payload resolution	same_prefix	prism_collection/GSE261283/var.parquet			
prism_collection/GSE263747	GSE263747	PRISM	sDTTjfAzLBytAyLM0000	prism_collection/GSE263747/obs.parquet	canonical_obs	prism_collection/GSE263747	prism_collection/GSE263747	none			44178	20627	unknown					scRNA-seq	unknown	CRISPR	unknown	unknown	unknown	True	True	False	True	triplet-integrity-ok	2	original	jkobject:GCjqQtGwPzkY	jkobject:GCjqQtGwPzkY	additions	20260624-shared-var	metadata-only collection manifest; use obs->X->var links for payload resolution	same_prefix	prism_collection/GSE263747/var.parquet			
prism_collection/GSE264667	GSE264667	PRISM	SUq9XvWhXealFZwu0001	prism_collection/GSE264667/chunk_0000/obs.parquet	canonical_obs	prism_collection/GSE264667	prism_collection/GSE264667/chunk_0000	chunk	chunk_0000	0	5000	7632	unknown					scRNA-seq	unknown	CRISPR	unknown	unknown	unknown	True	True	False	False	triplet-integrity-ok	2	original	jkobject:GCjqQtGwPzkY	jkobject:GCjqQtGwPzkY	additions	20260624-shared-var	metadata-only collection manifest; use obs->X->var links for payload resolution	shared_exact_hash	prism_collection/GSE264667/var.h5ad	vTy0IjSCdnkIragR0002	FbPaCqlyAS-pyXJPEySj3g	prism_collection/GSE264667
prism_collection/GSE264667	GSE264667	PRISM	ryH1WzdkUR1Vn6e00000	prism_collection/GSE264667/chunk_0001/obs.parquet	canonical_obs	prism_collection/GSE264667	prism_collection/GSE264667/chunk_0001	chunk	chunk_0001	1	5000	7632	unknown					scRNA-seq	unknown	CRISPR	unknown	unknown	unknown	True	True	True	False	triplet-integrity-ok	2	original	jkobject:GCjqQtGwPzkY	jkobject:GCjqQtGwPzkY	additions	20260624-shared-var	metadata-only collection manifest; use obs->X->var links for payload resolution	shared_exact_hash	prism_collection/GSE264667/var.h5ad	vTy0IjSCdnkIragR0002	FbPaCqlyAS-pyXJPEySj3g	prism_collection/GSE264667
prism_collection/GSE264667	GSE264667	PRISM	yNa2j4pNbUQpewo60000	prism_collection/GSE264667/chunk_0002/obs.parquet	canonical_obs	prism_collection/GSE264667	prism_collection/GSE264667/chunk_0002	chunk	chunk_0002	2	5000	7632	unknown					scRNA-seq	unknown	CRISPR	unknown	unknown	unknown	True	True	False	False	triplet-integrity-ok	2	original	jkobject:GCjqQtGwPzkY	jkobject:GCjqQtGwPzkY	additions	20260624-shared-var	metadata-only collection manifest; use obs->X->var links for payload resolution	shared_exact_hash	prism_collection/GSE264667/var.h5ad	vTy0IjSCdnkIragR0002	FbPaCqlyAS-pyXJPEySj3g	prism_collection/GSE264667
prism_collection/GSE264667	GSE264667	PRISM	PjO4EoBNBxYYgZFR0000	prism_collection/GSE264667/chunk_0003/obs.parquet	canonical_obs	prism_collection/GSE264667	prism_collection/GSE264667/chunk_0003	chunk	chunk_0003	3	5000	7632	unknown					scRNA-seq	unknown	CRISPR	unknown	unknown	unknown	True	True	False	False	triplet-integrity-ok	2	original	jkobject:GCjqQtGwPzkY	jkobject:GCjqQtGwPzkY	additions	20260624-shared-var	metadata-only collection manifest; use obs->X->var links for payload resolution	shared_exact_hash	prism_collection/GSE264667/var.h5ad	vTy0IjSCdnkIragR0002	FbPaCqlyAS-pyXJPEySj3g	prism_collection/GSE264667
prism_collection/GSE264667	GSE264667	PRISM	F3xVzcBHApxs2xOI0000	prism_collection/GSE264667/chunk_0004/obs.parquet	canonical_obs	prism_collection/GSE264667	prism_collection/GSE264667/chunk_0004	chunk	chunk_0004	4	5000	7632	unknown					scRNA-seq	unknown	CRISPR	unknown	unknown	unknown	True	True	False	False	triplet-integrity-ok	2	original	jkobject:GCjqQtGwPzkY	jkobject:GCjqQtGwPzkY	additions	20260624-shared-var	metadata-only collection manifest; use obs->X->var links for payload resolution	shared_exact_hash	prism_collection/GSE264667/var.h5ad	vTy0IjSCdnkIragR0002	FbPaCqlyAS-pyXJPEySj3g	prism_collection/GSE264667
prism_collection/GSE264667	GSE264667	PRISM	7fNdYgAGZHo6bB7K0000	prism_collection/GSE264667/chunk_0005/obs.parquet	canonical_obs	prism_collection/GSE264667	prism_collection/GSE264667/chunk_0005	chunk	chunk_0005	5	5000	7632	unknown					scRNA-seq	unknown	CRISPR	unknown	unknown	unknown	True	True	False	False	triplet-integrity-ok	2	original	jkobject:GCjqQtGwPzkY	jkobject:GCjqQtGwPzkY	additions	20260624-shared-var	metadata-only collection manifest; use obs->X->var links for payload resolution	shared_exact_hash	prism_collection/GSE264667/var.h5ad	vTy0IjSCdnkIragR0002	FbPaCqlyAS-pyXJPEySj3g	prism_collection/GSE264667
prism_collection/GSE264667	GSE264667	PRISM	9xMYi2tflky86jOu0000	prism_collection/GSE264667/chunk_0006/obs.parquet	canonical_obs	prism_collection/GSE264667	prism_collection/GSE264667/chunk_0006	chunk	chunk_0006	6	5000	7632	unknown					scRNA-seq	unknown	CRISPR	unknown	unknown	unknown	True	True	False	False	triplet-integrity-ok	2	original	jkobject:GCjqQtGwPzkY	jkobject:GCjqQtGwPzkY	additions	20260624-shared-var	metadata-only collection manifest; use obs->X->var links for payload resolution	shared_exact_hash	prism_collection/GSE264667/var.h5ad	vTy0IjSCdnkIragR0002	FbPaCqlyAS-pyXJPEySj3g	prism_collection/GSE264667
prism_collection/GSE264667	GSE264667	PRISM	28NSp00UbLIy6eY90000	prism_collection/GSE264667/chunk_0007/obs.parquet	canonical_obs	prism_collection/GSE264667	prism_collection/GSE264667/chunk_0007	chunk	chunk_0007	7	5000	7632	unknown					scRNA-seq	unknown	CRISPR	unknown	unknown	unknown	True	True	False	False	triplet-integrity-ok	2	original	jkobject:GCjqQtGwPzkY	jkobject:GCjqQtGwPzkY	additions	20260624-shared-var	metadata-only collection manifest; use obs->X->var links for payload resolution	shared_exact_hash	prism_collection/GSE264667/var.h5ad	vTy0IjSCdnkIragR0002	FbPaCqlyAS-pyXJPEySj3g	prism_collection/GSE264667
prism_collection/GSE264667	GSE264667	PRISM	U8A1ThKeVaC02Lxb0000	prism_collection/GSE264667/chunk_0008/obs.parquet	canonical_obs	prism_collection/GSE264667	prism_collection/GSE264667/chunk_0008	chunk	chunk_0008	8	5000	7632	unknown					scRNA-seq	unknown	CRISPR	unknown	unknown	unknown	True	True	False	False	triplet-integrity-ok	2	original	jkobject:GCjqQtGwPzkY	jkobject:GCjqQtGwPzkY	additions	20260624-shared-var	metadata-only collection manifest; use obs->X->var links for payload resolution	shared_exact_hash	prism_collection/GSE264667/var.h5ad	vTy0IjSCdnkIragR0002	FbPaCqlyAS-pyXJPEySj3g	prism_collection/GSE264667
prism_collection/GSE264667	GSE264667	PRISM	fGxL0hkBlPmE9ZjP0000	prism_collection/GSE264667/chunk_0009/obs.parquet	canonical_obs	prism_collection/GSE264667	prism_collection/GSE264667/chunk_0009	chunk	chunk_0009	9	5000	7632	unknown					scRNA-seq	unknown	CRISPR	unknown	unknown	unknown	True	True	False	False	triplet-integrity-ok	2	original	jkobject:GCjqQtGwPzkY	jkobject:GCjqQtGwPzkY	additions	20260624-shared-var	metadata-only collection manifest; use obs->X->var links for payload resolution	shared_exact_hash	prism_collection/GSE264667/var.h5ad	vTy0IjSCdnkIragR0002	FbPaCqlyAS-pyXJPEySj3g	prism_collection/GSE264667
prism_collection/GSE264667	GSE264667	PRISM	nEAe5iiN7TRccdnb0000	prism_collection/GSE264667/chunk_0010/obs.parquet	canonical_obs	prism_collection/GSE264667	prism_collection/GSE264667/chunk_0010	chunk	chunk_0010	10	5000	7632	unknown					scRNA-seq	unknown	CRISPR	unknown	unknown	unknown	True	True	False	False	triplet-integrity-ok	2	original	jkobject:GCjqQtGwPzkY	jkobject:GCjqQtGwPzkY	additions	20260624-shared-var	metadata-only collection manifest; use obs->X->var links for payload resolution	shared_exact_hash	prism_collection/GSE264667/var.h5ad	vTy0IjSCdnkIragR0002	FbPaCqlyAS-pyXJPEySj3g	prism_collection/GSE264667
prism_collection/GSE264667	GSE264667	PRISM	qiadrHrmKXNWs40G0000	prism_collection/GSE264667/chunk_0011/obs.parquet	canonical_obs	prism_collection/GSE264667	prism_collection/GSE264667/chunk_0011	chunk	chunk_0011	11	5000	7632	unknown					scRNA-seq	unknown	CRISPR	unknown	unknown	unknown	True	True	False	False	triplet-integrity-ok	2	original	jkobject:GCjqQtGwPzkY	jkobject:GCjqQtGwPzkY	additions	20260624-shared-var	metadata-only collection manifest; use obs->X->var links for payload resolution	shared_exact_hash	prism_collection/GSE264667/var.h5ad	vTy0IjSCdnkIragR0002	FbPaCqlyAS-pyXJPEySj3g	prism_collection/GSE264667
prism_collection/GSE264667	GSE264667	PRISM	LpvL5DTTotwzNytS0000	prism_collection/GSE264667/chunk_0012/obs.parquet	canonical_obs	prism_collection/GSE264667	prism_collection/GSE264667/chunk_0012	chunk	chunk_0012	12	5000	7632	unknown					scRNA-seq	unknown	CRISPR	unknown	unknown	unknown	True	True	False	False	triplet-integrity-ok	2	original	jkobject:GCjqQtGwPzkY	jkobject:GCjqQtGwPzkY	additions	20260624-shared-var	metadata-only collection manifest; use obs->X->var links for payload resolution	shared_exact_hash	prism_collection/GSE264667/var.h5ad	vTy0IjSCdnkIragR0002	FbPaCqlyAS-pyXJPEySj3g	prism_collection/GSE264667
prism_collection/GSE264667	GSE264667	PRISM	nT04GFwlT5ufbViK0000	prism_collection/GSE264667/chunk_0013/obs.parquet	canonical_obs	prism_collection/GSE264667	prism_collection/GSE264667/chunk_0013	chunk	chunk_0013	13	5000	7632	unknown					scRNA-seq	unknown	CRISPR	unknown	unknown	unknown	True	True	False	False	triplet-integrity-ok	2	original	jkobject:GCjqQtGwPzkY	jkobject:GCjqQtGwPzkY	additions	20260624-shared-var	metadata-only collection manifest; use obs->X->var links for payload resolution	shared_exact_hash	prism_collection/GSE264667/var.h5ad	vTy0IjSCdnkIragR0002	FbPaCqlyAS-pyXJPEySj3g	prism_collection/GSE264667
prism_collection/GSE264667	GSE264667	PRISM	9YJOiabRLr2c4umP0000	prism_collection/GSE264667/chunk_0014/obs.parquet	canonical_obs	prism_collection/GSE264667	prism_collection/GSE264667/chunk_0014	chunk	chunk_0014	14	5000	7632	unknown					scRNA-seq	unknown	CRISPR	unknown	unknown	unknown	True	True	False	False	triplet-integrity-ok	2	original	jkobject:GCjqQtGwPzkY	jkobject:GCjqQtGwPzkY	additions	20260624-shared-var	metadata-only collection manifest; use obs->X->var links for payload resolution	shared_exact_hash	prism_collection/GSE264667/var.h5ad	vTy0IjSCdnkIragR0002	FbPaCqlyAS-pyXJPEySj3g	prism_collection/GSE264667
prism_collection/GSE264667	GSE264667	PRISM	ElhCbCUDMcGU26PR0000	prism_collection/GSE264667/chunk_0015/obs.parquet	canonical_obs	prism_collection/GSE264667	prism_collection/GSE264667/chunk_0015	chunk	chunk_0015	15	5000	7632	unknown					scRNA-seq	unknown	CRISPR	unknown	unknown	unknown	True	True	False	False	triplet-integrity-ok	2	original	jkobject:GCjqQtGwPzkY	jkobject:GCjqQtGwPzkY	additions	20260624-shared-var	metadata-only collection manifest; use obs->X->var links for payload resolution	shared_exact_hash	prism_collection/GSE264667/var.h5ad	vTy0IjSCdnkIragR0002	FbPaCqlyAS-pyXJPEySj3g	prism_collection/GSE264667
prism_collection/GSE264667	GSE264667	PRISM	P1SAqhW1oBzTkHcp0000	prism_collection/GSE264667/chunk_0016/obs.parquet	canonical_obs	prism_collection/GSE264667	prism_collection/GSE264667/chunk_0016	chunk	chunk_0016	16	5000	7632	unknown					scRNA-seq	unknown	CRISPR	unknown	unknown	unknown	True	True	False	False	triplet-integrity-ok	2	original	jkobject:GCjqQtGwPzkY	jkobject:GCjqQtGwPzkY	additions	20260624-shared-var	metadata-only collection manifest; use obs->X->var links for payload resolution	shared_exact_hash	prism_collection/GSE264667/var.h5ad	vTy0IjSCdnkIragR0002	FbPaCqlyAS-pyXJPEySj3g	prism_collection/GSE264667
prism_collection/GSE264667	GSE264667	PRISM	048vZmeZ9GaUhXX10000	prism_collection/GSE264667/chunk_0017/obs.parquet	canonical_obs	prism_collection/GSE264667	prism_collection/GSE264667/chunk_0017	chunk	chunk_0017	17	5000	7632	unknown					scRNA-seq	unknown	CRISPR	unknown	unknown	unknown	True	True	False	False	triplet-integrity-ok	2	original	jkobject:GCjqQtGwPzkY	jkobject:GCjqQtGwPzkY	additions	20260624-shared-var	metadata-only collection manifest; use obs->X->var links for payload resolution	shared_exact_hash	prism_collection/GSE264667/var.h5ad	vTy0IjSCdnkIragR0002	FbPaCqlyAS-pyXJPEySj3g	prism_collection/GSE264667
prism_collection/GSE264667	GSE264667	PRISM	TB0SUpS0R4e5X8Le0000	prism_collection/GSE264667/chunk_0018/obs.parquet	canonical_obs	prism_collection/GSE264667	prism_collection/GSE264667/chunk_0018	chunk	chunk_0018	18	5000	7632	unknown					scRNA-seq	unknown	CRISPR	unknown	unknown	unknown	True	True	False	False	triplet-integrity-ok	2	original	jkobject:GCjqQtGwPzkY	jkobject:GCjqQtGwPzkY	additions	20260624-shared-var	metadata-only collection manifest; use obs->X->var links for payload resolution	shared_exact_hash	prism_collection/GSE264667/var.h5ad	vTy0IjSCdnkIragR0002	FbPaCqlyAS-pyXJPEySj3g	prism_collection/GSE264667
prism_collection/GSE264667	GSE264667	PRISM	pveuFXmgSDf7Gs3Y0000	prism_collection/GSE264667/chunk_0019/obs.parquet	canonical_obs	prism_collection/GSE264667	prism_collection/GSE264667/chunk_0019	chunk	chunk_0019	19	5000	7632	unknown					scRNA-seq	unknown	CRISPR	unknown	unknown	unknown	True	True	False	False	triplet-integrity-ok	2	original	jkobject:GCjqQtGwPzkY	jkobject:GCjqQtGwPzkY	additions	20260624-shared-var	metadata-only collection manifest; use obs->X->var links for payload resolution	shared_exact_hash	prism_collection/GSE264667/var.h5ad	vTy0IjSCdnkIragR0002	FbPaCqlyAS-pyXJPEySj3g	prism_collection/GSE264667
prism_collection/GSE264667	GSE264667	PRISM	dwew0jl6REEh6Jjw0000	prism_collection/GSE264667/chunk_0020/obs.parquet	canonical_obs	prism_collection/GSE264667	prism_collection/GSE264667/chunk_0020	chunk	chunk_0020	20	5000	7632	unknown					scRNA-seq	unknown	CRISPR	unknown	unknown	unknown	True	True	False	False	triplet-integrity-ok	2	original	jkobject:GCjqQtGwPzkY	jkobject:GCjqQtGwPzkY	additions	20260624-shared-var	metadata-only collection manifest; use obs->X->var links for payload resolution	shared_exact_hash	prism_collection/GSE264667/var.h5ad	vTy0IjSCdnkIragR0002	FbPaCqlyAS-pyXJPEySj3g	prism_collection/GSE264667
prism_collection/GSE264667	GSE264667	PRISM	91vSRjPVgrbtzmZT0000	prism_collection/GSE264667/chunk_0021/obs.parquet	canonical_obs	prism_collection/GSE264667	prism_collection/GSE264667/chunk_0021	chunk	chunk_0021	21	5000	7632	unknown					scRNA-seq	unknown	CRISPR	unknown	unknown	unknown	True	True	False	False	triplet-integrity-ok	2	original	jkobject:GCjqQtGwPzkY	jkobject:GCjqQtGwPzkY	additions	20260624-shared-var	metadata-only collection manifest; use obs->X->var links for payload resolution	shared_exact_hash	prism_collection/GSE264667/var.h5ad	vTy0IjSCdnkIragR0002	FbPaCqlyAS-pyXJPEySj3g	prism_collection/GSE264667
prism_collection/GSE264667	GSE264667	PRISM	yMyAJOlw9Yo3L8KT0000	prism_collection/GSE264667/chunk_0022/obs.parquet	canonical_obs	prism_collection/GSE264667	prism_collection/GSE264667/chunk_0022	chunk	chunk_0022	22	5000	7632	unknown					scRNA-seq	unknown	CRISPR	unknown	unknown	unknown	True	True	False	False	triplet-integrity-ok	2	original	jkobject:GCjqQtGwPzkY	jkobject:GCjqQtGwPzkY	additions	20260624-shared-var	metadata-only collection manifest; use obs->X->var links for payload resolution	shared_exact_hash	prism_collection/GSE264667/var.h5ad	vTy0IjSCdnkIragR0002	FbPaCqlyAS-pyXJPEySj3g	prism_collection/GSE264667
prism_collection/GSE264667	GSE264667	PRISM	SeYDPcs2nGqx4Bht0000	prism_collection/GSE264667/chunk_0023/obs.parquet	canonical_obs	prism_collection/GSE264667	prism_collection/GSE264667/chunk_0023	chunk	chunk_0023	23	5000	7632	unknown					scRNA-seq	unknown	CRISPR	unknown	unknown	unknown	True	True	False	False	triplet-integrity-ok	2	original	jkobject:GCjqQtGwPzkY	jkobject:GCjqQtGwPzkY	additions	20260624-shared-var	metadata-only collection manifest; use obs->X->var links for payload resolution	shared_exact_hash	prism_collection/GSE264667/var.h5ad	vTy0IjSCdnkIragR0002	FbPaCqlyAS-pyXJPEySj3g	prism_collection/GSE264667
prism_collection/GSE264667	GSE264667	PRISM	kjlFFCrfYEl2jEzr0000	prism_collection/GSE264667/chunk_0024/obs.parquet	canonical_obs	prism_collection/GSE264667	prism_collection/GSE264667/chunk_0024	chunk	chunk_0024	24	5000	7632	unknown					scRNA-seq	unknown	CRISPR	unknown	unknown	unknown	True	True	False	False	triplet-integrity-ok	2	original	jkobject:GCjqQtGwPzkY	jkobject:GCjqQtGwPzkY	additions	20260624-shared-var	metadata-only collection manifest; use obs->X->var links for payload resolution	shared_exact_hash	prism_collection/GSE264667/var.h5ad	vTy0IjSCdnkIragR0002	FbPaCqlyAS-pyXJPEySj3g	prism_collection/GSE264667
prism_collection/GSE264667	GSE264667	PRISM	UEwKmDnibRNBQ9b00000	prism_collection/GSE264667/chunk_0025/obs.parquet	canonical_obs	prism_collection/GSE264667	prism_collection/GSE264667/chunk_0025	chunk	chunk_0025	25	5000	7632	unknown					scRNA-seq	unknown	CRISPR	unknown	unknown	unknown	True	True	False	False	triplet-integrity-ok	2	original	jkobject:GCjqQtGwPzkY	jkobject:GCjqQtGwPzkY	additions	20260624-shared-var	metadata-only collection manifest; use obs->X->var links for payload resolution	shared_exact_hash	prism_collection/GSE264667/var.h5ad	vTy0IjSCdnkIragR0002	FbPaCqlyAS-pyXJPEySj3g	prism_collection/GSE264667
prism_collection/GSE264667	GSE264667	PRISM	oA7FJMumBHxGMxXc0000	prism_collection/GSE264667/chunk_0026/obs.parquet	canonical_obs	prism_collection/GSE264667	prism_collection/GSE264667/chunk_0026	chunk	chunk_0026	26	5000	7632	unknown					scRNA-seq	unknown	CRISPR	unknown	unknown	unknown	True	True	False	False	triplet-integrity-ok	2	original	jkobject:GCjqQtGwPzkY	jkobject:GCjqQtGwPzkY	additions	20260624-shared-var	metadata-only collection manifest; use obs->X->var links for payload resolution	shared_exact_hash	prism_collection/GSE264667/var.h5ad	vTy0IjSCdnkIragR0002	FbPaCqlyAS-pyXJPEySj3g	prism_collection/GSE264667
prism_collection/GSE264667	GSE264667	PRISM	pJf0hBdAtul7yf9l0000	prism_collection/GSE264667/chunk_0027/obs.parquet	canonical_obs	prism_collection/GSE264667	prism_collection/GSE264667/chunk_0027	chunk	chunk_0027	27	5000	7632	unknown					scRNA-seq	unknown	CRISPR	unknown	unknown	unknown	True	True	False	False	triplet-integrity-ok	2	original	jkobject:GCjqQtGwPzkY	jkobject:GCjqQtGwPzkY	additions	20260624-shared-var	metadata-only collection manifest; use obs->X->var links for payload resolution	shared_exact_hash	prism_collection/GSE264667/var.h5ad	vTy0IjSCdnkIragR0002	FbPaCqlyAS-pyXJPEySj3g	prism_collection/GSE264667
prism_collection/GSE264667	GSE264667	PRISM	4wLbzF6BDK9eQyNO0000	prism_collection/GSE264667/chunk_0028/obs.parquet	canonical_obs	prism_collection/GSE264667	prism_collection/GSE264667/chunk_0028	chunk	chunk_0028	28	5000	7632	unknown					scRNA-seq	unknown	CRISPR	unknown	unknown	unknown	True	True	False	False	triplet-integrity-ok	2	original	jkobject:GCjqQtGwPzkY	jkobject:GCjqQtGwPzkY	additions	20260624-shared-var	metadata-only collection manifest; use obs->X->var links for payload resolution	shared_exact_hash	prism_collection/GSE264667/var.h5ad	vTy0IjSCdnkIragR0002	FbPaCqlyAS-pyXJPEySj3g	prism_collection/GSE264667
prism_collection/GSE264667	GSE264667	PRISM	XMrUJV9kRMasKKBB0000	prism_collection/GSE264667/chunk_0029/obs.parquet	canonical_obs	prism_collection/GSE264667	prism_collection/GSE264667/chunk_0029	chunk	chunk_0029	29	5000	7632	unknown					scRNA-seq	unknown	CRISPR	unknown	unknown	unknown	True	True	True	False	triplet-integrity-ok	2	original	jkobject:GCjqQtGwPzkY	jkobject:GCjqQtGwPzkY	additions	20260624-shared-var	metadata-only collection manifest; use obs->X->var links for payload resolution	shared_exact_hash	prism_collection/GSE264667/var.h5ad	vTy0IjSCdnkIragR0002	FbPaCqlyAS-pyXJPEySj3g	prism_collection/GSE264667
prism_collection/GSE264667	GSE264667	PRISM	uHxuauqR1HRDLOR50000	prism_collection/GSE264667/chunk_0030/obs.parquet	canonical_obs	prism_collection/GSE264667	prism_collection/GSE264667/chunk_0030	chunk	chunk_0030	30	5000	7632	unknown					scRNA-seq	unknown	CRISPR	unknown	unknown	unknown	True	True	False	False	triplet-integrity-ok	2	original	jkobject:GCjqQtGwPzkY	jkobject:GCjqQtGwPzkY	additions	20260624-shared-var	metadata-only collection manifest; use obs->X->var links for payload resolution	shared_exact_hash	prism_collection/GSE264667/var.h5ad	vTy0IjSCdnkIragR0002	FbPaCqlyAS-pyXJPEySj3g	prism_collection/GSE264667
prism_collection/GSE264667	GSE264667	PRISM	YR5euVLaAHbsllts0000	prism_collection/GSE264667/chunk_0031/obs.parquet	canonical_obs	prism_collection/GSE264667	prism_collection/GSE264667/chunk_0031	chunk	chunk_0031	31	5000	7632	unknown					scRNA-seq	unknown	CRISPR	unknown	unknown	unknown	True	True	False	False	triplet-integrity-ok	2	original	jkobject:GCjqQtGwPzkY	jkobject:GCjqQtGwPzkY	additions	20260624-shared-var	metadata-only collection manifest; use obs->X->var links for payload resolution	shared_exact_hash	prism_collection/GSE264667/var.h5ad	vTy0IjSCdnkIragR0002	FbPaCqlyAS-pyXJPEySj3g	prism_collection/GSE264667
prism_collection/GSE264667	GSE264667	PRISM	bpPdZ2I77HnXBXDI0000	prism_collection/GSE264667/chunk_0032/obs.parquet	canonical_obs	prism_collection/GSE264667	prism_collection/GSE264667/chunk_0032	chunk	chunk_0032	32	5000	7632	unknown					scRNA-seq	unknown	CRISPR	unknown	unknown	unknown	True	True	False	False	triplet-integrity-ok	2	original	jkobject:GCjqQtGwPzkY	jkobject:GCjqQtGwPzkY	additions	20260624-shared-var	metadata-only collection manifest; use obs->X->var links for payload resolution	shared_exact_hash	prism_collection/GSE264667/var.h5ad	vTy0IjSCdnkIragR0002	FbPaCqlyAS-pyXJPEySj3g	prism_collection/GSE264667
prism_collection/GSE264667	GSE264667	PRISM	EzzXWaaMoX4BWmjX0000	prism_collection/GSE264667/chunk_0033/obs.parquet	canonical_obs	prism_collection/GSE264667	prism_collection/GSE264667/chunk_0033	chunk	chunk_0033	33	5000	7632	unknown					scRNA-seq	unknown	CRISPR	unknown	unknown	unknown	True	True	False	False	triplet-integrity-ok	2	original	jkobject:GCjqQtGwPzkY	jkobject:GCjqQtGwPzkY	additions	20260624-shared-var	metadata-only collection manifest; use obs->X->var links for payload resolution	shared_exact_hash	prism_collection/GSE264667/var.h5ad	vTy0IjSCdnkIragR0002	FbPaCqlyAS-pyXJPEySj3g	prism_collection/GSE264667
prism_collection/GSE264667	GSE264667	PRISM	PcRTmbau75k5NeaZ0000	prism_collection/GSE264667/chunk_0034/obs.parquet	canonical_obs	prism_collection/GSE264667	prism_collection/GSE264667/chunk_0034	chunk	chunk_0034	34	5000	7632	unknown					scRNA-seq	unknown	CRISPR	unknown	unknown	unknown	True	True	False	False	triplet-integrity-ok	2	original	jkobject:GCjqQtGwPzkY	jkobject:GCjqQtGwPzkY	additions	20260624-shared-var	metadata-only collection manifest; use obs->X->var links for payload resolution	shared_exact_hash	prism_collection/GSE264667/var.h5ad	vTy0IjSCdnkIragR0002	FbPaCqlyAS-pyXJPEySj3g	prism_collection/GSE264667
prism_collection/GSE264667	GSE264667	PRISM	279rOL55FvH2xePn0000	prism_collection/GSE264667/chunk_0035/obs.parquet	canonical_obs	prism_collection/GSE264667	prism_collection/GSE264667/chunk_0035	chunk	chunk_0035	35	5000	7632	unknown					scRNA-seq	unknown	CRISPR	unknown	unknown	unknown	True	True	False	False	triplet-integrity-ok	2	original	jkobject:GCjqQtGwPzkY	jkobject:GCjqQtGwPzkY	additions	20260624-shared-var	metadata-only collection manifest; use obs->X->var links for payload resolution	shared_exact_hash	prism_collection/GSE264667/var.h5ad	vTy0IjSCdnkIragR0002	FbPaCqlyAS-pyXJPEySj3g	prism_collection/GSE264667
prism_collection/GSE264667	GSE264667	PRISM	PVytcZh1G19OTfCv0000	prism_collection/GSE264667/chunk_0036/obs.parquet	canonical_obs	prism_collection/GSE264667	prism_collection/GSE264667/chunk_0036	chunk	chunk_0036	36	5000	7632	unknown					scRNA-seq	unknown	CRISPR	unknown	unknown	unknown	True	True	False	False	triplet-integrity-ok	2	original	jkobject:GCjqQtGwPzkY	jkobject:GCjqQtGwPzkY	additions	20260624-shared-var	metadata-only collection manifest; use obs->X->var links for payload resolution	shared_exact_hash	prism_collection/GSE264667/var.h5ad	vTy0IjSCdnkIragR0002	FbPaCqlyAS-pyXJPEySj3g	prism_collection/GSE264667
prism_collection/GSE264667	GSE264667	PRISM	mPzDj3JFg3sEF77j0000	prism_collection/GSE264667/chunk_0037/obs.parquet	canonical_obs	prism_collection/GSE264667	prism_collection/GSE264667/chunk_0037	chunk	chunk_0037	37	5000	7632	unknown					scRNA-seq	unknown	CRISPR	unknown	unknown	unknown	True	True	False	False	triplet-integrity-ok	2	original	jkobject:GCjqQtGwPzkY	jkobject:GCjqQtGwPzkY	additions	20260624-shared-var	metadata-only collection manifest; use obs->X->var links for payload resolution	shared_exact_hash	prism_collection/GSE264667/var.h5ad	vTy0IjSCdnkIragR0002	FbPaCqlyAS-pyXJPEySj3g	prism_collection/GSE264667
prism_collection/GSE264667	GSE264667	PRISM	42GPaEI2esein7yh0000	prism_collection/GSE264667/chunk_0038/obs.parquet	canonical_obs	prism_collection/GSE264667	prism_collection/GSE264667/chunk_0038	chunk	chunk_0038	38	5000	7632	unknown					scRNA-seq	unknown	CRISPR	unknown	unknown	unknown	True	True	False	False	triplet-integrity-ok	2	original	jkobject:GCjqQtGwPzkY	jkobject:GCjqQtGwPzkY	additions	20260624-shared-var	metadata-only collection manifest; use obs->X->var links for payload resolution	shared_exact_hash	prism_collection/GSE264667/var.h5ad	vTy0IjSCdnkIragR0002	FbPaCqlyAS-pyXJPEySj3g	prism_collection/GSE264667
prism_collection/GSE264667	GSE264667	PRISM	cF2bstA2KKBXAMBy0000	prism_collection/GSE264667/chunk_0039/obs.parquet	canonical_obs	prism_collection/GSE264667	prism_collection/GSE264667/chunk_0039	chunk	chunk_0039	39	5000	7632	unknown					scRNA-seq	unknown	CRISPR	unknown	unknown	unknown	True	True	False	False	triplet-integrity-ok	2	original	jkobject:GCjqQtGwPzkY	jkobject:GCjqQtGwPzkY	additions	20260624-shared-var	metadata-only collection manifest; use obs->X->var links for payload resolution	shared_exact_hash	prism_collection/GSE264667/var.h5ad	vTy0IjSCdnkIragR0002	FbPaCqlyAS-pyXJPEySj3g	prism_collection/GSE264667
prism_collection/GSE264667	GSE264667	PRISM	0ZkZXh8fpI5TN7TJ0000	prism_collection/GSE264667/chunk_0040/obs.parquet	canonical_obs	prism_collection/GSE264667	prism_collection/GSE264667/chunk_0040	chunk	chunk_0040	40	5000	7632	unknown					scRNA-seq	unknown	CRISPR	unknown	unknown	unknown	True	True	False	False	triplet-integrity-ok	2	original	jkobject:GCjqQtGwPzkY	jkobject:GCjqQtGwPzkY	additions	20260624-shared-var	metadata-only collection manifest; use obs->X->var links for payload resolution	shared_exact_hash	prism_collection/GSE264667/var.h5ad	vTy0IjSCdnkIragR0002	FbPaCqlyAS-pyXJPEySj3g	prism_collection/GSE264667
prism_collection/GSE264667	GSE264667	PRISM	svsVltycSXE0QJ640000	prism_collection/GSE264667/chunk_0041/obs.parquet	canonical_obs	prism_collection/GSE264667	prism_collection/GSE264667/chunk_0041	chunk	chunk_0041	41	5000	7632	unknown					scRNA-seq	unknown	CRISPR	unknown	unknown	unknown	True	True	False	False	triplet-integrity-ok	2	original	jkobject:GCjqQtGwPzkY	jkobject:GCjqQtGwPzkY	additions	20260624-shared-var	metadata-only collection manifest; use obs->X->var links for payload resolution	shared_exact_hash	prism_collection/GSE264667/var.h5ad	vTy0IjSCdnkIragR0002	FbPaCqlyAS-pyXJPEySj3g	prism_collection/GSE264667
prism_collection/GSE264667	GSE264667	PRISM	V9cLkciJDgdp2drk0000	prism_collection/GSE264667/chunk_0042/obs.parquet	canonical_obs	prism_collection/GSE264667	prism_collection/GSE264667/chunk_0042	chunk	chunk_0042	42	5000	7632	unknown					scRNA-seq	unknown	CRISPR	unknown	unknown	unknown	True	True	False	False	triplet-integrity-ok	2	original	jkobject:GCjqQtGwPzkY	jkobject:GCjqQtGwPzkY	additions	20260624-shared-var	metadata-only collection manifest; use obs->X->var links for payload resolution	shared_exact_hash	prism_collection/GSE264667/var.h5ad	vTy0IjSCdnkIragR0002	FbPaCqlyAS-pyXJPEySj3g	prism_collection/GSE264667
prism_collection/GSE264667	GSE264667	PRISM	xI8Xl7Uq1zNmtkl20000	prism_collection/GSE264667/chunk_0043/obs.parquet	canonical_obs	prism_collection/GSE264667	prism_collection/GSE264667/chunk_0043	chunk	chunk_0043	43	5000	7632	unknown					scRNA-seq	unknown	CRISPR	unknown	unknown	unknown	True	True	False	False	triplet-integrity-ok	2	original	jkobject:GCjqQtGwPzkY	jkobject:GCjqQtGwPzkY	additions	20260624-shared-var	metadata-only collection manifest; use obs->X->var links for payload resolution	shared_exact_hash	prism_collection/GSE264667/var.h5ad	vTy0IjSCdnkIragR0002	FbPaCqlyAS-pyXJPEySj3g	prism_collection/GSE264667
prism_collection/GSE264667	GSE264667	PRISM	1cLmWXIdKPcvErJN0000	prism_collection/GSE264667/chunk_0044/obs.parquet	canonical_obs	prism_collection/GSE264667	prism_collection/GSE264667/chunk_0044	chunk	chunk_0044	44	5000	7632	unknown					scRNA-seq	unknown	CRISPR	unknown	unknown	unknown	True	True	False	False	triplet-integrity-ok	2	original	jkobject:GCjqQtGwPzkY	jkobject:GCjqQtGwPzkY	additions	20260624-shared-var	metadata-only collection manifest; use obs->X->var links for payload resolution	shared_exact_hash	prism_collection/GSE264667/var.h5ad	vTy0IjSCdnkIragR0002	FbPaCqlyAS-pyXJPEySj3g	prism_collection/GSE264667
prism_collection/GSE264667	GSE264667	PRISM	lcUUbdaRH9uXVMFo0000	prism_collection/GSE264667/chunk_0045/obs.parquet	canonical_obs	prism_collection/GSE264667	prism_collection/GSE264667/chunk_0045	chunk	chunk_0045	45	5000	7632	unknown					scRNA-seq	unknown	CRISPR	unknown	unknown	unknown	True	True	False	False	triplet-integrity-ok	2	original	jkobject:GCjqQtGwPzkY	jkobject:GCjqQtGwPzkY	additions	20260624-shared-var	metadata-only collection manifest; use obs->X->var links for payload resolution	shared_exact_hash	prism_collection/GSE264667/var.h5ad	vTy0IjSCdnkIragR0002	FbPaCqlyAS-pyXJPEySj3g	prism_collection/GSE264667
prism_collection/GSE264667	GSE264667	PRISM	MZQP79M4lIHSAwsZ0000	prism_collection/GSE264667/chunk_0046/obs.parquet	canonical_obs	prism_collection/GSE264667	prism_collection/GSE264667/chunk_0046	chunk	chunk_0046	46	5000	7632	unknown					scRNA-seq	unknown	CRISPR	unknown	unknown	unknown	True	True	False	False	triplet-integrity-ok	2	original	jkobject:GCjqQtGwPzkY	jkobject:GCjqQtGwPzkY	additions	20260624-shared-var	metadata-only collection manifest; use obs->X->var links for payload resolution	shared_exact_hash	prism_collection/GSE264667/var.h5ad	vTy0IjSCdnkIragR0002	FbPaCqlyAS-pyXJPEySj3g	prism_collection/GSE264667
prism_collection/GSE264667	GSE264667	PRISM	jIRTLdtbalDIgzY00000	prism_collection/GSE264667/chunk_0047/obs.parquet	canonical_obs	prism_collection/GSE264667	prism_collection/GSE264667/chunk_0047	chunk	chunk_0047	47	5000	7632	unknown					scRNA-seq	unknown	CRISPR	unknown	unknown	unknown	True	True	False	False	triplet-integrity-ok	2	original	jkobject:GCjqQtGwPzkY	jkobject:GCjqQtGwPzkY	additions	20260624-shared-var	metadata-only collection manifest; use obs->X->var links for payload resolution	shared_exact_hash	prism_collection/GSE264667/var.h5ad	vTy0IjSCdnkIragR0002	FbPaCqlyAS-pyXJPEySj3g	prism_collection/GSE264667
prism_collection/GSE264667	GSE264667	PRISM	Mb1PhHw3vwhGYBlw0000	prism_collection/GSE264667/chunk_0048/obs.parquet	canonical_obs	prism_collection/GSE264667	prism_collection/GSE264667/chunk_0048	chunk	chunk_0048	48	5000	7632	unknown					scRNA-seq	unknown	CRISPR	unknown	unknown	unknown	True	True	False	False	triplet-integrity-ok	2	original	jkobject:GCjqQtGwPzkY	jkobject:GCjqQtGwPzkY	additions	20260624-shared-var	metadata-only collection manifest; use obs->X->var links for payload resolution	shared_exact_hash	prism_collection/GSE264667/var.h5ad	vTy0IjSCdnkIragR0002	FbPaCqlyAS-pyXJPEySj3g	prism_collection/GSE264667
prism_collection/GSE264667	GSE264667	PRISM	4b5X788FpPx0xAWl0000	prism_collection/GSE264667/chunk_0049/obs.parquet	canonical_obs	prism_collection/GSE264667	prism_collection/GSE264667/chunk_0049	chunk	chunk_0049	49	5000	7632	unknown					scRNA-seq	unknown	CRISPR	unknown	unknown	unknown	True	True	False	False	triplet-integrity-ok	2	original	jkobject:GCjqQtGwPzkY	jkobject:GCjqQtGwPzkY	additions	20260624-shared-var	metadata-only collection manifest; use obs->X->var links for payload resolution	shared_exact_hash	prism_collection/GSE264667/var.h5ad	vTy0IjSCdnkIragR0002	FbPaCqlyAS-pyXJPEySj3g	prism_collection/GSE264667
prism_collection/GSE264667	GSE264667	PRISM	fhmGtnm6MmIsxvrV0000	prism_collection/GSE264667/chunk_0050/obs.parquet	canonical_obs	prism_collection/GSE264667	prism_collection/GSE264667/chunk_0050	chunk	chunk_0050	50	5000	7632	unknown					scRNA-seq	unknown	CRISPR	unknown	unknown	unknown	True	True	False	False	triplet-integrity-ok	2	original	jkobject:GCjqQtGwPzkY	jkobject:GCjqQtGwPzkY	additions	20260624-shared-var	metadata-only collection manifest; use obs->X->var links for payload resolution	shared_exact_hash	prism_collection/GSE264667/var.h5ad	vTy0IjSCdnkIragR0002	FbPaCqlyAS-pyXJPEySj3g	prism_collection/GSE264667
prism_collection/GSE264667	GSE264667	PRISM	n3TAXAVCjcutmnoT0000	prism_collection/GSE264667/chunk_0051/obs.parquet	canonical_obs	prism_collection/GSE264667	prism_collection/GSE264667/chunk_0051	chunk	chunk_0051	51	5000	7632	unknown					scRNA-seq	unknown	CRISPR	unknown	unknown	unknown	True	True	False	False	triplet-integrity-ok	2	original	jkobject:GCjqQtGwPzkY	jkobject:GCjqQtGwPzkY	additions	20260624-shared-var	metadata-only collection manifest; use obs->X->var links for payload resolution	shared_exact_hash	prism_collection/GSE264667/var.h5ad	vTy0IjSCdnkIragR0002	FbPaCqlyAS-pyXJPEySj3g	prism_collection/GSE264667
prism_collection/GSE264667	GSE264667	PRISM	Jgrq55O5TBNdDiYN0000	prism_collection/GSE264667/chunk_0052/obs.parquet	canonical_obs	prism_collection/GSE264667	prism_collection/GSE264667/chunk_0052	chunk	chunk_0052	52	5000	7632	unknown					scRNA-seq	unknown	CRISPR	unknown	unknown	unknown	True	True	False	False	triplet-integrity-ok	2	original	jkobject:GCjqQtGwPzkY	jkobject:GCjqQtGwPzkY	additions	20260624-shared-var	metadata-only collection manifest; use obs->X->var links for payload resolution	shared_exact_hash	prism_collection/GSE264667/var.h5ad	vTy0IjSCdnkIragR0002	FbPaCqlyAS-pyXJPEySj3g	prism_collection/GSE264667
prism_collection/GSE264667	GSE264667	PRISM	RbaCVmG5HjmScY1B0000	prism_collection/GSE264667/chunk_0053/obs.parquet	canonical_obs	prism_collection/GSE264667	prism_collection/GSE264667/chunk_0053	chunk	chunk_0053	53	5000	7632	unknown					scRNA-seq	unknown	CRISPR	unknown	unknown	unknown	True	True	False	False	triplet-integrity-ok	2	original	jkobject:GCjqQtGwPzkY	jkobject:GCjqQtGwPzkY	additions	20260624-shared-var	metadata-only collection manifest; use obs->X->var links for payload resolution	shared_exact_hash	prism_collection/GSE264667/var.h5ad	vTy0IjSCdnkIragR0002	FbPaCqlyAS-pyXJPEySj3g	prism_collection/GSE264667
prism_collection/GSE264667	GSE264667	PRISM	d80ddV6mw4h6281t0000	prism_collection/GSE264667/chunk_0054/obs.parquet	canonical_obs	prism_collection/GSE264667	prism_collection/GSE264667/chunk_0054	chunk	chunk_0054	54	5000	7632	unknown					scRNA-seq	unknown	CRISPR	unknown	unknown	unknown	True	True	False	False	triplet-integrity-ok	2	original	jkobject:GCjqQtGwPzkY	jkobject:GCjqQtGwPzkY	additions	20260624-shared-var	metadata-only collection manifest; use obs->X->var links for payload resolution	shared_exact_hash	prism_collection/GSE264667/var.h5ad	vTy0IjSCdnkIragR0002	FbPaCqlyAS-pyXJPEySj3g	prism_collection/GSE264667
prism_collection/GSE264667	GSE264667	PRISM	a2TshcbzuJi3f48D0000	prism_collection/GSE264667/chunk_0055/obs.parquet	canonical_obs	prism_collection/GSE264667	prism_collection/GSE264667/chunk_0055	chunk	chunk_0055	55	5000	7632	unknown					scRNA-seq	unknown	CRISPR	unknown	unknown	unknown	True	True	False	False	triplet-integrity-ok	2	original	jkobject:GCjqQtGwPzkY	jkobject:GCjqQtGwPzkY	additions	20260624-shared-var	metadata-only collection manifest; use obs->X->var links for payload resolution	shared_exact_hash	prism_collection/GSE264667/var.h5ad	vTy0IjSCdnkIragR0002	FbPaCqlyAS-pyXJPEySj3g	prism_collection/GSE264667
prism_collection/GSE264667	GSE264667	PRISM	qwP7fb6dv2o4g0YV0000	prism_collection/GSE264667/chunk_0056/obs.parquet	canonical_obs	prism_collection/GSE264667	prism_collection/GSE264667/chunk_0056	chunk	chunk_0056	56	5000	7632	unknown					scRNA-seq	unknown	CRISPR	unknown	unknown	unknown	True	True	False	False	triplet-integrity-ok	2	original	jkobject:GCjqQtGwPzkY	jkobject:GCjqQtGwPzkY	additions	20260624-shared-var	metadata-only collection manifest; use obs->X->var links for payload resolution	shared_exact_hash	prism_collection/GSE264667/var.h5ad	vTy0IjSCdnkIragR0002	FbPaCqlyAS-pyXJPEySj3g	prism_collection/GSE264667
prism_collection/GSE264667	GSE264667	PRISM	QQgsMI4cCUxrCVMD0000	prism_collection/GSE264667/chunk_0057/obs.parquet	canonical_obs	prism_collection/GSE264667	prism_collection/GSE264667/chunk_0057	chunk	chunk_0057	57	5000	7632	unknown					scRNA-seq	unknown	CRISPR	unknown	unknown	unknown	True	True	True	False	triplet-integrity-ok	2	original	jkobject:GCjqQtGwPzkY	jkobject:GCjqQtGwPzkY	additions	20260624-shared-var	metadata-only collection manifest; use obs->X->var links for payload resolution	shared_exact_hash	prism_collection/GSE264667/var.h5ad	vTy0IjSCdnkIragR0002	FbPaCqlyAS-pyXJPEySj3g	prism_collection/GSE264667
prism_collection/GSE264667	GSE264667	PRISM	Q6ihHrAL61vMRERt0000	prism_collection/GSE264667/chunk_0058/obs.parquet	canonical_obs	prism_collection/GSE264667	prism_collection/GSE264667/chunk_0058	chunk	chunk_0058	58	5000	7632	unknown					scRNA-seq	unknown	CRISPR	unknown	unknown	unknown	True	True	False	False	triplet-integrity-ok	2	original	jkobject:GCjqQtGwPzkY	jkobject:GCjqQtGwPzkY	additions	20260624-shared-var	metadata-only collection manifest; use obs->X->var links for payload resolution	shared_exact_hash	prism_collection/GSE264667/var.h5ad	vTy0IjSCdnkIragR0002	FbPaCqlyAS-pyXJPEySj3g	prism_collection/GSE264667
prism_collection/GSE264667	GSE264667	PRISM	Ewzky41LDL0Z4zO40000	prism_collection/GSE264667/chunk_0059/obs.parquet	canonical_obs	prism_collection/GSE264667	prism_collection/GSE264667/chunk_0059	chunk	chunk_0059	59	5000	7632	unknown					scRNA-seq	unknown	CRISPR	unknown	unknown	unknown	True	True	False	False	triplet-integrity-ok	2	original	jkobject:GCjqQtGwPzkY	jkobject:GCjqQtGwPzkY	additions	20260624-shared-var	metadata-only collection manifest; use obs->X->var links for payload resolution	shared_exact_hash	prism_collection/GSE264667/var.h5ad	vTy0IjSCdnkIragR0002	FbPaCqlyAS-pyXJPEySj3g	prism_collection/GSE264667
prism_collection/GSE264667	GSE264667	PRISM	VaP5fiVF4NmRgul00000	prism_collection/GSE264667/chunk_0060/obs.parquet	canonical_obs	prism_collection/GSE264667	prism_collection/GSE264667/chunk_0060	chunk	chunk_0060	60	5000	7632	unknown					scRNA-seq	unknown	CRISPR	unknown	unknown	unknown	True	True	False	False	triplet-integrity-ok	2	original	jkobject:GCjqQtGwPzkY	jkobject:GCjqQtGwPzkY	additions	20260624-shared-var	metadata-only collection manifest; use obs->X->var links for payload resolution	shared_exact_hash	prism_collection/GSE264667/var.h5ad	vTy0IjSCdnkIragR0002	FbPaCqlyAS-pyXJPEySj3g	prism_collection/GSE264667
prism_collection/GSE264667	GSE264667	PRISM	fjQv9SctmwE0dHkH0000	prism_collection/GSE264667/chunk_0061/obs.parquet	canonical_obs	prism_collection/GSE264667	prism_collection/GSE264667/chunk_0061	chunk	chunk_0061	61	5000	7632	unknown					scRNA-seq	unknown	CRISPR	unknown	unknown	unknown	True	True	False	False	triplet-integrity-ok	2	original	jkobject:GCjqQtGwPzkY	jkobject:GCjqQtGwPzkY	additions	20260624-shared-var	metadata-only collection manifest; use obs->X->var links for payload resolution	shared_exact_hash	prism_collection/GSE264667/var.h5ad	vTy0IjSCdnkIragR0002	FbPaCqlyAS-pyXJPEySj3g	prism_collection/GSE264667
prism_collection/GSE264667	GSE264667	PRISM	EpYINeIOdaIzXgzY0000	prism_collection/GSE264667/chunk_0062/obs.parquet	canonical_obs	prism_collection/GSE264667	prism_collection/GSE264667/chunk_0062	chunk	chunk_0062	62	5000	7632	unknown					scRNA-seq	unknown	CRISPR	unknown	unknown	unknown	True	True	False	False	triplet-integrity-ok	2	original	jkobject:GCjqQtGwPzkY	jkobject:GCjqQtGwPzkY	additions	20260624-shared-var	metadata-only collection manifest; use obs->X->var links for payload resolution	shared_exact_hash	prism_collection/GSE264667/var.h5ad	vTy0IjSCdnkIragR0002	FbPaCqlyAS-pyXJPEySj3g	prism_collection/GSE264667
prism_collection/GSE264667	GSE264667	PRISM	YdHUcOZ41WrMTDUg0000	prism_collection/GSE264667/chunk_0063/obs.parquet	canonical_obs	prism_collection/GSE264667	prism_collection/GSE264667/chunk_0063	chunk	chunk_0063	63	5000	7632	unknown					scRNA-seq	unknown	CRISPR	unknown	unknown	unknown	True	True	False	False	triplet-integrity-ok	2	original	jkobject:GCjqQtGwPzkY	jkobject:GCjqQtGwPzkY	additions	20260624-shared-var	metadata-only collection manifest; use obs->X->var links for payload resolution	shared_exact_hash	prism_collection/GSE264667/var.h5ad	vTy0IjSCdnkIragR0002	FbPaCqlyAS-pyXJPEySj3g	prism_collection/GSE264667
prism_collection/GSE264667	GSE264667	PRISM	hgPevnrwlFGfQz0W0000	prism_collection/GSE264667/chunk_0064/obs.parquet	canonical_obs	prism_collection/GSE264667	prism_collection/GSE264667/chunk_0064	chunk	chunk_0064	64	5000	7632	unknown					scRNA-seq	unknown	CRISPR	unknown	unknown	unknown	True	True	False	False	triplet-integrity-ok	2	original	jkobject:GCjqQtGwPzkY	jkobject:GCjqQtGwPzkY	additions	20260624-shared-var	metadata-only collection manifest; use obs->X->var links for payload resolution	shared_exact_hash	prism_collection/GSE264667/var.h5ad	vTy0IjSCdnkIragR0002	FbPaCqlyAS-pyXJPEySj3g	prism_collection/GSE264667
prism_collection/GSE264667	GSE264667	PRISM	UJiI6M1MFlU6AqYH0000	prism_collection/GSE264667/chunk_0065/obs.parquet	canonical_obs	prism_collection/GSE264667	prism_collection/GSE264667/chunk_0065	chunk	chunk_0065	65	5000	7632	unknown					scRNA-seq	unknown	CRISPR	unknown	unknown	unknown	True	True	False	False	triplet-integrity-ok	2	original	jkobject:GCjqQtGwPzkY	jkobject:GCjqQtGwPzkY	additions	20260624-shared-var	metadata-only collection manifest; use obs->X->var links for payload resolution	shared_exact_hash	prism_collection/GSE264667/var.h5ad	vTy0IjSCdnkIragR0002	FbPaCqlyAS-pyXJPEySj3g	prism_collection/GSE264667
prism_collection/GSE264667	GSE264667	PRISM	dVJk0RGXLUSRDh6z0000	prism_collection/GSE264667/chunk_0066/obs.parquet	canonical_obs	prism_collection/GSE264667	prism_collection/GSE264667/chunk_0066	chunk	chunk_0066	66	5000	7632	unknown					scRNA-seq	unknown	CRISPR	unknown	unknown	unknown	True	True	False	False	triplet-integrity-ok	2	original	jkobject:GCjqQtGwPzkY	jkobject:GCjqQtGwPzkY	additions	20260624-shared-var	metadata-only collection manifest; use obs->X->var links for payload resolution	shared_exact_hash	prism_collection/GSE264667/var.h5ad	vTy0IjSCdnkIragR0002	FbPaCqlyAS-pyXJPEySj3g	prism_collection/GSE264667
prism_collection/GSE264667	GSE264667	PRISM	9aKeiXInd9MCDO9i0000	prism_collection/GSE264667/chunk_0067/obs.parquet	canonical_obs	prism_collection/GSE264667	prism_collection/GSE264667/chunk_0067	chunk	chunk_0067	67	5000	7632	unknown					scRNA-seq	unknown	CRISPR	unknown	unknown	unknown	True	True	False	False	triplet-integrity-ok	2	original	jkobject:GCjqQtGwPzkY	jkobject:GCjqQtGwPzkY	additions	20260624-shared-var	metadata-only collection manifest; use obs->X->var links for payload resolution	shared_exact_hash	prism_collection/GSE264667/var.h5ad	vTy0IjSCdnkIragR0002	FbPaCqlyAS-pyXJPEySj3g	prism_collection/GSE264667
prism_collection/GSE264667	GSE264667	PRISM	QSAPNb9o5ntcaDzO0000	prism_collection/GSE264667/chunk_0068/obs.parquet	canonical_obs	prism_collection/GSE264667	prism_collection/GSE264667/chunk_0068	chunk	chunk_0068	68	5000	7632	unknown					scRNA-seq	unknown	CRISPR	unknown	unknown	unknown	True	True	False	False	triplet-integrity-ok	2	original	jkobject:GCjqQtGwPzkY	jkobject:GCjqQtGwPzkY	additions	20260624-shared-var	metadata-only collection manifest; use obs->X->var links for payload resolution	shared_exact_hash	prism_collection/GSE264667/var.h5ad	vTy0IjSCdnkIragR0002	FbPaCqlyAS-pyXJPEySj3g	prism_collection/GSE264667
prism_collection/GSE264667	GSE264667	PRISM	o2H1kemd2EOX9ls70000	prism_collection/GSE264667/chunk_0069/obs.parquet	canonical_obs	prism_collection/GSE264667	prism_collection/GSE264667/chunk_0069	chunk	chunk_0069	69	5000	7632	unknown					scRNA-seq	unknown	CRISPR	unknown	unknown	unknown	True	True	False	False	triplet-integrity-ok	2	original	jkobject:GCjqQtGwPzkY	jkobject:GCjqQtGwPzkY	additions	20260624-shared-var	metadata-only collection manifest; use obs->X->var links for payload resolution	shared_exact_hash	prism_collection/GSE264667/var.h5ad	vTy0IjSCdnkIragR0002	FbPaCqlyAS-pyXJPEySj3g	prism_collection/GSE264667
prism_collection/GSE264667	GSE264667	PRISM	sGdv8v3kXtckI4HD0000	prism_collection/GSE264667/chunk_0070/obs.parquet	canonical_obs	prism_collection/GSE264667	prism_collection/GSE264667/chunk_0070	chunk	chunk_0070	70	5000	7632	unknown					scRNA-seq	unknown	CRISPR	unknown	unknown	unknown	True	True	False	False	triplet-integrity-ok	2	original	jkobject:GCjqQtGwPzkY	jkobject:GCjqQtGwPzkY	additions	20260624-shared-var	metadata-only collection manifest; use obs->X->var links for payload resolution	shared_exact_hash	prism_collection/GSE264667/var.h5ad	vTy0IjSCdnkIragR0002	FbPaCqlyAS-pyXJPEySj3g	prism_collection/GSE264667
prism_collection/GSE264667	GSE264667	PRISM	38iIeBmWooLvwD4x0000	prism_collection/GSE264667/chunk_0071/obs.parquet	canonical_obs	prism_collection/GSE264667	prism_collection/GSE264667/chunk_0071	chunk	chunk_0071	71	5000	7632	unknown					scRNA-seq	unknown	CRISPR	unknown	unknown	unknown	True	True	False	False	triplet-integrity-ok	2	original	jkobject:GCjqQtGwPzkY	jkobject:GCjqQtGwPzkY	additions	20260624-shared-var	metadata-only collection manifest; use obs->X->var links for payload resolution	shared_exact_hash	prism_collection/GSE264667/var.h5ad	vTy0IjSCdnkIragR0002	FbPaCqlyAS-pyXJPEySj3g	prism_collection/GSE264667
prism_collection/GSE264667	GSE264667	PRISM	Tf0BUCvTcbOlcVKc0000	prism_collection/GSE264667/chunk_0072/obs.parquet	canonical_obs	prism_collection/GSE264667	prism_collection/GSE264667/chunk_0072	chunk	chunk_0072	72	5000	7632	unknown					scRNA-seq	unknown	CRISPR	unknown	unknown	unknown	True	True	False	False	triplet-integrity-ok	2	original	jkobject:GCjqQtGwPzkY	jkobject:GCjqQtGwPzkY	additions	20260624-shared-var	metadata-only collection manifest; use obs->X->var links for payload resolution	shared_exact_hash	prism_collection/GSE264667/var.h5ad	vTy0IjSCdnkIragR0002	FbPaCqlyAS-pyXJPEySj3g	prism_collection/GSE264667
prism_collection/GSE264667	GSE264667	PRISM	BgZssKLz0NIvDXJU0000	prism_collection/GSE264667/chunk_0073/obs.parquet	canonical_obs	prism_collection/GSE264667	prism_collection/GSE264667/chunk_0073	chunk	chunk_0073	73	5000	7632	unknown					scRNA-seq	unknown	CRISPR	unknown	unknown	unknown	True	True	False	False	triplet-integrity-ok	2	original	jkobject:GCjqQtGwPzkY	jkobject:GCjqQtGwPzkY	additions	20260624-shared-var	metadata-only collection manifest; use obs->X->var links for payload resolution	shared_exact_hash	prism_collection/GSE264667/var.h5ad	vTy0IjSCdnkIragR0002	FbPaCqlyAS-pyXJPEySj3g	prism_collection/GSE264667
prism_collection/GSE264667	GSE264667	PRISM	13Z4UYf5uLAQxSfZ0000	prism_collection/GSE264667/chunk_0074/obs.parquet	canonical_obs	prism_collection/GSE264667	prism_collection/GSE264667/chunk_0074	chunk	chunk_0074	74	5000	7632	unknown					scRNA-seq	unknown	CRISPR	unknown	unknown	unknown	True	True	False	False	triplet-integrity-ok	2	original	jkobject:GCjqQtGwPzkY	jkobject:GCjqQtGwPzkY	additions	20260624-shared-var	metadata-only collection manifest; use obs->X->var links for payload resolution	shared_exact_hash	prism_collection/GSE264667/var.h5ad	vTy0IjSCdnkIragR0002	FbPaCqlyAS-pyXJPEySj3g	prism_collection/GSE264667
prism_collection/GSE264667	GSE264667	PRISM	vrPjxYvj9ZrcNlbF0000	prism_collection/GSE264667/chunk_0075/obs.parquet	canonical_obs	prism_collection/GSE264667	prism_collection/GSE264667/chunk_0075	chunk	chunk_0075	75	5000	7632	unknown					scRNA-seq	unknown	CRISPR	unknown	unknown	unknown	True	True	False	False	triplet-integrity-ok	2	original	jkobject:GCjqQtGwPzkY	jkobject:GCjqQtGwPzkY	additions	20260624-shared-var	metadata-only collection manifest; use obs->X->var links for payload resolution	shared_exact_hash	prism_collection/GSE264667/var.h5ad	vTy0IjSCdnkIragR0002	FbPaCqlyAS-pyXJPEySj3g	prism_collection/GSE264667
prism_collection/GSE264667	GSE264667	PRISM	Uz5lHrP8RWwifRHt0000	prism_collection/GSE264667/chunk_0076/obs.parquet	canonical_obs	prism_collection/GSE264667	prism_collection/GSE264667/chunk_0076	chunk	chunk_0076	76	5000	7632	unknown					scRNA-seq	unknown	CRISPR	unknown	unknown	unknown	True	True	False	False	triplet-integrity-ok	2	original	jkobject:GCjqQtGwPzkY	jkobject:GCjqQtGwPzkY	additions	20260624-shared-var	metadata-only collection manifest; use obs->X->var links for payload resolution	shared_exact_hash	prism_collection/GSE264667/var.h5ad	vTy0IjSCdnkIragR0002	FbPaCqlyAS-pyXJPEySj3g	prism_collection/GSE264667
prism_collection/GSE264667	GSE264667	PRISM	efo2to4u6q3YnW8E0000	prism_collection/GSE264667/chunk_0077/obs.parquet	canonical_obs	prism_collection/GSE264667	prism_collection/GSE264667/chunk_0077	chunk	chunk_0077	77	5000	7632	unknown					scRNA-seq	unknown	CRISPR	unknown	unknown	unknown	True	True	False	False	triplet-integrity-ok	2	original	jkobject:GCjqQtGwPzkY	jkobject:GCjqQtGwPzkY	additions	20260624-shared-var	metadata-only collection manifest; use obs->X->var links for payload resolution	shared_exact_hash	prism_collection/GSE264667/var.h5ad	vTy0IjSCdnkIragR0002	FbPaCqlyAS-pyXJPEySj3g	prism_collection/GSE264667
prism_collection/GSE264667	GSE264667	PRISM	sUiuOZHzCxOwv7N20000	prism_collection/GSE264667/chunk_0078/obs.parquet	canonical_obs	prism_collection/GSE264667	prism_collection/GSE264667/chunk_0078	chunk	chunk_0078	78	5000	7632	unknown					scRNA-seq	unknown	CRISPR	unknown	unknown	unknown	True	True	False	False	triplet-integrity-ok	2	original	jkobject:GCjqQtGwPzkY	jkobject:GCjqQtGwPzkY	additions	20260624-shared-var	metadata-only collection manifest; use obs->X->var links for payload resolution	shared_exact_hash	prism_collection/GSE264667/var.h5ad	vTy0IjSCdnkIragR0002	FbPaCqlyAS-pyXJPEySj3g	prism_collection/GSE264667
prism_collection/GSE264667	GSE264667	PRISM	KjCe2pE0K5WPOBOq0000	prism_collection/GSE264667/chunk_0079/obs.parquet	canonical_obs	prism_collection/GSE264667	prism_collection/GSE264667/chunk_0079	chunk	chunk_0079	79	5000	7632	unknown					scRNA-seq	unknown	CRISPR	unknown	unknown	unknown	True	True	False	False	triplet-integrity-ok	2	original	jkobject:GCjqQtGwPzkY	jkobject:GCjqQtGwPzkY	additions	20260624-shared-var	metadata-only collection manifest; use obs->X->var links for payload resolution	shared_exact_hash	prism_collection/GSE264667/var.h5ad	vTy0IjSCdnkIragR0002	FbPaCqlyAS-pyXJPEySj3g	prism_collection/GSE264667
prism_collection/GSE264667	GSE264667	PRISM	LMHckFXq9D0aMhga0000	prism_collection/GSE264667/chunk_0080/obs.parquet	canonical_obs	prism_collection/GSE264667	prism_collection/GSE264667/chunk_0080	chunk	chunk_0080	80	5000	7632	unknown					scRNA-seq	unknown	CRISPR	unknown	unknown	unknown	True	True	False	False	triplet-integrity-ok	2	original	jkobject:GCjqQtGwPzkY	jkobject:GCjqQtGwPzkY	additions	20260624-shared-var	metadata-only collection manifest; use obs->X->var links for payload resolution	shared_exact_hash	prism_collection/GSE264667/var.h5ad	vTy0IjSCdnkIragR0002	FbPaCqlyAS-pyXJPEySj3g	prism_collection/GSE264667
prism_collection/GSE264667	GSE264667	PRISM	gZeowFxHnu7TIyau0000	prism_collection/GSE264667/chunk_0081/obs.parquet	canonical_obs	prism_collection/GSE264667	prism_collection/GSE264667/chunk_0081	chunk	chunk_0081	81	3429	7632	unknown					scRNA-seq	unknown	CRISPR	unknown	unknown	unknown	True	True	False	False	triplet-integrity-ok	2	original	jkobject:GCjqQtGwPzkY	jkobject:GCjqQtGwPzkY	additions	20260624-shared-var	metadata-only collection manifest; use obs->X->var links for payload resolution	shared_exact_hash	prism_collection/GSE264667/var.h5ad	vTy0IjSCdnkIragR0002	FbPaCqlyAS-pyXJPEySj3g	prism_collection/GSE264667
prism_collection/GSE90063_mouse	GSE90063_mouse	PRISM	XlPda1kuyPxWSZVr0000	prism_collection/GSE90063_mouse/obs.parquet	canonical_obs	prism_collection/GSE90063_mouse	prism_collection/GSE90063_mouse	none			65840	16564	unknown					scRNA-seq	unknown	CRISPR	unknown	unknown	unknown	True	True	False	True	triplet-integrity-ok	2	original	jkobject:GCjqQtGwPzkY	jkobject:GCjqQtGwPzkY	additions	20260624-shared-var	metadata-only collection manifest; use obs->X->var links for payload resolution	same_prefix	prism_collection/GSE90063_mouse/var.parquet			
sanger_dual_guide_crc/mapping_counts	mapping_counts	Sanger	O8kU82xrzfY7oR5s0000	sanger_dual_guide_crc/mapping_counts/obs.parquet	canonical_obs	sanger_dual_guide_crc/mapping_counts	sanger_dual_guide_crc/mapping_counts	none			2081431	1	unknown					genetic_screen_counts	dual-guide mapping counts	CRISPR	unknown	unknown	unknown	True	True	False	True	triplet-integrity-ok	2	original	jkobject:GCjqQtGwPzkY	jkobject:GCjqQtGwPzkY	additions	20260624-shared-var	metadata-only collection manifest; use obs->X->var links for payload resolution	same_prefix	sanger_dual_guide_crc/mapping_counts/var.parquet			
sanger_gdsc/gdsc1	gdsc1	Sanger	nLNxKDfjjALYP6Ga0000	sanger_gdsc/gdsc1/obs.parquet	canonical_obs	sanger_gdsc/gdsc1	sanger_gdsc/gdsc1	none			334131		unknown					drug_response	GDSC drug sensitivity	drug	unknown	unknown	unknown	True	True	False	True	triplet-integrity-ok	2	original	jkobject:GCjqQtGwPzkY	jkobject:GCjqQtGwPzkY	additions	20260624-shared-var	metadata-only collection manifest; use obs->X->var links for payload resolution	same_prefix	sanger_gdsc/gdsc1/var.parquet			
sanger_gdsc/gdsc2	gdsc2	Sanger	5Yr6dUZmPLAc56IV0000	sanger_gdsc/gdsc2/obs.parquet	canonical_obs	sanger_gdsc/gdsc2	sanger_gdsc/gdsc2	none			243005		unknown					drug_response	GDSC drug sensitivity	drug	unknown	unknown	unknown	True	True	True	True	triplet-integrity-ok	2	original	jkobject:GCjqQtGwPzkY	jkobject:GCjqQtGwPzkY	additions	20260624-shared-var	metadata-only collection manifest; use obs->X->var links for payload resolution	same_prefix	sanger_gdsc/gdsc2/var.parquet			
sanger_score_crispr		Sanger	2LizFDobdiflPEs90000	sanger_score_crispr/obs.parquet	canonical_obs	sanger_score_crispr	sanger_score_crispr	none			1107	17645	unknown					essentiality	CRISPR essentiality screen	CRISPR	unknown	unknown	unknown	True	True	False	True	triplet-integrity-ok	2	original	jkobject:GCjqQtGwPzkY	jkobject:GCjqQtGwPzkY	additions	20260624-shared-var	metadata-only collection manifest; use obs->X->var links for payload resolution	same_prefix	sanger_score_crispr/var.parquet			
scperturb/adamson16_GSM2406675_10X001	adamson16_GSM2406675_10X001	scPerturb	DpXjkZY6NCnsQ1L60000	scperturb/adamson16_GSM2406675_10X001/obs.parquet	canonical_obs	scperturb/adamson16_GSM2406675_10X001	scperturb/adamson16_GSM2406675_10X001	none			5768	35635	unknown					scRNA-seq	unknown	CRISPR	unknown	unknown	unknown	True	True	False	True	triplet-integrity-ok	2	original	main:mmmmmmmmmmmm	main:mmmmmmmmmmmm	base_public	20260624-shared-var	metadata-only collection manifest; use obs->X->var links for payload resolution	same_prefix	scperturb/adamson16_GSM2406675_10X001/var.parquet			
scperturb/adamson16_GSM2406677_10X005	adamson16_GSM2406677_10X005	scPerturb	TuT6kabcWUTNlDw60001	scperturb/adamson16_GSM2406677_10X005/obs.parquet	canonical_obs	scperturb/adamson16_GSM2406677_10X005	scperturb/adamson16_GSM2406677_10X005	none			15006	32738	unknown					scRNA-seq	unknown	CRISPR	unknown	unknown	unknown	True	True	False	True	triplet-integrity-ok	2	original	main:mmmmmmmmmmmm	main:mmmmmmmmmmmm	base_public	20260624-shared-var	metadata-only collection manifest; use obs->X->var links for payload resolution	same_prefix	scperturb/adamson16_GSM2406677_10X005/var.parquet			
scperturb/adamson16_GSM2406681_10X010	adamson16_GSM2406681_10X010	scPerturb	g4YM4QQh80HYmpde0000	scperturb/adamson16_GSM2406681_10X010/obs.parquet	canonical_obs	scperturb/adamson16_GSM2406681_10X010	scperturb/adamson16_GSM2406681_10X010	none			65337	32738	unknown					scRNA-seq	unknown	CRISPR	unknown	unknown	unknown	True	True	False	True	triplet-integrity-ok	2	original	main:mmmmmmmmmmmm	main:mmmmmmmmmmmm	base_public	20260624-shared-var	metadata-only collection manifest; use obs->X->var links for payload resolution	same_prefix	scperturb/adamson16_GSM2406681_10X010/var.parquet			
scperturb/aissa21	aissa21	scPerturb	Ft5nvmAl5El29VMV0001	scperturb/aissa21/obs.parquet	canonical_obs	scperturb/aissa21	scperturb/aissa21	none			119071	15165	unknown					scRNA-seq	unknown	CRISPR	unknown	unknown	unknown	True	True	False	True	triplet-integrity-ok	2	original	main:mmmmmmmmmmmm	main:mmmmmmmmmmmm	base_public	20260624-shared-var	metadata-only collection manifest; use obs->X->var links for payload resolution	same_prefix	scperturb/aissa21/var.parquet			
scperturb/chang22	chang22	scPerturb	ue1GWkOr29VoRN5R0000	scperturb/chang22/obs.parquet	canonical_obs	scperturb/chang22	scperturb/chang22	none			42277	29921	unknown					scRNA-seq	unknown	CRISPR	unknown	unknown	unknown	True	True	False	True	triplet-integrity-ok	2	original	main:mmmmmmmmmmmm	main:mmmmmmmmmmmm	base_public	20260624-shared-var	metadata-only collection manifest; use obs->X->var links for payload resolution	same_prefix	scperturb/chang22/var.parquet			
scperturb/datlinger17	datlinger17	scPerturb	sitiyL4128YBC8BS0000	scperturb/datlinger17/obs.parquet	canonical_obs	scperturb/datlinger17	scperturb/datlinger17	none			5905	24389	unknown					scRNA-seq	unknown	CRISPR	unknown	unknown	unknown	True	True	False	True	triplet-integrity-ok	2	original	main:mmmmmmmmmmmm	main:mmmmmmmmmmmm	base_public	20260624-shared-var	metadata-only collection manifest; use obs->X->var links for payload resolution	same_prefix	scperturb/datlinger17/var.parquet			
scperturb/datlinger21	datlinger21	scPerturb	23oQED6ZWTOGZdRV0000	scperturb/datlinger21/obs.parquet	canonical_obs	scperturb/datlinger21	scperturb/datlinger21	none			39194	25904	unknown					scRNA-seq	unknown	CRISPR	unknown	unknown	unknown	True	True	False	True	triplet-integrity-ok	2	original	main:mmmmmmmmmmmm	main:mmmmmmmmmmmm	base_public	20260624-shared-var	metadata-only collection manifest; use obs->X->var links for payload resolution	same_prefix	scperturb/datlinger21/var.parquet			
scperturb/dixit16_K562_TFs_13_days	dixit16_K562_TFs_13_days	scPerturb	0QoLFhF4WCQFhOmR0000	scperturb/dixit16_K562_TFs_13_days/obs.parquet	canonical_obs	scperturb/dixit16_K562_TFs_13_days	scperturb/dixit16_K562_TFs_13_days	none			19268	21713	unknown					scRNA-seq	unknown	CRISPR	unknown	unknown	unknown	True	True	False	True	triplet-integrity-ok	2	original	main:mmmmmmmmmmmm	main:mmmmmmmmmmmm	base_public	20260624-shared-var	metadata-only collection manifest; use obs->X->var links for payload resolution	same_prefix	scperturb/dixit16_K562_TFs_13_days/var.parquet			
scperturb/dixit16_K562_TFs_7_days	dixit16_K562_TFs_7_days	scPerturb	s7LwilrLRIShKRC50000	scperturb/dixit16_K562_TFs_7_days/obs.parquet	canonical_obs	scperturb/dixit16_K562_TFs_7_days	scperturb/dixit16_K562_TFs_7_days	none			33013	23111	unknown					scRNA-seq	unknown	CRISPR	unknown	unknown	unknown	True	True	False	True	triplet-integrity-ok	2	original	main:mmmmmmmmmmmm	main:mmmmmmmmmmmm	base_public	20260624-shared-var	metadata-only collection manifest; use obs->X->var links for payload resolution	same_prefix	scperturb/dixit16_K562_TFs_7_days/var.parquet			
scperturb/dixit16_K562_TFs_High_MOI	dixit16_K562_TFs_High_MOI	scPerturb	G3WetKVf3D9fD9KK0001	scperturb/dixit16_K562_TFs_High_MOI/obs.parquet	canonical_obs	scperturb/dixit16_K562_TFs_High_MOI	scperturb/dixit16_K562_TFs_High_MOI	none			51898	23529	unknown					scRNA-seq	unknown	CRISPR	unknown	unknown	unknown	True	True	False	True	triplet-integrity-ok	2	original	main:mmmmmmmmmmmm	main:mmmmmmmmmmmm	base_public	20260624-shared-var	metadata-only collection manifest; use obs->X->var links for payload resolution	same_prefix	scperturb/dixit16_K562_TFs_High_MOI/var.parquet			
scperturb/frangieh21	frangieh21	scPerturb	FnkBz9aai7YkpEdF0000	scperturb/frangieh21/obs.parquet	canonical_obs	scperturb/frangieh21	scperturb/frangieh21	none			218331	18058	unknown					scRNA-seq	unknown	CRISPR	unknown	unknown	unknown	True	True	False	True	triplet-integrity-ok	2	original	main:mmmmmmmmmmmm	main:mmmmmmmmmmmm	base_public	20260624-shared-var	metadata-only collection manifest; use obs->X->var links for payload resolution	same_prefix	scperturb/frangieh21/var.parquet			
scperturb/mcfarland20	mcfarland20	scPerturb	PyH1TIYDOlMIRkNd0000	scperturb/mcfarland20/obs.parquet	canonical_obs	scperturb/mcfarland20	scperturb/mcfarland20	none			182875	32738	unknown					scRNA-seq	unknown	CRISPR	unknown	unknown	unknown	True	True	False	True	triplet-integrity-ok	2	original	main:mmmmmmmmmmmm	main:mmmmmmmmmmmm	base_public	20260624-shared-var	metadata-only collection manifest; use obs->X->var links for payload resolution	same_prefix	scperturb/mcfarland20/var.parquet			
scperturb/nadig24_hepg2	nadig24_hepg2	scPerturb	PUW4F8IiaLUN081s0001	scperturb/nadig24_hepg2/obs.parquet	canonical_obs	scperturb/nadig24_hepg2	scperturb/nadig24_hepg2	none			145473	9624	unknown					scRNA-seq	unknown	CRISPR	unknown	unknown	unknown	True	True	False	True	triplet-integrity-ok	2	original	main:mmmmmmmmmmmm	main:mmmmmmmmmmmm	base_public	20260624-shared-var	metadata-only collection manifest; use obs->X->var links for payload resolution	same_prefix	scperturb/nadig24_hepg2/var.parquet			
scperturb/nadig24_jurkat	nadig24_jurkat	scPerturb	FjsGUgiHPLT8gGUs0001	scperturb/nadig24_jurkat/obs.parquet	canonical_obs	scperturb/nadig24_jurkat	scperturb/nadig24_jurkat	none			262956	8882	unknown					scRNA-seq	unknown	CRISPR	unknown	unknown	unknown	True	True	False	True	triplet-integrity-ok	2	original	main:mmmmmmmmmmmm	main:mmmmmmmmmmmm	base_public	20260624-shared-var	metadata-only collection manifest; use obs->X->var links for payload resolution	same_prefix	scperturb/nadig24_jurkat/var.parquet			
scperturb/norman19	norman19	scPerturb	Fny3t0fCDoXpUVze0001	scperturb/norman19/obs.parquet	canonical_obs	scperturb/norman19	scperturb/norman19	none			111445	33694	unknown					scRNA-seq	unknown	CRISPR	unknown	unknown	unknown	True	True	False	True	triplet-integrity-ok	2	original	main:mmmmmmmmmmmm	main:mmmmmmmmmmmm	base_public	20260624-shared-var	metadata-only collection manifest; use obs->X->var links for payload resolution	same_prefix	scperturb/norman19/var.parquet			
scperturb/papalexi21_eccite_RNA	papalexi21_eccite_RNA	scPerturb	9kceZfXL9b21Nw8e0000	scperturb/papalexi21_eccite_RNA/obs.parquet	canonical_obs	scperturb/papalexi21_eccite_RNA	scperturb/papalexi21_eccite_RNA	none			20729	14245	unknown					scRNA-seq	unknown	CRISPR	unknown	unknown	unknown	True	True	False	True	triplet-integrity-ok	2	original	main:mmmmmmmmmmmm	main:mmmmmmmmmmmm	base_public	20260624-shared-var	metadata-only collection manifest; use obs->X->var links for payload resolution	same_prefix	scperturb/papalexi21_eccite_RNA/var.parquet			
scperturb/papalexi21_eccite_arrayed_RNA	papalexi21_eccite_arrayed_RNA	scPerturb	z7feaA1EV9QEnnv60000	scperturb/papalexi21_eccite_arrayed_RNA/obs.parquet	canonical_obs	scperturb/papalexi21_eccite_arrayed_RNA	scperturb/papalexi21_eccite_arrayed_RNA	none			8984	13216	unknown					scRNA-seq	unknown	CRISPR	unknown	unknown	unknown	True	True	False	True	triplet-integrity-ok	2	original	main:mmmmmmmmmmmm	main:mmmmmmmmmmmm	base_public	20260624-shared-var	metadata-only collection manifest; use obs->X->var links for payload resolution	same_prefix	scperturb/papalexi21_eccite_arrayed_RNA/var.parquet			
scperturb/records/13350497/files/GehringPachter2019	records	scPerturb	5KrtlOpAX9NcDQdM0000	scperturb/records/13350497/files/GehringPachter2019/obs.parquet	canonical_obs	scperturb/records/13350497/files/GehringPachter2019	scperturb/records/13350497/files/GehringPachter2019	none			20382	13256	unknown					scRNA-seq	unknown	CRISPR	unknown	unknown	unknown	True	True	False	True	triplet-integrity-ok	2	original	jkobject:GCjqQtGwPzkY	jkobject:GCjqQtGwPzkY	additions	20260624-shared-var	metadata-only collection manifest; use obs->X->var links for payload resolution	same_prefix	scperturb/records/13350497/files/GehringPachter2019/var.parquet			
scperturb/records/13350497/files/XieHon2017	records	scPerturb	Mjna2hbLNyWbKxj70000	scperturb/records/13350497/files/XieHon2017/obs.parquet	canonical_obs	scperturb/records/13350497/files/XieHon2017	scperturb/records/13350497/files/XieHon2017	none			13283	26539	unknown					scRNA-seq	unknown	CRISPR	unknown	unknown	unknown	True	True	False	True	triplet-integrity-ok	2	original	jkobject:GCjqQtGwPzkY	jkobject:GCjqQtGwPzkY	additions	20260624-shared-var	metadata-only collection manifest; use obs->X->var links for payload resolution	same_prefix	scperturb/records/13350497/files/XieHon2017/var.parquet			
scperturb/replogle22_K562_essential	replogle22_K562_essential	scPerturb	CytSiJjA1Y4O0Jf50001	scperturb/replogle22_K562_essential/obs.parquet	canonical_obs	scperturb/replogle22_K562_essential	scperturb/replogle22_K562_essential	none			310385	8563	unknown					scRNA-seq	Perturb-seq	CRISPR	unknown	unknown	unknown	True	True	False	True	triplet-integrity-ok	2	original	main:mmmmmmmmmmmm	main:mmmmmmmmmmmm	base_public	20260624-shared-var	metadata-only collection manifest; use obs->X->var links for payload resolution	same_prefix	scperturb/replogle22_K562_essential/var.parquet			
scperturb/replogle22_K562_gwps	replogle22_K562_gwps	scPerturb	38xl3KdA0eFqzjHx0001	scperturb/replogle22_K562_gwps/obs.parquet	canonical_obs	scperturb/replogle22_K562_gwps	scperturb/replogle22_K562_gwps	none			1989578	8248	unknown					scRNA-seq	unknown	CRISPR	unknown	unknown	unknown	True	True	False	True	triplet-integrity-ok	2	original	main:mmmmmmmmmmmm	main:mmmmmmmmmmmm	base_public	20260624-shared-var	metadata-only collection manifest; use obs->X->var links for payload resolution	same_prefix	scperturb/replogle22_K562_gwps/var.parquet			
scperturb/replogle22_RPE1	replogle22_RPE1	scPerturb	N6DlK5xChBX9bgwR0001	scperturb/replogle22_RPE1/obs.parquet	canonical_obs	scperturb/replogle22_RPE1	scperturb/replogle22_RPE1	none			247914	8749	unknown					scRNA-seq	unknown	CRISPR	unknown	unknown	unknown	True	True	False	True	triplet-integrity-ok	2	original	main:mmmmmmmmmmmm	main:mmmmmmmmmmmm	base_public	20260624-shared-var	metadata-only collection manifest; use obs->X->var links for payload resolution	same_prefix	scperturb/replogle22_RPE1/var.parquet			
scperturb/shifrut18	shifrut18	scPerturb	96SxYQ8Z48yc5e8q0000	scperturb/shifrut18/obs.parquet	canonical_obs	scperturb/shifrut18	scperturb/shifrut18	none			52236	22375	unknown					scRNA-seq	unknown	CRISPR	unknown	unknown	unknown	True	True	False	True	triplet-integrity-ok	2	original	main:mmmmmmmmmmmm	main:mmmmmmmmmmmm	base_public	20260624-shared-var	metadata-only collection manifest; use obs->X->var links for payload resolution	same_prefix	scperturb/shifrut18/var.parquet			
scperturb/srivatsan20_sciplex2	srivatsan20_sciplex2	scPerturb	OdSTaDDs34n2J1YA0000	scperturb/srivatsan20_sciplex2/obs.parquet	canonical_obs	scperturb/srivatsan20_sciplex2	scperturb/srivatsan20_sciplex2	none			24262	58347	unknown					scRNA-seq	unknown	CRISPR	unknown	unknown	unknown	True	True	False	True	triplet-integrity-ok	2	original	main:mmmmmmmmmmmm	main:mmmmmmmmmmmm	base_public	20260624-shared-var	metadata-only collection manifest; use obs->X->var links for payload resolution	same_prefix	scperturb/srivatsan20_sciplex2/var.parquet			
scperturb/srivatsan20_sciplex3	srivatsan20_sciplex3	scPerturb	jPyzkOTFirrPbik40000	scperturb/srivatsan20_sciplex3/obs.parquet	canonical_obs	scperturb/srivatsan20_sciplex3	scperturb/srivatsan20_sciplex3	none			799317	58302	unknown					scRNA-seq	unknown	CRISPR	unknown	unknown	unknown	True	True	False	True	triplet-integrity-ok	2	original	main:mmmmmmmmmmmm	main:mmmmmmmmmmmm	base_public	20260624-shared-var	metadata-only collection manifest; use obs->X->var links for payload resolution	same_prefix	scperturb/srivatsan20_sciplex3/var.parquet			
scperturb/sunshine23	sunshine23	scPerturb	vRPr8HjnWsz5lNGh0001	scperturb/sunshine23/obs.parquet	canonical_obs	scperturb/sunshine23	scperturb/sunshine23	none			90380	33538	unknown					scRNA-seq	unknown	CRISPR	unknown	unknown	unknown	True	True	False	True	triplet-integrity-ok	2	original	main:mmmmmmmmmmmm	main:mmmmmmmmmmmm	base_public	20260624-shared-var	metadata-only collection manifest; use obs->X->var links for payload resolution	same_prefix	scperturb/sunshine23/var.parquet			
scperturb/tian19_day7neuron	tian19_day7neuron	scPerturb	NsfeU9WqyFmlhVfv0001	scperturb/tian19_day7neuron/obs.parquet	canonical_obs	scperturb/tian19_day7neuron	scperturb/tian19_day7neuron	none			182790	33694	unknown					scRNA-seq	unknown	CRISPR	unknown	unknown	unknown	True	True	True	True	triplet-integrity-ok	2	original	main:mmmmmmmmmmmm	main:mmmmmmmmmmmm	base_public	20260624-shared-var	metadata-only collection manifest; use obs->X->var links for payload resolution	same_prefix	scperturb/tian19_day7neuron/var.parquet			
scperturb/tian19_iPSC	tian19_iPSC	scPerturb	aT2dp4hC6XDwrafN0001	scperturb/tian19_iPSC/obs.parquet	canonical_obs	scperturb/tian19_iPSC	scperturb/tian19_iPSC	none			275708	33694	unknown					scRNA-seq	unknown	CRISPR	unknown	unknown	unknown	True	True	False	True	triplet-integrity-ok	2	original	main:mmmmmmmmmmmm	main:mmmmmmmmmmmm	base_public	20260624-shared-var	metadata-only collection manifest; use obs->X->var links for payload resolution	same_prefix	scperturb/tian19_iPSC/var.parquet			
scperturb/tian21_CRISPRa	tian21_CRISPRa	scPerturb	BIla1bPtsoHZhVuj0000	scperturb/tian21_CRISPRa/obs.parquet	canonical_obs	scperturb/tian21_CRISPRa	scperturb/tian21_CRISPRa	none			21193	33538	unknown					scRNA-seq	unknown	CRISPR	unknown	unknown	unknown	True	True	False	True	triplet-integrity-ok	2	original	main:mmmmmmmmmmmm	main:mmmmmmmmmmmm	base_public	20260624-shared-var	metadata-only collection manifest; use obs->X->var links for payload resolution	same_prefix	scperturb/tian21_CRISPRa/var.parquet			
scperturb/tian21_CRISPRi	tian21_CRISPRi	scPerturb	btZcM9OtTrzC9FX40000	scperturb/tian21_CRISPRi/obs.parquet	canonical_obs	scperturb/tian21_CRISPRi	scperturb/tian21_CRISPRi	none			32300	33538	unknown					scRNA-seq	unknown	CRISPR	unknown	unknown	unknown	True	True	False	True	triplet-integrity-ok	2	original	main:mmmmmmmmmmmm	main:mmmmmmmmmmmm	base_public	20260624-shared-var	metadata-only collection manifest; use obs->X->var links for payload resolution	same_prefix	scperturb/tian21_CRISPRi/var.parquet			
scperturb/wessels22	wessels22	scPerturb	6OVULynrOUIJI7TQ0001	scperturb/wessels22/obs.parquet	canonical_obs	scperturb/wessels22	scperturb/wessels22	none			30707	19906	unknown					scRNA-seq	unknown	CRISPR	unknown	unknown	unknown	True	True	False	True	triplet-integrity-ok	2	original	main:mmmmmmmmmmmm	main:mmmmmmmmmmmm	base_public	20260624-shared-var	metadata-only collection manifest; use obs->X->var links for payload resolution	same_prefix	scperturb/wessels22/var.parquet			
scperturb/xu23	xu23	scPerturb	Z7gUUcdGO9D9vJt30000	scperturb/xu23/obs.parquet	canonical_obs	scperturb/xu23	scperturb/xu23	none			98315	39493	unknown					scRNA-seq	unknown	CRISPR	unknown	unknown	unknown	True	True	False	True	triplet-integrity-ok	2	original	main:mmmmmmmmmmmm	main:mmmmmmmmmmmm	base_public	20260624-shared-var	metadata-only collection manifest; use obs->X->var links for payload resolution	same_prefix	scperturb/xu23/var.parquet			
scperturb/zhao21	zhao21	scPerturb	hbsbYafyV8CUGZUI0000	scperturb/zhao21/obs.parquet	canonical_obs	scperturb/zhao21	scperturb/zhao21	none			165748	35621	unknown					scRNA-seq	unknown	CRISPR	unknown	unknown	unknown	True	True	False	True	triplet-integrity-ok	2	original	main:mmmmmmmmmmmm	main:mmmmmmmmmmmm	base_public	20260624-shared-var	metadata-only collection manifest; use obs->X->var links for payload resolution	same_prefix	scperturb/zhao21/var.parquet			
tahoe100m/2025-02-25/plate10_filt_Vevo_Tahoe100M_WServicesFrom_ParseGigalab	2025-02-25	Tahoe-100M	g8cnCPc2YwD9vfg60000	tahoe100m/2025-02-25/plate10_filt_Vevo_Tahoe100M_WServicesFrom_ParseGigalab/obs.parquet	canonical_obs	tahoe100m/2025-02-25/plate10_filt_Vevo_Tahoe100M_WServicesFrom_ParseGigalab	tahoe100m/2025-02-25/plate10_filt_Vevo_Tahoe100M_WServicesFrom_ParseGigalab	none			8044908	62710	unknown					scRNA-seq	unknown	unknown	unknown	unknown	unknown	True	True	False	True	triplet-integrity-ok	2	original	main:mmmmmmmmmmmm	main:mmmmmmmmmmmm	base_public	20260624-shared-var	metadata-only collection manifest; use obs->X->var links for payload resolution	same_prefix	tahoe100m/2025-02-25/plate10_filt_Vevo_Tahoe100M_WServicesFrom_ParseGigalab/var.parquet			
tahoe100m/2025-02-25/plate11_filt_Vevo_Tahoe100M_WServicesFrom_ParseGigalab	2025-02-25	Tahoe-100M	sYsONFIQvd9Sh46U0000	tahoe100m/2025-02-25/plate11_filt_Vevo_Tahoe100M_WServicesFrom_ParseGigalab/obs.parquet	canonical_obs	tahoe100m/2025-02-25/plate11_filt_Vevo_Tahoe100M_WServicesFrom_ParseGigalab	tahoe100m/2025-02-25/plate11_filt_Vevo_Tahoe100M_WServicesFrom_ParseGigalab	none			7435869	62710	unknown					scRNA-seq	unknown	unknown	unknown	unknown	unknown	True	True	False	True	triplet-integrity-ok	2	original	main:mmmmmmmmmmmm	main:mmmmmmmmmmmm	base_public	20260624-shared-var	metadata-only collection manifest; use obs->X->var links for payload resolution	same_prefix	tahoe100m/2025-02-25/plate11_filt_Vevo_Tahoe100M_WServicesFrom_ParseGigalab/var.parquet			
tahoe100m/2025-02-25/plate12_filt_Vevo_Tahoe100M_WServicesFrom_ParseGigalab	2025-02-25	Tahoe-100M	sTKrKPpB5QpIV4iH0000	tahoe100m/2025-02-25/plate12_filt_Vevo_Tahoe100M_WServicesFrom_ParseGigalab/obs.parquet	canonical_obs	tahoe100m/2025-02-25/plate12_filt_Vevo_Tahoe100M_WServicesFrom_ParseGigalab	tahoe100m/2025-02-25/plate12_filt_Vevo_Tahoe100M_WServicesFrom_ParseGigalab	none			10487057	62710	unknown					scRNA-seq	unknown	unknown	unknown	unknown	unknown	True	True	False	True	triplet-integrity-ok	2	original	main:mmmmmmmmmmmm	main:mmmmmmmmmmmm	base_public	20260624-shared-var	metadata-only collection manifest; use obs->X->var links for payload resolution	same_prefix	tahoe100m/2025-02-25/plate12_filt_Vevo_Tahoe100M_WServicesFrom_ParseGigalab/var.parquet			
tahoe100m/2025-02-25/plate13_filt_Vevo_Tahoe100M_WServicesFrom_ParseGigalab	2025-02-25	Tahoe-100M	h8ML2WwxUgdT8Cn10000	tahoe100m/2025-02-25/plate13_filt_Vevo_Tahoe100M_WServicesFrom_ParseGigalab/obs.parquet	canonical_obs	tahoe100m/2025-02-25/plate13_filt_Vevo_Tahoe100M_WServicesFrom_ParseGigalab	tahoe100m/2025-02-25/plate13_filt_Vevo_Tahoe100M_WServicesFrom_ParseGigalab	none			8501658	62710	unknown					scRNA-seq	unknown	unknown	unknown	unknown	unknown	True	True	False	True	triplet-integrity-ok	2	original	main:mmmmmmmmmmmm	main:mmmmmmmmmmmm	base_public	20260624-shared-var	metadata-only collection manifest; use obs->X->var links for payload resolution	same_prefix	tahoe100m/2025-02-25/plate13_filt_Vevo_Tahoe100M_WServicesFrom_ParseGigalab/var.parquet			
tahoe100m/2025-02-25/plate14_filt_Vevo_Tahoe100M_WServicesFrom_ParseGigalab	2025-02-25	Tahoe-100M	uOpawMuv6DnVIadP0000	tahoe100m/2025-02-25/plate14_filt_Vevo_Tahoe100M_WServicesFrom_ParseGigalab/obs.parquet	canonical_obs	tahoe100m/2025-02-25/plate14_filt_Vevo_Tahoe100M_WServicesFrom_ParseGigalab	tahoe100m/2025-02-25/plate14_filt_Vevo_Tahoe100M_WServicesFrom_ParseGigalab	none			6518806	62710	unknown					scRNA-seq	unknown	unknown	unknown	unknown	unknown	True	True	False	True	triplet-integrity-ok	2	original	main:mmmmmmmmmmmm	main:mmmmmmmmmmmm	base_public	20260624-shared-var	metadata-only collection manifest; use obs->X->var links for payload resolution	same_prefix	tahoe100m/2025-02-25/plate14_filt_Vevo_Tahoe100M_WServicesFrom_ParseGigalab/var.parquet			
tahoe100m/2025-02-25/plate1_filt_Vevo_Tahoe100M_WServicesFrom_ParseGigalab	2025-02-25	Tahoe-100M	BkGlVEce52rFQS5l0000	tahoe100m/2025-02-25/plate1_filt_Vevo_Tahoe100M_WServicesFrom_ParseGigalab/obs.parquet	canonical_obs	tahoe100m/2025-02-25/plate1_filt_Vevo_Tahoe100M_WServicesFrom_ParseGigalab	tahoe100m/2025-02-25/plate1_filt_Vevo_Tahoe100M_WServicesFrom_ParseGigalab	none			5481420	62710	unknown					scRNA-seq	unknown	unknown	unknown	unknown	unknown	True	True	False	True	triplet-integrity-ok	2	original	main:mmmmmmmmmmmm	main:mmmmmmmmmmmm	base_public	20260624-shared-var	metadata-only collection manifest; use obs->X->var links for payload resolution	same_prefix	tahoe100m/2025-02-25/plate1_filt_Vevo_Tahoe100M_WServicesFrom_ParseGigalab/var.parquet			
tahoe100m/2025-02-25/plate2_filt_Vevo_Tahoe100M_WServicesFrom_ParseGigalab	2025-02-25	Tahoe-100M	TG9hJgIdaY8gKNe80000	tahoe100m/2025-02-25/plate2_filt_Vevo_Tahoe100M_WServicesFrom_ParseGigalab/obs.parquet	canonical_obs	tahoe100m/2025-02-25/plate2_filt_Vevo_Tahoe100M_WServicesFrom_ParseGigalab	tahoe100m/2025-02-25/plate2_filt_Vevo_Tahoe100M_WServicesFrom_ParseGigalab	none			8064658	62710	unknown					scRNA-seq	unknown	unknown	unknown	unknown	unknown	True	True	False	True	triplet-integrity-ok	2	original	main:mmmmmmmmmmmm	main:mmmmmmmmmmmm	base_public	20260624-shared-var	metadata-only collection manifest; use obs->X->var links for payload resolution	same_prefix	tahoe100m/2025-02-25/plate2_filt_Vevo_Tahoe100M_WServicesFrom_ParseGigalab/var.parquet			
tahoe100m/2025-02-25/plate3_filt_Vevo_Tahoe100M_WServicesFrom_ParseGigalab	2025-02-25	Tahoe-100M	o4c0PJ1lB02QwLBj0000	tahoe100m/2025-02-25/plate3_filt_Vevo_Tahoe100M_WServicesFrom_ParseGigalab/obs.parquet	canonical_obs	tahoe100m/2025-02-25/plate3_filt_Vevo_Tahoe100M_WServicesFrom_ParseGigalab	tahoe100m/2025-02-25/plate3_filt_Vevo_Tahoe100M_WServicesFrom_ParseGigalab	none			4705402	62710	unknown					scRNA-seq	unknown	unknown	unknown	unknown	unknown	True	True	False	True	triplet-integrity-ok	2	original	main:mmmmmmmmmmmm	main:mmmmmmmmmmmm	base_public	20260624-shared-var	metadata-only collection manifest; use obs->X->var links for payload resolution	same_prefix	tahoe100m/2025-02-25/plate3_filt_Vevo_Tahoe100M_WServicesFrom_ParseGigalab/var.parquet			
tahoe100m/2025-02-25/plate4_filt_Vevo_Tahoe100M_WServicesFrom_ParseGigalab	2025-02-25	Tahoe-100M	6SHCMwyJFbvNgvqI0000	tahoe100m/2025-02-25/plate4_filt_Vevo_Tahoe100M_WServicesFrom_ParseGigalab/obs.parquet	canonical_obs	tahoe100m/2025-02-25/plate4_filt_Vevo_Tahoe100M_WServicesFrom_ParseGigalab	tahoe100m/2025-02-25/plate4_filt_Vevo_Tahoe100M_WServicesFrom_ParseGigalab	none			7004356	62710	unknown					scRNA-seq	unknown	unknown	unknown	unknown	unknown	True	True	False	True	triplet-integrity-ok	2	original	main:mmmmmmmmmmmm	main:mmmmmmmmmmmm	base_public	20260624-shared-var	metadata-only collection manifest; use obs->X->var links for payload resolution	same_prefix	tahoe100m/2025-02-25/plate4_filt_Vevo_Tahoe100M_WServicesFrom_ParseGigalab/var.parquet			
tahoe100m/2025-02-25/plate5_filt_Vevo_Tahoe100M_WServicesFrom_ParseGigalab	2025-02-25	Tahoe-100M	rQMqaImEQpXVJIwD0000	tahoe100m/2025-02-25/plate5_filt_Vevo_Tahoe100M_WServicesFrom_ParseGigalab/obs.parquet	canonical_obs	tahoe100m/2025-02-25/plate5_filt_Vevo_Tahoe100M_WServicesFrom_ParseGigalab	tahoe100m/2025-02-25/plate5_filt_Vevo_Tahoe100M_WServicesFrom_ParseGigalab	none			6419498	62710	unknown					scRNA-seq	unknown	unknown	unknown	unknown	unknown	True	True	False	True	triplet-integrity-ok	2	original	main:mmmmmmmmmmmm	main:mmmmmmmmmmmm	base_public	20260624-shared-var	metadata-only collection manifest; use obs->X->var links for payload resolution	same_prefix	tahoe100m/2025-02-25/plate5_filt_Vevo_Tahoe100M_WServicesFrom_ParseGigalab/var.parquet			
tahoe100m/2025-02-25/plate6_filt_Vevo_Tahoe100M_WServicesFrom_ParseGigalab	2025-02-25	Tahoe-100M	IOuGOf4GPc9KVBgi0000	tahoe100m/2025-02-25/plate6_filt_Vevo_Tahoe100M_WServicesFrom_ParseGigalab/obs.parquet	canonical_obs	tahoe100m/2025-02-25/plate6_filt_Vevo_Tahoe100M_WServicesFrom_ParseGigalab	tahoe100m/2025-02-25/plate6_filt_Vevo_Tahoe100M_WServicesFrom_ParseGigalab	none			7545393	62710	unknown					scRNA-seq	unknown	unknown	unknown	unknown	unknown	True	True	False	True	triplet-integrity-ok	2	original	main:mmmmmmmmmmmm	main:mmmmmmmmmmmm	base_public	20260624-shared-var	metadata-only collection manifest; use obs->X->var links for payload resolution	same_prefix	tahoe100m/2025-02-25/plate6_filt_Vevo_Tahoe100M_WServicesFrom_ParseGigalab/var.parquet			
tahoe100m/2025-02-25/plate7_filt_Vevo_Tahoe100M_WServicesFrom_ParseGigalab	2025-02-25	Tahoe-100M	PUBDwkCFl6mdOTYr0000	tahoe100m/2025-02-25/plate7_filt_Vevo_Tahoe100M_WServicesFrom_ParseGigalab/obs.parquet	canonical_obs	tahoe100m/2025-02-25/plate7_filt_Vevo_Tahoe100M_WServicesFrom_ParseGigalab	tahoe100m/2025-02-25/plate7_filt_Vevo_Tahoe100M_WServicesFrom_ParseGigalab	none			5692117	62710	unknown					scRNA-seq	unknown	unknown	unknown	unknown	unknown	True	True	False	True	triplet-integrity-ok	2	original	main:mmmmmmmmmmmm	main:mmmmmmmmmmmm	base_public	20260624-shared-var	metadata-only collection manifest; use obs->X->var links for payload resolution	same_prefix	tahoe100m/2025-02-25/plate7_filt_Vevo_Tahoe100M_WServicesFrom_ParseGigalab/var.parquet			
tahoe100m/2025-02-25/plate8_filt_Vevo_Tahoe100M_WServicesFrom_ParseGigalab	2025-02-25	Tahoe-100M	l0bOjTZKXiV8nmlH0000	tahoe100m/2025-02-25/plate8_filt_Vevo_Tahoe100M_WServicesFrom_ParseGigalab/obs.parquet	canonical_obs	tahoe100m/2025-02-25/plate8_filt_Vevo_Tahoe100M_WServicesFrom_ParseGigalab	tahoe100m/2025-02-25/plate8_filt_Vevo_Tahoe100M_WServicesFrom_ParseGigalab	none			8880979	62710	unknown					scRNA-seq	unknown	unknown	unknown	unknown	unknown	True	True	False	True	triplet-integrity-ok	2	original	main:mmmmmmmmmmmm	main:mmmmmmmmmmmm	base_public	20260624-shared-var	metadata-only collection manifest; use obs->X->var links for payload resolution	same_prefix	tahoe100m/2025-02-25/plate8_filt_Vevo_Tahoe100M_WServicesFrom_ParseGigalab/var.parquet			
tahoe100m/2025-02-25/plate9_filt_Vevo_Tahoe100M_WServicesFrom_ParseGigalab	2025-02-25	Tahoe-100M	PQSIhkmWMi38Ox620000	tahoe100m/2025-02-25/plate9_filt_Vevo_Tahoe100M_WServicesFrom_ParseGigalab/obs.parquet	canonical_obs	tahoe100m/2025-02-25/plate9_filt_Vevo_Tahoe100M_WServicesFrom_ParseGigalab	tahoe100m/2025-02-25/plate9_filt_Vevo_Tahoe100M_WServicesFrom_ParseGigalab	none			5866669	62710	unknown					scRNA-seq	unknown	unknown	unknown	unknown	unknown	True	True	False	True	triplet-integrity-ok	2	original	main:mmmmmmmmmmmm	main:mmmmmmmmmmmm	base_public	20260624-shared-var	metadata-only collection manifest; use obs->X->var links for payload resolution	same_prefix	tahoe100m/2025-02-25/plate9_filt_Vevo_Tahoe100M_WServicesFrom_ParseGigalab/var.parquet			
viperturb/genome_wide_binA	genome_wide_binA	VIPerturbSeq	wigzGueFIb0PgiQw0001	viperturb/genome_wide_binA/chunk_0000/obs.parquet	canonical_obs	viperturb/genome_wide_binA	viperturb/genome_wide_binA/chunk_0000	chunk	chunk_0000	0	25000	19068	unknown					scRNA-seq	unknown	CRISPR	unknown	unknown	unknown	True	True	False	False	triplet-integrity-ok	2	original	jkobject:GCjqQtGwPzkY	jkobject:GCjqQtGwPzkY	additions	20260624-shared-var	metadata-only collection manifest; use obs->X->var links for payload resolution	shared_exact_hash	viperturb/genome_wide_binA/var.h5ad	KDbDsEJgUvUxpQaf0002	-gEzhxIeY0F5ugDn4WKzAw	viperturb/genome_wide_binA
viperturb/genome_wide_binA	genome_wide_binA	VIPerturbSeq	1lvzhDLdyGo2RpC80000	viperturb/genome_wide_binA/chunk_0001/obs.parquet	canonical_obs	viperturb/genome_wide_binA	viperturb/genome_wide_binA/chunk_0001	chunk	chunk_0001	1	25000	19068	unknown					scRNA-seq	unknown	CRISPR	unknown	unknown	unknown	True	True	False	False	triplet-integrity-ok	2	original	jkobject:GCjqQtGwPzkY	jkobject:GCjqQtGwPzkY	additions	20260624-shared-var	metadata-only collection manifest; use obs->X->var links for payload resolution	shared_exact_hash	viperturb/genome_wide_binA/var.h5ad	KDbDsEJgUvUxpQaf0002	-gEzhxIeY0F5ugDn4WKzAw	viperturb/genome_wide_binA
viperturb/genome_wide_binA	genome_wide_binA	VIPerturbSeq	baEf42GH1gm9d79y0000	viperturb/genome_wide_binA/chunk_0002/obs.parquet	canonical_obs	viperturb/genome_wide_binA	viperturb/genome_wide_binA/chunk_0002	chunk	chunk_0002	2	25000	19068	unknown					scRNA-seq	unknown	CRISPR	unknown	unknown	unknown	True	True	False	False	triplet-integrity-ok	2	original	jkobject:GCjqQtGwPzkY	jkobject:GCjqQtGwPzkY	additions	20260624-shared-var	metadata-only collection manifest; use obs->X->var links for payload resolution	shared_exact_hash	viperturb/genome_wide_binA/var.h5ad	KDbDsEJgUvUxpQaf0002	-gEzhxIeY0F5ugDn4WKzAw	viperturb/genome_wide_binA
viperturb/genome_wide_binA	genome_wide_binA	VIPerturbSeq	7I6sRsUAVHjFGoUz0000	viperturb/genome_wide_binA/chunk_0003/obs.parquet	canonical_obs	viperturb/genome_wide_binA	viperturb/genome_wide_binA/chunk_0003	chunk	chunk_0003	3	25000	19068	unknown					scRNA-seq	unknown	CRISPR	unknown	unknown	unknown	True	True	False	False	triplet-integrity-ok	2	original	jkobject:GCjqQtGwPzkY	jkobject:GCjqQtGwPzkY	additions	20260624-shared-var	metadata-only collection manifest; use obs->X->var links for payload resolution	shared_exact_hash	viperturb/genome_wide_binA/var.h5ad	KDbDsEJgUvUxpQaf0002	-gEzhxIeY0F5ugDn4WKzAw	viperturb/genome_wide_binA
viperturb/genome_wide_binA	genome_wide_binA	VIPerturbSeq	W4AdR7ohFFwq6YAj0000	viperturb/genome_wide_binA/chunk_0004/obs.parquet	canonical_obs	viperturb/genome_wide_binA	viperturb/genome_wide_binA/chunk_0004	chunk	chunk_0004	4	25000	19068	unknown					scRNA-seq	unknown	CRISPR	unknown	unknown	unknown	True	True	False	False	triplet-integrity-ok	2	original	jkobject:GCjqQtGwPzkY	jkobject:GCjqQtGwPzkY	additions	20260624-shared-var	metadata-only collection manifest; use obs->X->var links for payload resolution	shared_exact_hash	viperturb/genome_wide_binA/var.h5ad	KDbDsEJgUvUxpQaf0002	-gEzhxIeY0F5ugDn4WKzAw	viperturb/genome_wide_binA
viperturb/genome_wide_binA	genome_wide_binA	VIPerturbSeq	rpImRMSnrShQcbfa0000	viperturb/genome_wide_binA/chunk_0005/obs.parquet	canonical_obs	viperturb/genome_wide_binA	viperturb/genome_wide_binA/chunk_0005	chunk	chunk_0005	5	25000	19068	unknown					scRNA-seq	unknown	CRISPR	unknown	unknown	unknown	True	True	False	False	triplet-integrity-ok	2	original	jkobject:GCjqQtGwPzkY	jkobject:GCjqQtGwPzkY	additions	20260624-shared-var	metadata-only collection manifest; use obs->X->var links for payload resolution	shared_exact_hash	viperturb/genome_wide_binA/var.h5ad	KDbDsEJgUvUxpQaf0002	-gEzhxIeY0F5ugDn4WKzAw	viperturb/genome_wide_binA
viperturb/genome_wide_binA	genome_wide_binA	VIPerturbSeq	FkcYdrMo85tVpOek0000	viperturb/genome_wide_binA/chunk_0006/obs.parquet	canonical_obs	viperturb/genome_wide_binA	viperturb/genome_wide_binA/chunk_0006	chunk	chunk_0006	6	25000	19068	unknown					scRNA-seq	unknown	CRISPR	unknown	unknown	unknown	True	True	False	False	triplet-integrity-ok	2	original	jkobject:GCjqQtGwPzkY	jkobject:GCjqQtGwPzkY	additions	20260624-shared-var	metadata-only collection manifest; use obs->X->var links for payload resolution	shared_exact_hash	viperturb/genome_wide_binA/var.h5ad	KDbDsEJgUvUxpQaf0002	-gEzhxIeY0F5ugDn4WKzAw	viperturb/genome_wide_binA
viperturb/genome_wide_binA	genome_wide_binA	VIPerturbSeq	5bS3m9PG80Tbv2OD0000	viperturb/genome_wide_binA/chunk_0007/obs.parquet	canonical_obs	viperturb/genome_wide_binA	viperturb/genome_wide_binA/chunk_0007	chunk	chunk_0007	7	25000	19068	unknown					scRNA-seq	unknown	CRISPR	unknown	unknown	unknown	True	True	True	False	triplet-integrity-ok	2	original	jkobject:GCjqQtGwPzkY	jkobject:GCjqQtGwPzkY	additions	20260624-shared-var	metadata-only collection manifest; use obs->X->var links for payload resolution	shared_exact_hash	viperturb/genome_wide_binA/var.h5ad	KDbDsEJgUvUxpQaf0002	-gEzhxIeY0F5ugDn4WKzAw	viperturb/genome_wide_binA
viperturb/genome_wide_binA	genome_wide_binA	VIPerturbSeq	anOqtWKCmurZGu5u0000	viperturb/genome_wide_binA/chunk_0008/obs.parquet	canonical_obs	viperturb/genome_wide_binA	viperturb/genome_wide_binA/chunk_0008	chunk	chunk_0008	8	25000	19068	unknown					scRNA-seq	unknown	CRISPR	unknown	unknown	unknown	True	True	False	False	triplet-integrity-ok	2	original	jkobject:GCjqQtGwPzkY	jkobject:GCjqQtGwPzkY	additions	20260624-shared-var	metadata-only collection manifest; use obs->X->var links for payload resolution	shared_exact_hash	viperturb/genome_wide_binA/var.h5ad	KDbDsEJgUvUxpQaf0002	-gEzhxIeY0F5ugDn4WKzAw	viperturb/genome_wide_binA
viperturb/genome_wide_binA	genome_wide_binA	VIPerturbSeq	SwfO08qMURDAg3Rz0000	viperturb/genome_wide_binA/chunk_0009/obs.parquet	canonical_obs	viperturb/genome_wide_binA	viperturb/genome_wide_binA/chunk_0009	chunk	chunk_0009	9	25000	19068	unknown					scRNA-seq	unknown	CRISPR	unknown	unknown	unknown	True	True	False	False	triplet-integrity-ok	2	original	jkobject:GCjqQtGwPzkY	jkobject:GCjqQtGwPzkY	additions	20260624-shared-var	metadata-only collection manifest; use obs->X->var links for payload resolution	shared_exact_hash	viperturb/genome_wide_binA/var.h5ad	KDbDsEJgUvUxpQaf0002	-gEzhxIeY0F5ugDn4WKzAw	viperturb/genome_wide_binA
viperturb/genome_wide_binA	genome_wide_binA	VIPerturbSeq	5PWbV5WfWN5Dtm620000	viperturb/genome_wide_binA/chunk_0010/obs.parquet	canonical_obs	viperturb/genome_wide_binA	viperturb/genome_wide_binA/chunk_0010	chunk	chunk_0010	10	25000	19068	unknown					scRNA-seq	unknown	CRISPR	unknown	unknown	unknown	True	True	False	False	triplet-integrity-ok	2	original	jkobject:GCjqQtGwPzkY	jkobject:GCjqQtGwPzkY	additions	20260624-shared-var	metadata-only collection manifest; use obs->X->var links for payload resolution	shared_exact_hash	viperturb/genome_wide_binA/var.h5ad	KDbDsEJgUvUxpQaf0002	-gEzhxIeY0F5ugDn4WKzAw	viperturb/genome_wide_binA
viperturb/genome_wide_binA	genome_wide_binA	VIPerturbSeq	fgoCILbwV4Rln6r10000	viperturb/genome_wide_binA/chunk_0011/obs.parquet	canonical_obs	viperturb/genome_wide_binA	viperturb/genome_wide_binA/chunk_0011	chunk	chunk_0011	11	25000	19068	unknown					scRNA-seq	unknown	CRISPR	unknown	unknown	unknown	True	True	False	False	triplet-integrity-ok	2	original	jkobject:GCjqQtGwPzkY	jkobject:GCjqQtGwPzkY	additions	20260624-shared-var	metadata-only collection manifest; use obs->X->var links for payload resolution	shared_exact_hash	viperturb/genome_wide_binA/var.h5ad	KDbDsEJgUvUxpQaf0002	-gEzhxIeY0F5ugDn4WKzAw	viperturb/genome_wide_binA
viperturb/genome_wide_binA	genome_wide_binA	VIPerturbSeq	CDCAJch1pkU44kut0000	viperturb/genome_wide_binA/chunk_0012/obs.parquet	canonical_obs	viperturb/genome_wide_binA	viperturb/genome_wide_binA/chunk_0012	chunk	chunk_0012	12	21022	19068	unknown					scRNA-seq	unknown	CRISPR	unknown	unknown	unknown	True	True	False	False	triplet-integrity-ok	2	original	jkobject:GCjqQtGwPzkY	jkobject:GCjqQtGwPzkY	additions	20260624-shared-var	metadata-only collection manifest; use obs->X->var links for payload resolution	shared_exact_hash	viperturb/genome_wide_binA/var.h5ad	KDbDsEJgUvUxpQaf0002	-gEzhxIeY0F5ugDn4WKzAw	viperturb/genome_wide_binA
viperturb/genome_wide_binB	genome_wide_binB	VIPerturbSeq	w2HO7NcHIHUkLHxn0000	viperturb/genome_wide_binB/chunk_0000/obs.parquet	canonical_obs	viperturb/genome_wide_binB	viperturb/genome_wide_binB/chunk_0000	chunk	chunk_0000	0	25000	19068	unknown					scRNA-seq	unknown	CRISPR	unknown	unknown	unknown	True	True	False	False	triplet-integrity-ok	2	original	jkobject:GCjqQtGwPzkY	jkobject:GCjqQtGwPzkY	additions	20260624-shared-var	metadata-only collection manifest; use obs->X->var links for payload resolution	shared_exact_hash	viperturb/genome_wide_binB/var.h5ad	NEnVwe9vO8oDo92W0000	-gEzhxIeY0F5ugDn4WKzAw	viperturb/genome_wide_binB
viperturb/genome_wide_binB	genome_wide_binB	VIPerturbSeq	TnNYqHkx9dyicMzH0000	viperturb/genome_wide_binB/chunk_0001/obs.parquet	canonical_obs	viperturb/genome_wide_binB	viperturb/genome_wide_binB/chunk_0001	chunk	chunk_0001	1	25000	19068	unknown					scRNA-seq	unknown	CRISPR	unknown	unknown	unknown	True	True	False	False	triplet-integrity-ok	2	original	jkobject:GCjqQtGwPzkY	jkobject:GCjqQtGwPzkY	additions	20260624-shared-var	metadata-only collection manifest; use obs->X->var links for payload resolution	shared_exact_hash	viperturb/genome_wide_binB/var.h5ad	NEnVwe9vO8oDo92W0000	-gEzhxIeY0F5ugDn4WKzAw	viperturb/genome_wide_binB
viperturb/genome_wide_binB	genome_wide_binB	VIPerturbSeq	lIAefqneCatYFLGs0000	viperturb/genome_wide_binB/chunk_0002/obs.parquet	canonical_obs	viperturb/genome_wide_binB	viperturb/genome_wide_binB/chunk_0002	chunk	chunk_0002	2	25000	19068	unknown					scRNA-seq	unknown	CRISPR	unknown	unknown	unknown	True	True	False	False	triplet-integrity-ok	2	original	jkobject:GCjqQtGwPzkY	jkobject:GCjqQtGwPzkY	additions	20260624-shared-var	metadata-only collection manifest; use obs->X->var links for payload resolution	shared_exact_hash	viperturb/genome_wide_binB/var.h5ad	NEnVwe9vO8oDo92W0000	-gEzhxIeY0F5ugDn4WKzAw	viperturb/genome_wide_binB
viperturb/genome_wide_binB	genome_wide_binB	VIPerturbSeq	HcOn4O25GUkGHoBQ0000	viperturb/genome_wide_binB/chunk_0003/obs.parquet	canonical_obs	viperturb/genome_wide_binB	viperturb/genome_wide_binB/chunk_0003	chunk	chunk_0003	3	25000	19068	unknown					scRNA-seq	unknown	CRISPR	unknown	unknown	unknown	True	True	False	False	triplet-integrity-ok	2	original	jkobject:GCjqQtGwPzkY	jkobject:GCjqQtGwPzkY	additions	20260624-shared-var	metadata-only collection manifest; use obs->X->var links for payload resolution	shared_exact_hash	viperturb/genome_wide_binB/var.h5ad	NEnVwe9vO8oDo92W0000	-gEzhxIeY0F5ugDn4WKzAw	viperturb/genome_wide_binB
viperturb/genome_wide_binB	genome_wide_binB	VIPerturbSeq	HmuBegCXMBSrErUP0000	viperturb/genome_wide_binB/chunk_0004/obs.parquet	canonical_obs	viperturb/genome_wide_binB	viperturb/genome_wide_binB/chunk_0004	chunk	chunk_0004	4	25000	19068	unknown					scRNA-seq	unknown	CRISPR	unknown	unknown	unknown	True	True	False	False	triplet-integrity-ok	2	original	jkobject:GCjqQtGwPzkY	jkobject:GCjqQtGwPzkY	additions	20260624-shared-var	metadata-only collection manifest; use obs->X->var links for payload resolution	shared_exact_hash	viperturb/genome_wide_binB/var.h5ad	NEnVwe9vO8oDo92W0000	-gEzhxIeY0F5ugDn4WKzAw	viperturb/genome_wide_binB
viperturb/genome_wide_binB	genome_wide_binB	VIPerturbSeq	XSSMq79khOj0cso50000	viperturb/genome_wide_binB/chunk_0005/obs.parquet	canonical_obs	viperturb/genome_wide_binB	viperturb/genome_wide_binB/chunk_0005	chunk	chunk_0005	5	25000	19068	unknown					scRNA-seq	unknown	CRISPR	unknown	unknown	unknown	True	True	False	False	triplet-integrity-ok	2	original	jkobject:GCjqQtGwPzkY	jkobject:GCjqQtGwPzkY	additions	20260624-shared-var	metadata-only collection manifest; use obs->X->var links for payload resolution	shared_exact_hash	viperturb/genome_wide_binB/var.h5ad	NEnVwe9vO8oDo92W0000	-gEzhxIeY0F5ugDn4WKzAw	viperturb/genome_wide_binB
viperturb/genome_wide_binB	genome_wide_binB	VIPerturbSeq	z99pffur23xZvJTD0000	viperturb/genome_wide_binB/chunk_0006/obs.parquet	canonical_obs	viperturb/genome_wide_binB	viperturb/genome_wide_binB/chunk_0006	chunk	chunk_0006	6	25000	19068	unknown					scRNA-seq	unknown	CRISPR	unknown	unknown	unknown	True	True	False	False	triplet-integrity-ok	2	original	jkobject:GCjqQtGwPzkY	jkobject:GCjqQtGwPzkY	additions	20260624-shared-var	metadata-only collection manifest; use obs->X->var links for payload resolution	shared_exact_hash	viperturb/genome_wide_binB/var.h5ad	NEnVwe9vO8oDo92W0000	-gEzhxIeY0F5ugDn4WKzAw	viperturb/genome_wide_binB
viperturb/genome_wide_binB	genome_wide_binB	VIPerturbSeq	S3tyYBaKBl474hWT0000	viperturb/genome_wide_binB/chunk_0007/obs.parquet	canonical_obs	viperturb/genome_wide_binB	viperturb/genome_wide_binB/chunk_0007	chunk	chunk_0007	7	25000	19068	unknown					scRNA-seq	unknown	CRISPR	unknown	unknown	unknown	True	True	False	False	triplet-integrity-ok	2	original	jkobject:GCjqQtGwPzkY	jkobject:GCjqQtGwPzkY	additions	20260624-shared-var	metadata-only collection manifest; use obs->X->var links for payload resolution	shared_exact_hash	viperturb/genome_wide_binB/var.h5ad	NEnVwe9vO8oDo92W0000	-gEzhxIeY0F5ugDn4WKzAw	viperturb/genome_wide_binB
viperturb/genome_wide_binB	genome_wide_binB	VIPerturbSeq	ErCP7DeFbKufjPE10000	viperturb/genome_wide_binB/chunk_0008/obs.parquet	canonical_obs	viperturb/genome_wide_binB	viperturb/genome_wide_binB/chunk_0008	chunk	chunk_0008	8	25000	19068	unknown					scRNA-seq	unknown	CRISPR	unknown	unknown	unknown	True	True	False	False	triplet-integrity-ok	2	original	jkobject:GCjqQtGwPzkY	jkobject:GCjqQtGwPzkY	additions	20260624-shared-var	metadata-only collection manifest; use obs->X->var links for payload resolution	shared_exact_hash	viperturb/genome_wide_binB/var.h5ad	NEnVwe9vO8oDo92W0000	-gEzhxIeY0F5ugDn4WKzAw	viperturb/genome_wide_binB
viperturb/genome_wide_binB	genome_wide_binB	VIPerturbSeq	5aoSk201DcUuehir0000	viperturb/genome_wide_binB/chunk_0009/obs.parquet	canonical_obs	viperturb/genome_wide_binB	viperturb/genome_wide_binB/chunk_0009	chunk	chunk_0009	9	25000	19068	unknown					scRNA-seq	unknown	CRISPR	unknown	unknown	unknown	True	True	False	False	triplet-integrity-ok	2	original	jkobject:GCjqQtGwPzkY	jkobject:GCjqQtGwPzkY	additions	20260624-shared-var	metadata-only collection manifest; use obs->X->var links for payload resolution	shared_exact_hash	viperturb/genome_wide_binB/var.h5ad	NEnVwe9vO8oDo92W0000	-gEzhxIeY0F5ugDn4WKzAw	viperturb/genome_wide_binB
viperturb/genome_wide_binB	genome_wide_binB	VIPerturbSeq	3aB87lj3IdRRyQKy0000	viperturb/genome_wide_binB/chunk_0010/obs.parquet	canonical_obs	viperturb/genome_wide_binB	viperturb/genome_wide_binB/chunk_0010	chunk	chunk_0010	10	25000	19068	unknown					scRNA-seq	unknown	CRISPR	unknown	unknown	unknown	True	True	False	False	triplet-integrity-ok	2	original	jkobject:GCjqQtGwPzkY	jkobject:GCjqQtGwPzkY	additions	20260624-shared-var	metadata-only collection manifest; use obs->X->var links for payload resolution	shared_exact_hash	viperturb/genome_wide_binB/var.h5ad	NEnVwe9vO8oDo92W0000	-gEzhxIeY0F5ugDn4WKzAw	viperturb/genome_wide_binB
viperturb/genome_wide_binB	genome_wide_binB	VIPerturbSeq	dIYzUqVKEDjk6cFS0000	viperturb/genome_wide_binB/chunk_0011/obs.parquet	canonical_obs	viperturb/genome_wide_binB	viperturb/genome_wide_binB/chunk_0011	chunk	chunk_0011	11	25000	19068	unknown					scRNA-seq	unknown	CRISPR	unknown	unknown	unknown	True	True	False	False	triplet-integrity-ok	2	original	jkobject:GCjqQtGwPzkY	jkobject:GCjqQtGwPzkY	additions	20260624-shared-var	metadata-only collection manifest; use obs->X->var links for payload resolution	shared_exact_hash	viperturb/genome_wide_binB/var.h5ad	NEnVwe9vO8oDo92W0000	-gEzhxIeY0F5ugDn4WKzAw	viperturb/genome_wide_binB
viperturb/genome_wide_binB	genome_wide_binB	VIPerturbSeq	rmA1QEbRb9rJpNdb0000	viperturb/genome_wide_binB/chunk_0012/obs.parquet	canonical_obs	viperturb/genome_wide_binB	viperturb/genome_wide_binB/chunk_0012	chunk	chunk_0012	12	25000	19068	unknown					scRNA-seq	unknown	CRISPR	unknown	unknown	unknown	True	True	False	False	triplet-integrity-ok	2	original	jkobject:GCjqQtGwPzkY	jkobject:GCjqQtGwPzkY	additions	20260624-shared-var	metadata-only collection manifest; use obs->X->var links for payload resolution	shared_exact_hash	viperturb/genome_wide_binB/var.h5ad	NEnVwe9vO8oDo92W0000	-gEzhxIeY0F5ugDn4WKzAw	viperturb/genome_wide_binB
viperturb/genome_wide_binB	genome_wide_binB	VIPerturbSeq	94AYX6O1zLAcc2Sm0000	viperturb/genome_wide_binB/chunk_0013/obs.parquet	canonical_obs	viperturb/genome_wide_binB	viperturb/genome_wide_binB/chunk_0013	chunk	chunk_0013	13	16182	19068	unknown					scRNA-seq	unknown	CRISPR	unknown	unknown	unknown	True	True	False	False	triplet-integrity-ok	2	original	jkobject:GCjqQtGwPzkY	jkobject:GCjqQtGwPzkY	additions	20260624-shared-var	metadata-only collection manifest; use obs->X->var links for payload resolution	shared_exact_hash	viperturb/genome_wide_binB/var.h5ad	NEnVwe9vO8oDo92W0000	-gEzhxIeY0F5ugDn4WKzAw	viperturb/genome_wide_binB
viperturb/genome_wide_binC	genome_wide_binC	VIPerturbSeq	VgUlDSmxxtsmf4hX0001	viperturb/genome_wide_binC/chunk_0000/obs.parquet	canonical_obs	viperturb/genome_wide_binC	viperturb/genome_wide_binC/chunk_0000	chunk	chunk_0000	0	25000	19068	unknown					scRNA-seq	unknown	CRISPR	unknown	unknown	unknown	True	True	False	False	triplet-integrity-ok	2	original	jkobject:GCjqQtGwPzkY	jkobject:GCjqQtGwPzkY	additions	20260624-shared-var	metadata-only collection manifest; use obs->X->var links for payload resolution	shared_exact_hash	viperturb/genome_wide_binC/var.h5ad	0WRb7mWMsnPWdgZs0000	-gEzhxIeY0F5ugDn4WKzAw	viperturb/genome_wide_binC
viperturb/genome_wide_binC	genome_wide_binC	VIPerturbSeq	nJ7iDQAtb6hRzcTy0001	viperturb/genome_wide_binC/chunk_0001/obs.parquet	canonical_obs	viperturb/genome_wide_binC	viperturb/genome_wide_binC/chunk_0001	chunk	chunk_0001	1	25000	19068	unknown					scRNA-seq	unknown	CRISPR	unknown	unknown	unknown	True	True	False	False	triplet-integrity-ok	2	original	jkobject:GCjqQtGwPzkY	jkobject:GCjqQtGwPzkY	additions	20260624-shared-var	metadata-only collection manifest; use obs->X->var links for payload resolution	shared_exact_hash	viperturb/genome_wide_binC/var.h5ad	0WRb7mWMsnPWdgZs0000	-gEzhxIeY0F5ugDn4WKzAw	viperturb/genome_wide_binC
viperturb/genome_wide_binC	genome_wide_binC	VIPerturbSeq	Lh7AhWGdjxicTYSd0001	viperturb/genome_wide_binC/chunk_0002/obs.parquet	canonical_obs	viperturb/genome_wide_binC	viperturb/genome_wide_binC/chunk_0002	chunk	chunk_0002	2	25000	19068	unknown					scRNA-seq	unknown	CRISPR	unknown	unknown	unknown	True	True	False	False	triplet-integrity-ok	2	original	jkobject:GCjqQtGwPzkY	jkobject:GCjqQtGwPzkY	additions	20260624-shared-var	metadata-only collection manifest; use obs->X->var links for payload resolution	shared_exact_hash	viperturb/genome_wide_binC/var.h5ad	0WRb7mWMsnPWdgZs0000	-gEzhxIeY0F5ugDn4WKzAw	viperturb/genome_wide_binC
viperturb/genome_wide_binC	genome_wide_binC	VIPerturbSeq	L0cNSvumXMg3BB8q0001	viperturb/genome_wide_binC/chunk_0003/obs.parquet	canonical_obs	viperturb/genome_wide_binC	viperturb/genome_wide_binC/chunk_0003	chunk	chunk_0003	3	25000	19068	unknown					scRNA-seq	unknown	CRISPR	unknown	unknown	unknown	True	True	False	False	triplet-integrity-ok	2	original	jkobject:GCjqQtGwPzkY	jkobject:GCjqQtGwPzkY	additions	20260624-shared-var	metadata-only collection manifest; use obs->X->var links for payload resolution	shared_exact_hash	viperturb/genome_wide_binC/var.h5ad	0WRb7mWMsnPWdgZs0000	-gEzhxIeY0F5ugDn4WKzAw	viperturb/genome_wide_binC
viperturb/genome_wide_binC	genome_wide_binC	VIPerturbSeq	5VwVkeMAj7P8LsNV0001	viperturb/genome_wide_binC/chunk_0004/obs.parquet	canonical_obs	viperturb/genome_wide_binC	viperturb/genome_wide_binC/chunk_0004	chunk	chunk_0004	4	25000	19068	unknown					scRNA-seq	unknown	CRISPR	unknown	unknown	unknown	True	True	False	False	triplet-integrity-ok	2	original	jkobject:GCjqQtGwPzkY	jkobject:GCjqQtGwPzkY	additions	20260624-shared-var	metadata-only collection manifest; use obs->X->var links for payload resolution	shared_exact_hash	viperturb/genome_wide_binC/var.h5ad	0WRb7mWMsnPWdgZs0000	-gEzhxIeY0F5ugDn4WKzAw	viperturb/genome_wide_binC
viperturb/genome_wide_binC	genome_wide_binC	VIPerturbSeq	pUDtrShqaMEAHBA60001	viperturb/genome_wide_binC/chunk_0005/obs.parquet	canonical_obs	viperturb/genome_wide_binC	viperturb/genome_wide_binC/chunk_0005	chunk	chunk_0005	5	25000	19068	unknown					scRNA-seq	unknown	CRISPR	unknown	unknown	unknown	True	True	False	False	triplet-integrity-ok	2	original	jkobject:GCjqQtGwPzkY	jkobject:GCjqQtGwPzkY	additions	20260624-shared-var	metadata-only collection manifest; use obs->X->var links for payload resolution	shared_exact_hash	viperturb/genome_wide_binC/var.h5ad	0WRb7mWMsnPWdgZs0000	-gEzhxIeY0F5ugDn4WKzAw	viperturb/genome_wide_binC
viperturb/genome_wide_binC	genome_wide_binC	VIPerturbSeq	ugyZCH42lheSPYzB0001	viperturb/genome_wide_binC/chunk_0006/obs.parquet	canonical_obs	viperturb/genome_wide_binC	viperturb/genome_wide_binC/chunk_0006	chunk	chunk_0006	6	25000	19068	unknown					scRNA-seq	unknown	CRISPR	unknown	unknown	unknown	True	True	False	False	triplet-integrity-ok	2	original	jkobject:GCjqQtGwPzkY	jkobject:GCjqQtGwPzkY	additions	20260624-shared-var	metadata-only collection manifest; use obs->X->var links for payload resolution	shared_exact_hash	viperturb/genome_wide_binC/var.h5ad	0WRb7mWMsnPWdgZs0000	-gEzhxIeY0F5ugDn4WKzAw	viperturb/genome_wide_binC
viperturb/genome_wide_binC	genome_wide_binC	VIPerturbSeq	5iAFXDHxJBu2QHBk0001	viperturb/genome_wide_binC/chunk_0007/obs.parquet	canonical_obs	viperturb/genome_wide_binC	viperturb/genome_wide_binC/chunk_0007	chunk	chunk_0007	7	25000	19068	unknown					scRNA-seq	unknown	CRISPR	unknown	unknown	unknown	True	True	False	False	triplet-integrity-ok	2	original	jkobject:GCjqQtGwPzkY	jkobject:GCjqQtGwPzkY	additions	20260624-shared-var	metadata-only collection manifest; use obs->X->var links for payload resolution	shared_exact_hash	viperturb/genome_wide_binC/var.h5ad	0WRb7mWMsnPWdgZs0000	-gEzhxIeY0F5ugDn4WKzAw	viperturb/genome_wide_binC
viperturb/genome_wide_binC	genome_wide_binC	VIPerturbSeq	Z3tnBLFCYzXgXh8F0001	viperturb/genome_wide_binC/chunk_0008/obs.parquet	canonical_obs	viperturb/genome_wide_binC	viperturb/genome_wide_binC/chunk_0008	chunk	chunk_0008	8	25000	19068	unknown					scRNA-seq	unknown	CRISPR	unknown	unknown	unknown	True	True	True	False	triplet-integrity-ok	2	original	jkobject:GCjqQtGwPzkY	jkobject:GCjqQtGwPzkY	additions	20260624-shared-var	metadata-only collection manifest; use obs->X->var links for payload resolution	shared_exact_hash	viperturb/genome_wide_binC/var.h5ad	0WRb7mWMsnPWdgZs0000	-gEzhxIeY0F5ugDn4WKzAw	viperturb/genome_wide_binC
viperturb/genome_wide_binC	genome_wide_binC	VIPerturbSeq	jx6YYXWN4KpE2ocl0001	viperturb/genome_wide_binC/chunk_0009/obs.parquet	canonical_obs	viperturb/genome_wide_binC	viperturb/genome_wide_binC/chunk_0009	chunk	chunk_0009	9	25000	19068	unknown					scRNA-seq	unknown	CRISPR	unknown	unknown	unknown	True	True	False	False	triplet-integrity-ok	2	original	jkobject:GCjqQtGwPzkY	jkobject:GCjqQtGwPzkY	additions	20260624-shared-var	metadata-only collection manifest; use obs->X->var links for payload resolution	shared_exact_hash	viperturb/genome_wide_binC/var.h5ad	0WRb7mWMsnPWdgZs0000	-gEzhxIeY0F5ugDn4WKzAw	viperturb/genome_wide_binC
viperturb/genome_wide_binC	genome_wide_binC	VIPerturbSeq	1RalKO9EoDG2Sa4z0001	viperturb/genome_wide_binC/chunk_0010/obs.parquet	canonical_obs	viperturb/genome_wide_binC	viperturb/genome_wide_binC/chunk_0010	chunk	chunk_0010	10	10531	19068	unknown					scRNA-seq	unknown	CRISPR	unknown	unknown	unknown	True	True	False	False	triplet-integrity-ok	2	original	jkobject:GCjqQtGwPzkY	jkobject:GCjqQtGwPzkY	additions	20260624-shared-var	metadata-only collection manifest; use obs->X->var links for payload resolution	shared_exact_hash	viperturb/genome_wide_binC/var.h5ad	0WRb7mWMsnPWdgZs0000	-gEzhxIeY0F5ugDn4WKzAw	viperturb/genome_wide_binC
viperturb/genome_wide_filtered	genome_wide_filtered	VIPerturbSeq	L7wVbo9VCAEl39HD0001	viperturb/genome_wide_filtered/chunk_0000/obs.parquet	canonical_obs	viperturb/genome_wide_filtered	viperturb/genome_wide_filtered/chunk_0000	chunk	chunk_0000	0	25000	19068	unknown					scRNA-seq	unknown	CRISPR	unknown	unknown	unknown	True	True	False	False	triplet-integrity-ok	2	original	jkobject:GCjqQtGwPzkY	jkobject:GCjqQtGwPzkY	additions	20260624-shared-var	metadata-only collection manifest; use obs->X->var links for payload resolution	shared_exact_hash	viperturb/genome_wide_filtered/var.h5ad	WYXmxlHuga8MH8yu0000	-gEzhxIeY0F5ugDn4WKzAw	viperturb/genome_wide_filtered
viperturb/genome_wide_filtered	genome_wide_filtered	VIPerturbSeq	9PrRiCuq1mWGJvF20001	viperturb/genome_wide_filtered/chunk_0001/obs.parquet	canonical_obs	viperturb/genome_wide_filtered	viperturb/genome_wide_filtered/chunk_0001	chunk	chunk_0001	1	25000	19068	unknown					scRNA-seq	unknown	CRISPR	unknown	unknown	unknown	True	True	False	False	triplet-integrity-ok	2	original	jkobject:GCjqQtGwPzkY	jkobject:GCjqQtGwPzkY	additions	20260624-shared-var	metadata-only collection manifest; use obs->X->var links for payload resolution	shared_exact_hash	viperturb/genome_wide_filtered/var.h5ad	WYXmxlHuga8MH8yu0000	-gEzhxIeY0F5ugDn4WKzAw	viperturb/genome_wide_filtered
viperturb/genome_wide_filtered	genome_wide_filtered	VIPerturbSeq	AVsC3yxKiS7iWZKs0001	viperturb/genome_wide_filtered/chunk_0002/obs.parquet	canonical_obs	viperturb/genome_wide_filtered	viperturb/genome_wide_filtered/chunk_0002	chunk	chunk_0002	2	25000	19068	unknown					scRNA-seq	unknown	CRISPR	unknown	unknown	unknown	True	True	False	False	triplet-integrity-ok	2	original	jkobject:GCjqQtGwPzkY	jkobject:GCjqQtGwPzkY	additions	20260624-shared-var	metadata-only collection manifest; use obs->X->var links for payload resolution	shared_exact_hash	viperturb/genome_wide_filtered/var.h5ad	WYXmxlHuga8MH8yu0000	-gEzhxIeY0F5ugDn4WKzAw	viperturb/genome_wide_filtered
viperturb/genome_wide_filtered	genome_wide_filtered	VIPerturbSeq	K7DUo5y4SEF8SsU40001	viperturb/genome_wide_filtered/chunk_0003/obs.parquet	canonical_obs	viperturb/genome_wide_filtered	viperturb/genome_wide_filtered/chunk_0003	chunk	chunk_0003	3	25000	19068	unknown					scRNA-seq	unknown	CRISPR	unknown	unknown	unknown	True	True	False	False	triplet-integrity-ok	2	original	jkobject:GCjqQtGwPzkY	jkobject:GCjqQtGwPzkY	additions	20260624-shared-var	metadata-only collection manifest; use obs->X->var links for payload resolution	shared_exact_hash	viperturb/genome_wide_filtered/var.h5ad	WYXmxlHuga8MH8yu0000	-gEzhxIeY0F5ugDn4WKzAw	viperturb/genome_wide_filtered
viperturb/genome_wide_filtered	genome_wide_filtered	VIPerturbSeq	dGO2c7lhvlSzlHCy0001	viperturb/genome_wide_filtered/chunk_0004/obs.parquet	canonical_obs	viperturb/genome_wide_filtered	viperturb/genome_wide_filtered/chunk_0004	chunk	chunk_0004	4	25000	19068	unknown					scRNA-seq	unknown	CRISPR	unknown	unknown	unknown	True	True	False	False	triplet-integrity-ok	2	original	jkobject:GCjqQtGwPzkY	jkobject:GCjqQtGwPzkY	additions	20260624-shared-var	metadata-only collection manifest; use obs->X->var links for payload resolution	shared_exact_hash	viperturb/genome_wide_filtered/var.h5ad	WYXmxlHuga8MH8yu0000	-gEzhxIeY0F5ugDn4WKzAw	viperturb/genome_wide_filtered
viperturb/genome_wide_filtered	genome_wide_filtered	VIPerturbSeq	ErbGUxQvPv4glgHy0001	viperturb/genome_wide_filtered/chunk_0005/obs.parquet	canonical_obs	viperturb/genome_wide_filtered	viperturb/genome_wide_filtered/chunk_0005	chunk	chunk_0005	5	25000	19068	unknown					scRNA-seq	unknown	CRISPR	unknown	unknown	unknown	True	True	False	False	triplet-integrity-ok	2	original	jkobject:GCjqQtGwPzkY	jkobject:GCjqQtGwPzkY	additions	20260624-shared-var	metadata-only collection manifest; use obs->X->var links for payload resolution	shared_exact_hash	viperturb/genome_wide_filtered/var.h5ad	WYXmxlHuga8MH8yu0000	-gEzhxIeY0F5ugDn4WKzAw	viperturb/genome_wide_filtered
viperturb/genome_wide_filtered	genome_wide_filtered	VIPerturbSeq	diGYMQA5P80RMx0I0001	viperturb/genome_wide_filtered/chunk_0006/obs.parquet	canonical_obs	viperturb/genome_wide_filtered	viperturb/genome_wide_filtered/chunk_0006	chunk	chunk_0006	6	25000	19068	unknown					scRNA-seq	unknown	CRISPR	unknown	unknown	unknown	True	True	False	False	triplet-integrity-ok	2	original	jkobject:GCjqQtGwPzkY	jkobject:GCjqQtGwPzkY	additions	20260624-shared-var	metadata-only collection manifest; use obs->X->var links for payload resolution	shared_exact_hash	viperturb/genome_wide_filtered/var.h5ad	WYXmxlHuga8MH8yu0000	-gEzhxIeY0F5ugDn4WKzAw	viperturb/genome_wide_filtered
viperturb/genome_wide_filtered	genome_wide_filtered	VIPerturbSeq	StEWEhPA6GEMsX9I0001	viperturb/genome_wide_filtered/chunk_0007/obs.parquet	canonical_obs	viperturb/genome_wide_filtered	viperturb/genome_wide_filtered/chunk_0007	chunk	chunk_0007	7	25000	19068	unknown					scRNA-seq	unknown	CRISPR	unknown	unknown	unknown	True	True	False	False	triplet-integrity-ok	2	original	jkobject:GCjqQtGwPzkY	jkobject:GCjqQtGwPzkY	additions	20260624-shared-var	metadata-only collection manifest; use obs->X->var links for payload resolution	shared_exact_hash	viperturb/genome_wide_filtered/var.h5ad	WYXmxlHuga8MH8yu0000	-gEzhxIeY0F5ugDn4WKzAw	viperturb/genome_wide_filtered
viperturb/genome_wide_filtered	genome_wide_filtered	VIPerturbSeq	HrrlH2mXnIKOzk1O0001	viperturb/genome_wide_filtered/chunk_0008/obs.parquet	canonical_obs	viperturb/genome_wide_filtered	viperturb/genome_wide_filtered/chunk_0008	chunk	chunk_0008	8	25000	19068	unknown					scRNA-seq	unknown	CRISPR	unknown	unknown	unknown	True	True	False	False	triplet-integrity-ok	2	original	jkobject:GCjqQtGwPzkY	jkobject:GCjqQtGwPzkY	additions	20260624-shared-var	metadata-only collection manifest; use obs->X->var links for payload resolution	shared_exact_hash	viperturb/genome_wide_filtered/var.h5ad	WYXmxlHuga8MH8yu0000	-gEzhxIeY0F5ugDn4WKzAw	viperturb/genome_wide_filtered
viperturb/genome_wide_filtered	genome_wide_filtered	VIPerturbSeq	mLpNRYboxTc3aCrz0001	viperturb/genome_wide_filtered/chunk_0009/obs.parquet	canonical_obs	viperturb/genome_wide_filtered	viperturb/genome_wide_filtered/chunk_0009	chunk	chunk_0009	9	25000	19068	unknown					scRNA-seq	unknown	CRISPR	unknown	unknown	unknown	True	True	False	False	triplet-integrity-ok	2	original	jkobject:GCjqQtGwPzkY	jkobject:GCjqQtGwPzkY	additions	20260624-shared-var	metadata-only collection manifest; use obs->X->var links for payload resolution	shared_exact_hash	viperturb/genome_wide_filtered/var.h5ad	WYXmxlHuga8MH8yu0000	-gEzhxIeY0F5ugDn4WKzAw	viperturb/genome_wide_filtered
viperturb/genome_wide_filtered	genome_wide_filtered	VIPerturbSeq	Gh2PIMpZmkUXsXa50001	viperturb/genome_wide_filtered/chunk_0010/obs.parquet	canonical_obs	viperturb/genome_wide_filtered	viperturb/genome_wide_filtered/chunk_0010	chunk	chunk_0010	10	25000	19068	unknown					scRNA-seq	unknown	CRISPR	unknown	unknown	unknown	True	True	False	False	triplet-integrity-ok	2	original	jkobject:GCjqQtGwPzkY	jkobject:GCjqQtGwPzkY	additions	20260624-shared-var	metadata-only collection manifest; use obs->X->var links for payload resolution	shared_exact_hash	viperturb/genome_wide_filtered/var.h5ad	WYXmxlHuga8MH8yu0000	-gEzhxIeY0F5ugDn4WKzAw	viperturb/genome_wide_filtered
viperturb/genome_wide_filtered	genome_wide_filtered	VIPerturbSeq	fMC35BQAiA7OEdQj0001	viperturb/genome_wide_filtered/chunk_0011/obs.parquet	canonical_obs	viperturb/genome_wide_filtered	viperturb/genome_wide_filtered/chunk_0011	chunk	chunk_0011	11	25000	19068	unknown					scRNA-seq	unknown	CRISPR	unknown	unknown	unknown	True	True	False	False	triplet-integrity-ok	2	original	jkobject:GCjqQtGwPzkY	jkobject:GCjqQtGwPzkY	additions	20260624-shared-var	metadata-only collection manifest; use obs->X->var links for payload resolution	shared_exact_hash	viperturb/genome_wide_filtered/var.h5ad	WYXmxlHuga8MH8yu0000	-gEzhxIeY0F5ugDn4WKzAw	viperturb/genome_wide_filtered
viperturb/genome_wide_filtered	genome_wide_filtered	VIPerturbSeq	MI18iV3NSdFfg8910001	viperturb/genome_wide_filtered/chunk_0012/obs.parquet	canonical_obs	viperturb/genome_wide_filtered	viperturb/genome_wide_filtered/chunk_0012	chunk	chunk_0012	12	25000	19068	unknown					scRNA-seq	unknown	CRISPR	unknown	unknown	unknown	True	True	False	False	triplet-integrity-ok	2	original	jkobject:GCjqQtGwPzkY	jkobject:GCjqQtGwPzkY	additions	20260624-shared-var	metadata-only collection manifest; use obs->X->var links for payload resolution	shared_exact_hash	viperturb/genome_wide_filtered/var.h5ad	WYXmxlHuga8MH8yu0000	-gEzhxIeY0F5ugDn4WKzAw	viperturb/genome_wide_filtered
viperturb/genome_wide_filtered	genome_wide_filtered	VIPerturbSeq	kS5U4BJqg5zzSBdU0001	viperturb/genome_wide_filtered/chunk_0013/obs.parquet	canonical_obs	viperturb/genome_wide_filtered	viperturb/genome_wide_filtered/chunk_0013	chunk	chunk_0013	13	1247	19068	unknown					scRNA-seq	unknown	CRISPR	unknown	unknown	unknown	True	True	False	False	triplet-integrity-ok	2	original	jkobject:GCjqQtGwPzkY	jkobject:GCjqQtGwPzkY	additions	20260624-shared-var	metadata-only collection manifest; use obs->X->var links for payload resolution	shared_exact_hash	viperturb/genome_wide_filtered/var.h5ad	WYXmxlHuga8MH8yu0000	-gEzhxIeY0F5ugDn4WKzAw	viperturb/genome_wide_filtered
viperturb/multimodal_cell_line_mixing_pilot	multimodal_cell_line_mixing_pilot	VIPerturbSeq	MDTzt8njmGoLpCt10002	viperturb/multimodal_cell_line_mixing_pilot/obs.parquet	canonical_obs	viperturb/multimodal_cell_line_mixing_pilot	viperturb/multimodal_cell_line_mixing_pilot	none			11113	16336	unknown					scRNA-seq	unknown	CRISPR	unknown	unknown	unknown	True	True	False	True	triplet-integrity-ok	2	original	jkobject:GCjqQtGwPzkY	jkobject:GCjqQtGwPzkY	additions	20260624-shared-var	metadata-only collection manifest; use obs->X->var links for payload resolution	same_prefix	viperturb/multimodal_cell_line_mixing_pilot/var.parquet			
viperturb/vimentin_screen	vimentin_screen	VIPerturbSeq	vCWgmJIZeExyrvsG0003	viperturb/vimentin_screen/obs.parquet	canonical_obs	viperturb/vimentin_screen	viperturb/vimentin_screen	none			12643	17362	unknown					scRNA-seq	unknown	CRISPR	unknown	unknown	unknown	True	True	False	True	triplet-integrity-ok	2	original	jkobject:GCjqQtGwPzkY	jkobject:GCjqQtGwPzkY	additions	20260624-shared-var	metadata-only collection manifest; use obs->X->var links for payload resolution	same_prefix	viperturb/vimentin_screen/var.parquet			
viperturb/vimentin_screen_chunk_smoke	vimentin_screen_chunk_smoke	VIPerturbSeq	sqmXrBrqV6G7TuEK0000	viperturb/vimentin_screen_chunk_smoke/chunk_0000/obs.parquet	canonical_obs	viperturb/vimentin_screen_chunk_smoke	viperturb/vimentin_screen_chunk_smoke/chunk_0000	chunk	chunk_0000	0	1000	17362	unknown					scRNA-seq	unknown	CRISPR	unknown	unknown	unknown	True	True	False	True	triplet-integrity-ok	2	original	jkobject:GCjqQtGwPzkY	jkobject:GCjqQtGwPzkY	additions	20260624-shared-var	metadata-only collection manifest; use obs->X->var links for payload resolution	same_prefix	viperturb/vimentin_screen_chunk_smoke/chunk_0000/var.parquet		eA4wVCQbYZDCHwGiwgiETg	
