dataset_name,storage_membership,in_raw,raw_objects,raw_bytes,raw_size,in_cleaned,cleaned_objects,cleaned_bytes,cleaned_size,in_lamindb,lamin_artifacts,lamin_bytes,lamin_size,lamin_dataset_id,scientific_dataset_id,lamin_classification,lamin_collection_membership,lamin_artifact_uids,lamin_inventory_evidence,lamin_branch_scope,in_canonical_lamindb,lamin_catalog_status,x_present,obs_present,var_present,chunking_status,structurally_done,obs_done,var_done,completely_done,completion_status,scientific_review_evidence
arc_vcc/2025/test,Lamin catalog working/historical,False,0,0,0 B,False,0,0,0 B,True,7,0,unknown,arc_vcc/2025/test,arc_vcc/2025/test,branch_revision,pert-gym/additions/20260621 | pert-gym/additions/20260624-tiny-tail-minimal | pert-gym/canonical/20260621 | pert-gym/canonical/20260624-shared-var | pert-gym/canonical/20260624-shared-var-alias | pert-gym/canonical/20260624-tiny-tail-minimal,mGQwo6Kqs9hOdzLl0000 | jMYzsqDae2UOGaLS0000 | jO1U5UVWKJ6gpS0H0000 | nRgb7u4dK8GcIXqX0000 | 35UCTnLWm1E8AI8l0000 | mGQwo6Kqs9hOdzLl0001 | jO1U5UVWKJ6gpS0H0001,jkobject-vs-main-v1@2026-07-11T23:11:48Z,main_and_jkobject_with_jkobject_revision,False,working_or_historical_not_in_canonical_cleaned_layout,True,True,True,unknown_requires_link_readback,False,False,False,False,catalog_record_requires_structural_readback,TODO.md accepted OBS=10/70 VAR=8/70 @ 2026-07-27
arc_vcc/2025/train,Lamin catalog working/historical,False,0,0,0 B,False,0,0,0 B,True,10,0,unknown,arc_vcc/2025/train,arc_vcc/2025/train,branch_revision,pert-gym/additions/20260621 | pert-gym/additions/20260624-tiny-tail-minimal | pert-gym/canonical/20260621 | pert-gym/canonical/20260624-shared-var | pert-gym/canonical/20260624-shared-var-alias | pert-gym/canonical/20260624-tiny-tail-minimal,kcoW2Hh7iua05uC30000 | 4jiOyj7mHNFM3ZMM0000 | HWI9cAQzG4x0j3nn0000 | GRgJf9TdsDZqOqGU0000 | BEdeusbAG0YhvWen0000 | RJ3rYBXHNl8c4Lym0000 | MvUVFg0pX9Z19W0A0000 | kcoW2Hh7iua05uC30001 | GRgJf9TdsDZqOqGU0001 | RJ3rYBXHNl8c4Lym0001,jkobject-vs-main-v1@2026-07-11T23:11:48Z,main_and_jkobject_with_jkobject_revision,False,working_or_historical_not_in_canonical_cleaned_layout,True,True,True,unknown_requires_link_readback,False,False,False,False,catalog_record_requires_structural_readback,TODO.md accepted OBS=10/70 VAR=8/70 @ 2026-07-27
arc_vcc/2025/validation,Lamin catalog working/historical,False,0,0,0 B,False,0,0,0 B,True,3,0,unknown,arc_vcc/2025/validation,arc_vcc/2025/validation,branch_revision,pert-gym/additions/20260621 | pert-gym/additions/20260624-tiny-tail-minimal | pert-gym/canonical/20260621 | pert-gym/canonical/20260624-shared-var | pert-gym/canonical/20260624-shared-var-alias | pert-gym/canonical/20260624-tiny-tail-minimal,Zk9b1xHT1OX9cUgZ0000 | TPAZTaNsYFxzqLXE0000 | Zk9b1xHT1OX9cUgZ0001,jkobject-vs-main-v1@2026-07-11T23:11:48Z,main_and_jkobject_with_jkobject_revision,False,working_or_historical_not_in_canonical_cleaned_layout,False,True,True,unknown_requires_link_readback,False,False,False,False,catalog_record_requires_structural_readback,TODO.md accepted OBS=10/70 VAR=8/70 @ 2026-07-27
arc_vcc_2025,raw,True,3,34362204170,32.00 GB,False,0,0,0 B,False,0,0,0 B,,,,,,,not_established_by_branch_delta_snapshot,False,no_canonical_lamin_evidence,False,False,False,not_applicable_or_unknown,False,False,False,False,not_structurally_done,TODO.md accepted OBS=10/70 VAR=8/70 @ 2026-07-27
broad_prism_repurposing,raw + Lamin catalog working/historical,True,2,480863316,458.59 MB,False,0,0,0 B,True,4,0,0 B,broad_prism_repurposing,broad_prism_repurposing,branch_revision,pert-gym/additions/20260621 | pert-gym/additions/20260624-tiny-tail-minimal | pert-gym/canonical/20260621 | pert-gym/canonical/20260624-shared-var | pert-gym/canonical/20260624-shared-var-alias | pert-gym/canonical/20260624-tiny-tail-minimal,eKrJkcFDb9TEDbte0000 | eKrJkcFDb9TEDbte0001 | eKrJkcFDb9TEDbte0002 | eKrJkcFDb9TEDbte0003,jkobject-vs-main-v1@2026-07-11T23:11:48Z,main_and_jkobject_with_jkobject_revision,False,working_or_historical_not_in_canonical_cleaned_layout,False,True,True,unknown_requires_link_readback,False,False,False,False,catalog_record_requires_structural_readback,TODO.md accepted OBS=10/70 VAR=8/70 @ 2026-07-27
c_elegans_embryogenesis,cleaned + canonical LaminDB,False,0,0,0 B,True,4,358016551,341.43 MB,True,3,358014860,341.43 MB,,,,,,,jkobject_canonical_cleaned,True,canonical_cleaned_artifact,True,True,True,single_triplet_not_chunked,True,False,False,False,structurally_done_scientific_review_pending,TODO.md accepted OBS=10/70 VAR=8/70 @ 2026-07-27
cellarity/GSE305370/GSE305370_citeseq_alldonors_alldays,Lamin catalog working/historical,False,0,0,0 B,False,0,0,0 B,True,2,0,unknown,cellarity/GSE305370/GSE305370_citeseq_alldonors_alldays,cellarity/GSE305370/GSE305370_citeseq_alldonors_alldays,branch_revision,,iCyDpIOMsfFaSz6O0001 | dAFlb7abls3HQl5M0001,jkobject-vs-main-v1@2026-07-11T23:11:48Z,main_and_jkobject_with_jkobject_revision,False,working_or_historical_not_in_canonical_cleaned_layout,False,True,True,unknown_requires_link_readback,False,False,False,False,catalog_record_requires_structural_readback,TODO.md accepted OBS=10/70 VAR=8/70 @ 2026-07-27
cellarity/GSE305370/GSE305370_multiome_alldonors_alldays,Lamin catalog working/historical,False,0,0,0 B,False,0,0,0 B,True,2,0,unknown,cellarity/GSE305370/GSE305370_multiome_alldonors_alldays,cellarity/GSE305370/GSE305370_multiome_alldonors_alldays,branch_revision,,pE0RfeqVYLg08lPG0001 | MLE2MEOCoBJT5kPE0001,jkobject-vs-main-v1@2026-07-11T23:11:48Z,main_and_jkobject_with_jkobject_revision,False,working_or_historical_not_in_canonical_cleaned_layout,False,True,True,unknown_requires_link_readback,False,False,False,False,catalog_record_requires_structural_readback,TODO.md accepted OBS=10/70 VAR=8/70 @ 2026-07-27
cellarity/GSE305370/GSE305370_rna_combined_with_velocity_and_refined_annotations,Lamin catalog working/historical,False,0,0,0 B,False,0,0,0 B,True,2,0,unknown,cellarity/GSE305370/GSE305370_rna_combined_with_velocity_and_refined_annotations,cellarity/GSE305370/GSE305370_rna_combined_with_velocity_and_refined_annotations,branch_revision,,h9D2Ff07ruRv3kJe0001 | RJbcZEfscysBCeMj0001,jkobject-vs-main-v1@2026-07-11T23:11:48Z,main_and_jkobject_with_jkobject_revision,False,working_or_historical_not_in_canonical_cleaned_layout,False,True,True,unknown_requires_link_readback,False,False,False,False,catalog_record_requires_structural_readback,TODO.md accepted OBS=10/70 VAR=8/70 @ 2026-07-27
cellarity/GSE305979/GSE305979_day0-7_normalized_counts_with_celltype_annotations,Lamin catalog working/historical,False,0,0,0 B,False,0,0,0 B,True,2,0,unknown,cellarity/GSE305979/GSE305979_day0-7_normalized_counts_with_celltype_annotations,cellarity/GSE305979/GSE305979_day0-7_normalized_counts_with_celltype_annotations,branch_revision,,FvUX0GmLYUIGty6e0001 | Is3hhpzyzvMqRAZ20001,jkobject-vs-main-v1@2026-07-11T23:11:48Z,main_and_jkobject_with_jkobject_revision,False,working_or_historical_not_in_canonical_cleaned_layout,False,True,True,unknown_requires_link_readback,False,False,False,False,catalog_record_requires_structural_readback,TODO.md accepted OBS=10/70 VAR=8/70 @ 2026-07-27
cellarity/GSE305979/GSE305979_day0_raw_counts,Lamin catalog working/historical,False,0,0,0 B,False,0,0,0 B,True,2,0,unknown,cellarity/GSE305979/GSE305979_day0_raw_counts,cellarity/GSE305979/GSE305979_day0_raw_counts,branch_revision,,9AWpNsCAn10GS9ml0001 | ugxvzG3isKtDchNG0001,jkobject-vs-main-v1@2026-07-11T23:11:48Z,main_and_jkobject_with_jkobject_revision,False,working_or_historical_not_in_canonical_cleaned_layout,False,True,True,unknown_requires_link_readback,False,False,False,False,catalog_record_requires_structural_readback,TODO.md accepted OBS=10/70 VAR=8/70 @ 2026-07-27
cellarity/GSE305979/GSE305979_day1-7_demuxed_counts,Lamin catalog working/historical,False,0,0,0 B,False,0,0,0 B,True,2,0,unknown,cellarity/GSE305979/GSE305979_day1-7_demuxed_counts,cellarity/GSE305979/GSE305979_day1-7_demuxed_counts,branch_revision,,Lg0yhjurEtaPPTP70001 | SVmujjG5GwXU0KZl0001,jkobject-vs-main-v1@2026-07-11T23:11:48Z,main_and_jkobject_with_jkobject_revision,False,working_or_historical_not_in_canonical_cleaned_layout,False,True,True,unknown_requires_link_readback,False,False,False,False,catalog_record_requires_structural_readback,TODO.md accepted OBS=10/70 VAR=8/70 @ 2026-07-27
cellarity/GSE305979/GSE305979_day1-7_raw_counts,Lamin catalog working/historical,False,0,0,0 B,False,0,0,0 B,True,2,0,unknown,cellarity/GSE305979/GSE305979_day1-7_raw_counts,cellarity/GSE305979/GSE305979_day1-7_raw_counts,branch_revision,,Zr3NlWlca2YIou4K0000 | 3gdXNHm2avLD3dLG0001,jkobject-vs-main-v1@2026-07-11T23:11:48Z,main_and_jkobject_with_jkobject_revision,False,working_or_historical_not_in_canonical_cleaned_layout,False,True,True,unknown_requires_link_readback,False,False,False,False,catalog_record_requires_structural_readback,TODO.md accepted OBS=10/70 VAR=8/70 @ 2026-07-27
cellarity/GSE306429/GSE306429_combined_demuxed,Lamin catalog working/historical,False,0,0,0 B,False,0,0,0 B,True,2,0,unknown,cellarity/GSE306429/GSE306429_combined_demuxed,cellarity/GSE306429/GSE306429_combined_demuxed,branch_revision,,ezlGxRjcR0jqdW6E0001 | DWsyQzOmlTS19kUr0001,jkobject-vs-main-v1@2026-07-11T23:11:48Z,main_and_jkobject_with_jkobject_revision,False,working_or_historical_not_in_canonical_cleaned_layout,False,True,True,unknown_requires_link_readback,False,False,False,False,catalog_record_requires_structural_readback,TODO.md accepted OBS=10/70 VAR=8/70 @ 2026-07-27
cellarity/GSE306429/GSE306429_combined_pseudobulk,Lamin catalog working/historical,False,0,0,0 B,False,0,0,0 B,True,2,0,unknown,cellarity/GSE306429/GSE306429_combined_pseudobulk,cellarity/GSE306429/GSE306429_combined_pseudobulk,branch_revision,pert-gym/canonical/20260621,HzlKD1eIPXTvAQzu0001 | JL1I0jwLaqqNU1vu0002,jkobject-vs-main-v1@2026-07-11T23:11:48Z,main_and_jkobject_with_jkobject_revision,False,working_or_historical_not_in_canonical_cleaned_layout,False,True,True,unknown_requires_link_readback,False,False,False,False,catalog_record_requires_structural_readback,TODO.md accepted OBS=10/70 VAR=8/70 @ 2026-07-27
cellarity/GSE306429/GSE306429_combined_vscores,Lamin catalog working/historical,False,0,0,0 B,False,0,0,0 B,True,2,0,unknown,cellarity/GSE306429/GSE306429_combined_vscores,cellarity/GSE306429/GSE306429_combined_vscores,branch_revision,,wQUnGNTREkmvE9XG0001 | K0em7aNI1182HV8m0001,jkobject-vs-main-v1@2026-07-11T23:11:48Z,main_and_jkobject_with_jkobject_revision,False,working_or_historical_not_in_canonical_cleaned_layout,False,True,True,unknown_requires_link_readback,False,False,False,False,catalog_record_requires_structural_readback,TODO.md accepted OBS=10/70 VAR=8/70 @ 2026-07-27
cellxgene-002a804c-cced-43ff-80d0-9a72969fe26c,cleaned,False,0,0,0 B,True,4,2747033707,2.56 GB,False,0,0,0 B,,,,,,,not_established_by_branch_delta_snapshot,False,no_canonical_lamin_evidence,True,True,True,single_triplet_not_chunked,True,False,False,False,structurally_done_scientific_review_pending,TODO.md accepted OBS=10/70 VAR=8/70 @ 2026-07-27
cellxgene-00ad9814-eb02-45b2-a5d5-1adf30124f44,cleaned,False,0,0,0 B,True,4,15337136,14.63 MB,False,0,0,0 B,,,,,,,not_established_by_branch_delta_snapshot,False,no_canonical_lamin_evidence,True,True,True,single_triplet_not_chunked,True,False,False,False,structurally_done_scientific_review_pending,TODO.md accepted OBS=10/70 VAR=8/70 @ 2026-07-27
cellxgene-0295d9fb-6745-4b6a-8530-d154f591aed7,cleaned,False,0,0,0 B,True,4,134406372,128.18 MB,False,0,0,0 B,,,,,,,not_established_by_branch_delta_snapshot,False,no_canonical_lamin_evidence,True,True,True,single_triplet_not_chunked,True,False,False,False,structurally_done_scientific_review_pending,TODO.md accepted OBS=10/70 VAR=8/70 @ 2026-07-27
cellxgene-0706b252-28ac-498e-a26f-84f29df83a2c,cleaned,False,0,0,0 B,True,4,2362009593,2.20 GB,False,0,0,0 B,,,,,,,not_established_by_branch_delta_snapshot,False,no_canonical_lamin_evidence,True,True,True,single_triplet_not_chunked,True,False,False,False,structurally_done_scientific_review_pending,TODO.md accepted OBS=10/70 VAR=8/70 @ 2026-07-27
cellxgene-089767d1-4ea9-4c36-b7b5-07fe581d6f1e,cleaned,False,0,0,0 B,True,4,131634165,125.54 MB,False,0,0,0 B,,,,,,,not_established_by_branch_delta_snapshot,False,no_canonical_lamin_evidence,True,True,True,single_triplet_not_chunked,True,False,False,False,structurally_done_scientific_review_pending,TODO.md accepted OBS=10/70 VAR=8/70 @ 2026-07-27
cellxgene-0b739959-9100-4cee-b7b7-ef26be6abc65,cleaned,False,0,0,0 B,True,4,26631574,25.40 MB,False,0,0,0 B,,,,,,,not_established_by_branch_delta_snapshot,False,no_canonical_lamin_evidence,True,True,True,single_triplet_not_chunked,True,False,False,False,structurally_done_scientific_review_pending,TODO.md accepted OBS=10/70 VAR=8/70 @ 2026-07-27
cellxgene-0d3a861f-613f-4c59-a93a-ea9bdbaad4aa,cleaned,False,0,0,0 B,True,4,24014527,22.90 MB,False,0,0,0 B,,,,,,,not_established_by_branch_delta_snapshot,False,no_canonical_lamin_evidence,True,True,True,single_triplet_not_chunked,True,False,False,False,structurally_done_scientific_review_pending,TODO.md accepted OBS=10/70 VAR=8/70 @ 2026-07-27
cellxgene-10a44ac3-09a6-42d1-9052-179e20bb2261,cleaned + canonical LaminDB,False,0,0,0 B,True,4,680494255,648.97 MB,True,3,680492139,648.97 MB,,,,,,,jkobject_canonical_cleaned,True,canonical_cleaned_artifact,True,True,True,single_triplet_not_chunked,True,False,False,False,structurally_done_scientific_review_pending,TODO.md accepted OBS=10/70 VAR=8/70 @ 2026-07-27
cellxgene-113978fc-129f-46a9-b009-8fc1e5cda5d0,cleaned,False,0,0,0 B,True,4,24843350,23.69 MB,False,0,0,0 B,,,,,,,not_established_by_branch_delta_snapshot,False,no_canonical_lamin_evidence,True,True,True,single_triplet_not_chunked,True,False,False,False,structurally_done_scientific_review_pending,TODO.md accepted OBS=10/70 VAR=8/70 @ 2026-07-27
cellxgene-1564ac46-1f2a-44c1-ad9b-54480c64558a,cleaned,False,0,0,0 B,True,4,19774523,18.86 MB,False,0,0,0 B,,,,,,,not_established_by_branch_delta_snapshot,False,no_canonical_lamin_evidence,True,True,True,single_triplet_not_chunked,True,False,False,False,structurally_done_scientific_review_pending,TODO.md accepted OBS=10/70 VAR=8/70 @ 2026-07-27
cellxgene-1978c601-9fe7-4b52-a2cb-8c3f7cffc0bc,cleaned,False,0,0,0 B,True,4,21072536,20.10 MB,False,0,0,0 B,,,,,,,not_established_by_branch_delta_snapshot,False,no_canonical_lamin_evidence,True,True,True,single_triplet_not_chunked,True,False,False,False,structurally_done_scientific_review_pending,TODO.md accepted OBS=10/70 VAR=8/70 @ 2026-07-27
cellxgene-1a99c514-e87b-4e96-a1f8-25347fdac5c2,cleaned,False,0,0,0 B,True,4,25525418,24.34 MB,False,0,0,0 B,,,,,,,not_established_by_branch_delta_snapshot,False,no_canonical_lamin_evidence,True,True,True,single_triplet_not_chunked,True,False,False,False,structurally_done_scientific_review_pending,TODO.md accepted OBS=10/70 VAR=8/70 @ 2026-07-27
cellxgene-1d9e0cc2-48f8-4311-ba07-ced10e6847b5,cleaned,False,0,0,0 B,True,4,12422738,11.85 MB,False,0,0,0 B,,,,,,,not_established_by_branch_delta_snapshot,False,no_canonical_lamin_evidence,True,True,True,single_triplet_not_chunked,True,False,False,False,structurally_done_scientific_review_pending,TODO.md accepted OBS=10/70 VAR=8/70 @ 2026-07-27
cellxgene-1e7aa2d5-92ee-4520-a5e9-8c455ce5fefa,cleaned,False,0,0,0 B,True,4,29867466,28.48 MB,False,0,0,0 B,,,,,,,not_established_by_branch_delta_snapshot,False,no_canonical_lamin_evidence,True,True,True,single_triplet_not_chunked,True,False,False,False,structurally_done_scientific_review_pending,TODO.md accepted OBS=10/70 VAR=8/70 @ 2026-07-27
cellxgene-2001fbc7-de84-4e84-9a76-4290bcd65415,cleaned,False,0,0,0 B,True,4,5991850022,5.58 GB,False,0,0,0 B,,,,,,,not_established_by_branch_delta_snapshot,False,no_canonical_lamin_evidence,True,True,True,single_triplet_not_chunked,True,False,False,False,structurally_done_scientific_review_pending,TODO.md accepted OBS=10/70 VAR=8/70 @ 2026-07-27
cellxgene-22f36261-9d08-424e-835b-28ac8ef7d54c,cleaned,False,0,0,0 B,True,4,17338191,16.53 MB,False,0,0,0 B,,,,,,,not_established_by_branch_delta_snapshot,False,no_canonical_lamin_evidence,True,True,True,single_triplet_not_chunked,True,False,False,False,structurally_done_scientific_review_pending,TODO.md accepted OBS=10/70 VAR=8/70 @ 2026-07-27
cellxgene-25582f8d-363d-4203-832f-1ad7fd1dce82,cleaned,False,0,0,0 B,True,4,23891798,22.78 MB,False,0,0,0 B,,,,,,,not_established_by_branch_delta_snapshot,False,no_canonical_lamin_evidence,True,True,True,single_triplet_not_chunked,True,False,False,False,structurally_done_scientific_review_pending,TODO.md accepted OBS=10/70 VAR=8/70 @ 2026-07-27
cellxgene-28e9d652-be0b-43b1-a48a-13ad894e2562,cleaned,False,0,0,0 B,True,4,16175232,15.43 MB,False,0,0,0 B,,,,,,,not_established_by_branch_delta_snapshot,False,no_canonical_lamin_evidence,True,True,True,single_triplet_not_chunked,True,False,False,False,structurally_done_scientific_review_pending,TODO.md accepted OBS=10/70 VAR=8/70 @ 2026-07-27
cellxgene-2ae39b65-06f8-4dd8-891f-efc68f39a1c6,cleaned + canonical LaminDB,False,0,0,0 B,True,4,1770824447,1.65 GB,True,3,1770822329,1.65 GB,,,,,,,jkobject_canonical_cleaned,True,canonical_cleaned_artifact,True,True,True,single_triplet_not_chunked,True,False,False,False,structurally_done_scientific_review_pending,TODO.md accepted OBS=10/70 VAR=8/70 @ 2026-07-27
cellxgene-3222e28e-c11c-4794-8798-1ffb19fafd08,cleaned,False,0,0,0 B,True,4,33433530,31.88 MB,False,0,0,0 B,,,,,,,not_established_by_branch_delta_snapshot,False,no_canonical_lamin_evidence,True,True,True,single_triplet_not_chunked,True,False,False,False,structurally_done_scientific_review_pending,TODO.md accepted OBS=10/70 VAR=8/70 @ 2026-07-27
cellxgene-32407d2c-1366-40f0-ae8a-e9f2f2a8726f,cleaned,False,0,0,0 B,True,4,21693978,20.69 MB,False,0,0,0 B,,,,,,,not_established_by_branch_delta_snapshot,False,no_canonical_lamin_evidence,True,True,True,single_triplet_not_chunked,True,False,False,False,structurally_done_scientific_review_pending,TODO.md accepted OBS=10/70 VAR=8/70 @ 2026-07-27
cellxgene-32e0242e-6f1e-40a0-9904-eb305fa8cf80,cleaned,False,0,0,0 B,True,4,21112920,20.13 MB,False,0,0,0 B,,,,,,,not_established_by_branch_delta_snapshot,False,no_canonical_lamin_evidence,True,True,True,single_triplet_not_chunked,True,False,False,False,structurally_done_scientific_review_pending,TODO.md accepted OBS=10/70 VAR=8/70 @ 2026-07-27
cellxgene-33539c83-b883-4529-a84f-647bd2945496,cleaned,False,0,0,0 B,True,4,62080534,59.20 MB,False,0,0,0 B,,,,,,,not_established_by_branch_delta_snapshot,False,no_canonical_lamin_evidence,True,True,True,single_triplet_not_chunked,True,False,False,False,structurally_done_scientific_review_pending,TODO.md accepted OBS=10/70 VAR=8/70 @ 2026-07-27
cellxgene-36e28322-fd1d-4aa4-ab9e-5a869caf0ffc,cleaned,False,0,0,0 B,True,4,164601088,156.98 MB,False,0,0,0 B,,,,,,,not_established_by_branch_delta_snapshot,False,no_canonical_lamin_evidence,True,True,True,single_triplet_not_chunked,True,False,False,False,structurally_done_scientific_review_pending,TODO.md accepted OBS=10/70 VAR=8/70 @ 2026-07-27
cellxgene-3c78889f-cedf-4dc7-9a94-a496e8443355,cleaned,False,0,0,0 B,True,4,802693726,765.51 MB,False,0,0,0 B,,,,,,,not_established_by_branch_delta_snapshot,False,no_canonical_lamin_evidence,True,True,True,single_triplet_not_chunked,True,False,False,False,structurally_done_scientific_review_pending,TODO.md accepted OBS=10/70 VAR=8/70 @ 2026-07-27
cellxgene-415e925c-7fd0-4cfc-81de-be08dc5cdcb3,cleaned,False,0,0,0 B,True,4,25196199,24.03 MB,False,0,0,0 B,,,,,,,not_established_by_branch_delta_snapshot,False,no_canonical_lamin_evidence,True,True,True,single_triplet_not_chunked,True,False,False,False,structurally_done_scientific_review_pending,TODO.md accepted OBS=10/70 VAR=8/70 @ 2026-07-27
cellxgene-41ef361d-f510-45e4-99d2-228c19305e27,cleaned,False,0,0,0 B,True,4,47613749,45.41 MB,False,0,0,0 B,,,,,,,not_established_by_branch_delta_snapshot,False,no_canonical_lamin_evidence,True,True,True,single_triplet_not_chunked,True,False,False,False,structurally_done_scientific_review_pending,TODO.md accepted OBS=10/70 VAR=8/70 @ 2026-07-27
cellxgene-4f1ef3f1-8f4b-49fc-ae66-64314518403a,cleaned,False,0,0,0 B,True,4,13881422,13.24 MB,False,0,0,0 B,,,,,,,not_established_by_branch_delta_snapshot,False,no_canonical_lamin_evidence,True,True,True,single_triplet_not_chunked,True,False,False,False,structurally_done_scientific_review_pending,TODO.md accepted OBS=10/70 VAR=8/70 @ 2026-07-27
cellxgene-4ffeafee-5c35-42d9-b5d4-50c90209418e,cleaned,False,0,0,0 B,True,4,14554810,13.88 MB,False,0,0,0 B,,,,,,,not_established_by_branch_delta_snapshot,False,no_canonical_lamin_evidence,True,True,True,single_triplet_not_chunked,True,False,False,False,structurally_done_scientific_review_pending,TODO.md accepted OBS=10/70 VAR=8/70 @ 2026-07-27
cellxgene-506d4a04-1802-4bbd-a2bd-3ca1f91a95be,cleaned,False,0,0,0 B,True,4,20523142,19.57 MB,False,0,0,0 B,,,,,,,not_established_by_branch_delta_snapshot,False,no_canonical_lamin_evidence,True,True,True,single_triplet_not_chunked,True,False,False,False,structurally_done_scientific_review_pending,TODO.md accepted OBS=10/70 VAR=8/70 @ 2026-07-27
cellxgene-528b660a-f592-4f19-bdf5-44c5f27610b9,cleaned,False,0,0,0 B,True,4,26426426,25.20 MB,False,0,0,0 B,,,,,,,not_established_by_branch_delta_snapshot,False,no_canonical_lamin_evidence,True,True,True,single_triplet_not_chunked,True,False,False,False,structurally_done_scientific_review_pending,TODO.md accepted OBS=10/70 VAR=8/70 @ 2026-07-27
cellxgene-54ad14be-a4df-4683-8c69-6346e2a25db9,cleaned,False,0,0,0 B,True,4,1367920004,1.27 GB,False,0,0,0 B,,,,,,,not_established_by_branch_delta_snapshot,False,no_canonical_lamin_evidence,True,True,True,single_triplet_not_chunked,True,False,False,False,structurally_done_scientific_review_pending,TODO.md accepted OBS=10/70 VAR=8/70 @ 2026-07-27
cellxgene-5584e9bf-1ff4-4a7d-84b8-d8e427713da5,cleaned + canonical LaminDB,False,0,0,0 B,True,4,350511047,334.27 MB,True,3,350508929,334.27 MB,,,,,,,jkobject_canonical_cleaned,True,canonical_cleaned_artifact,True,True,True,single_triplet_not_chunked,True,False,False,False,structurally_done_scientific_review_pending,TODO.md accepted OBS=10/70 VAR=8/70 @ 2026-07-27
cellxgene-567460ab-1af8-4df7-bf61-4aad9da2f94c,cleaned + canonical LaminDB,False,0,0,0 B,True,4,402617770,383.97 MB,True,3,402615654,383.96 MB,,,,,,,jkobject_canonical_cleaned,True,canonical_cleaned_artifact,True,True,True,single_triplet_not_chunked,True,False,False,False,structurally_done_scientific_review_pending,TODO.md accepted OBS=10/70 VAR=8/70 @ 2026-07-27
cellxgene-59d907ba-c869-41c1-9b23-65459b8f14ba,cleaned,False,0,0,0 B,True,4,18571496,17.71 MB,False,0,0,0 B,,,,,,,not_established_by_branch_delta_snapshot,False,no_canonical_lamin_evidence,True,True,True,single_triplet_not_chunked,True,False,False,False,structurally_done_scientific_review_pending,TODO.md accepted OBS=10/70 VAR=8/70 @ 2026-07-27
cellxgene-5b8a34b8-feef-4727-95ea-5f76f1440ec7,cleaned,False,0,0,0 B,True,4,94501602,90.12 MB,False,0,0,0 B,,,,,,,not_established_by_branch_delta_snapshot,False,no_canonical_lamin_evidence,True,True,True,single_triplet_not_chunked,True,False,False,False,structurally_done_scientific_review_pending,TODO.md accepted OBS=10/70 VAR=8/70 @ 2026-07-27
cellxgene-5ec81923-e7b1-47cd-afa6-9af43c01bc8e,cleaned,False,0,0,0 B,True,4,29006520,27.66 MB,False,0,0,0 B,,,,,,,not_established_by_branch_delta_snapshot,False,no_canonical_lamin_evidence,True,True,True,single_triplet_not_chunked,True,False,False,False,structurally_done_scientific_review_pending,TODO.md accepted OBS=10/70 VAR=8/70 @ 2026-07-27
cellxgene-61e5af89-1ad4-4f96-91e1-a7d72546138b,cleaned,False,0,0,0 B,True,4,30783971,29.36 MB,False,0,0,0 B,,,,,,,not_established_by_branch_delta_snapshot,False,no_canonical_lamin_evidence,True,True,True,single_triplet_not_chunked,True,False,False,False,structurally_done_scientific_review_pending,TODO.md accepted OBS=10/70 VAR=8/70 @ 2026-07-27
cellxgene-62227d79-abcd-4da5-8386-cbc2ff0a700a,cleaned,False,0,0,0 B,True,4,1308807918,1.22 GB,False,0,0,0 B,,,,,,,not_established_by_branch_delta_snapshot,False,no_canonical_lamin_evidence,True,True,True,single_triplet_not_chunked,True,False,False,False,structurally_done_scientific_review_pending,TODO.md accepted OBS=10/70 VAR=8/70 @ 2026-07-27
cellxgene-659f6e10-86fd-4b76-bc5e-34f9a09f1580,cleaned + canonical LaminDB,False,0,0,0 B,True,4,860459213,820.60 MB,True,3,860457096,820.60 MB,,,,,,,jkobject_canonical_cleaned,True,canonical_cleaned_artifact,True,True,True,single_triplet_not_chunked,True,False,False,False,structurally_done_scientific_review_pending,TODO.md accepted OBS=10/70 VAR=8/70 @ 2026-07-27
cellxgene-6bcd0232-b89a-4be7-af21-ea8f2509295e,cleaned,False,0,0,0 B,True,4,49565804,47.27 MB,False,0,0,0 B,,,,,,,not_established_by_branch_delta_snapshot,False,no_canonical_lamin_evidence,True,True,True,single_triplet_not_chunked,True,False,False,False,structurally_done_scientific_review_pending,TODO.md accepted OBS=10/70 VAR=8/70 @ 2026-07-27
cellxgene-6eb5a2c9-6e49-4794-8079-994e36276fe5,cleaned,False,0,0,0 B,True,4,22056388,21.03 MB,False,0,0,0 B,,,,,,,not_established_by_branch_delta_snapshot,False,no_canonical_lamin_evidence,True,True,True,single_triplet_not_chunked,True,False,False,False,structurally_done_scientific_review_pending,TODO.md accepted OBS=10/70 VAR=8/70 @ 2026-07-27
cellxgene-705f4445-9faa-4265-934d-9e1d2badc430,cleaned,False,0,0,0 B,True,4,198485474,189.29 MB,False,0,0,0 B,,,,,,,not_established_by_branch_delta_snapshot,False,no_canonical_lamin_evidence,True,True,True,single_triplet_not_chunked,True,False,False,False,structurally_done_scientific_review_pending,TODO.md accepted OBS=10/70 VAR=8/70 @ 2026-07-27
cellxgene-70c20b1e-d374-4390-94a2-1286e7df9b68,cleaned,False,0,0,0 B,True,4,110958032,105.82 MB,False,0,0,0 B,,,,,,,not_established_by_branch_delta_snapshot,False,no_canonical_lamin_evidence,True,True,True,single_triplet_not_chunked,True,False,False,False,structurally_done_scientific_review_pending,TODO.md accepted OBS=10/70 VAR=8/70 @ 2026-07-27
cellxgene-732a691e-4504-4226-aecf-5d627e062efc,cleaned + canonical LaminDB,False,0,0,0 B,True,4,71168302,67.87 MB,True,3,71166187,67.87 MB,,,,,,,jkobject_canonical_cleaned,True,canonical_cleaned_artifact,True,True,True,single_triplet_not_chunked,True,False,False,False,structurally_done_scientific_review_pending,TODO.md accepted OBS=10/70 VAR=8/70 @ 2026-07-27
cellxgene-7452e366-e4fe-47ec-8731-3f908a717b73,cleaned,False,0,0,0 B,True,4,17114095,16.32 MB,False,0,0,0 B,,,,,,,not_established_by_branch_delta_snapshot,False,no_canonical_lamin_evidence,True,True,True,single_triplet_not_chunked,True,False,False,False,structurally_done_scientific_review_pending,TODO.md accepted OBS=10/70 VAR=8/70 @ 2026-07-27
cellxgene-74de94ba-7aa8-43b4-8524-2935ff397464,cleaned,False,0,0,0 B,True,4,52163686,49.75 MB,False,0,0,0 B,,,,,,,not_established_by_branch_delta_snapshot,False,no_canonical_lamin_evidence,True,True,True,single_triplet_not_chunked,True,False,False,False,structurally_done_scientific_review_pending,TODO.md accepted OBS=10/70 VAR=8/70 @ 2026-07-27
cellxgene-7618ab03-de16-45eb-907e-c7bcbfc486ac,cleaned,False,0,0,0 B,True,4,30528797,29.11 MB,False,0,0,0 B,,,,,,,not_established_by_branch_delta_snapshot,False,no_canonical_lamin_evidence,True,True,True,single_triplet_not_chunked,True,False,False,False,structurally_done_scientific_review_pending,TODO.md accepted OBS=10/70 VAR=8/70 @ 2026-07-27
cellxgene-77002ee3-eb5f-4b3a-9eba-a9896d0f6d74,cleaned,False,0,0,0 B,True,4,31686780,30.22 MB,False,0,0,0 B,,,,,,,not_established_by_branch_delta_snapshot,False,no_canonical_lamin_evidence,True,True,True,single_triplet_not_chunked,True,False,False,False,structurally_done_scientific_review_pending,TODO.md accepted OBS=10/70 VAR=8/70 @ 2026-07-27
cellxgene-7e18a7e7-aa51-435f-9c96-c0e0229911f7,cleaned,False,0,0,0 B,True,4,28078731,26.78 MB,False,0,0,0 B,,,,,,,not_established_by_branch_delta_snapshot,False,no_canonical_lamin_evidence,True,True,True,single_triplet_not_chunked,True,False,False,False,structurally_done_scientific_review_pending,TODO.md accepted OBS=10/70 VAR=8/70 @ 2026-07-27
cellxgene-89350d13-6bd9-4de5-b51c-d915afbeb88f,cleaned,False,0,0,0 B,True,4,842824689,803.78 MB,False,0,0,0 B,,,,,,,not_established_by_branch_delta_snapshot,False,no_canonical_lamin_evidence,True,True,True,single_triplet_not_chunked,True,False,False,False,structurally_done_scientific_review_pending,TODO.md accepted OBS=10/70 VAR=8/70 @ 2026-07-27
cellxgene-89a80b95-3a9d-4155-8bce-b0a6eb265126,cleaned,False,0,0,0 B,True,4,23133218,22.06 MB,False,0,0,0 B,,,,,,,not_established_by_branch_delta_snapshot,False,no_canonical_lamin_evidence,True,True,True,single_triplet_not_chunked,True,False,False,False,structurally_done_scientific_review_pending,TODO.md accepted OBS=10/70 VAR=8/70 @ 2026-07-27
cellxgene-8bb1377c-57d6-48f2-96c5-fe68d0d43667,cleaned,False,0,0,0 B,True,4,1306699877,1.22 GB,False,0,0,0 B,,,,,,,not_established_by_branch_delta_snapshot,False,no_canonical_lamin_evidence,True,True,True,single_triplet_not_chunked,True,False,False,False,structurally_done_scientific_review_pending,TODO.md accepted OBS=10/70 VAR=8/70 @ 2026-07-27
cellxgene-8dcbbbc8-24c5-42d3-bb27-e7f932c63df3,cleaned,False,0,0,0 B,True,4,35036302,33.41 MB,False,0,0,0 B,,,,,,,not_established_by_branch_delta_snapshot,False,no_canonical_lamin_evidence,True,True,True,single_triplet_not_chunked,True,False,False,False,structurally_done_scientific_review_pending,TODO.md accepted OBS=10/70 VAR=8/70 @ 2026-07-27
cellxgene-92b2a34f-a316-4f14-aeb1-0f3ad0cf0eac,cleaned,False,0,0,0 B,True,4,191797033,182.91 MB,False,0,0,0 B,,,,,,,not_established_by_branch_delta_snapshot,False,no_canonical_lamin_evidence,True,True,True,single_triplet_not_chunked,True,False,False,False,structurally_done_scientific_review_pending,TODO.md accepted OBS=10/70 VAR=8/70 @ 2026-07-27
cellxgene-93dd56b0-5cac-4a99-b5cc-e0f2af2fd6b4,cleaned + canonical LaminDB,False,0,0,0 B,True,4,2396151593,2.23 GB,True,3,2396149475,2.23 GB,,,,,,,jkobject_canonical_cleaned,True,canonical_cleaned_artifact,True,True,True,single_triplet_not_chunked,True,False,False,False,structurally_done_scientific_review_pending,TODO.md accepted OBS=10/70 VAR=8/70 @ 2026-07-27
cellxgene-98715e7e-5126-49ef-9666-51be073dc372,cleaned,False,0,0,0 B,True,4,31462334,30.00 MB,False,0,0,0 B,,,,,,,not_established_by_branch_delta_snapshot,False,no_canonical_lamin_evidence,True,True,True,single_triplet_not_chunked,True,False,False,False,structurally_done_scientific_review_pending,TODO.md accepted OBS=10/70 VAR=8/70 @ 2026-07-27
cellxgene-99f7a3d3-f63d-4503-b14d-f36077ff6b62,cleaned,False,0,0,0 B,True,4,569548016,543.16 MB,False,0,0,0 B,,,,,,,not_established_by_branch_delta_snapshot,False,no_canonical_lamin_evidence,True,True,True,single_triplet_not_chunked,True,False,False,False,structurally_done_scientific_review_pending,TODO.md accepted OBS=10/70 VAR=8/70 @ 2026-07-27
cellxgene-9e2a712a-fbdb-4cae-8879-aecb7105e48d,cleaned,False,0,0,0 B,True,4,39636034,37.80 MB,False,0,0,0 B,,,,,,,not_established_by_branch_delta_snapshot,False,no_canonical_lamin_evidence,True,True,True,single_triplet_not_chunked,True,False,False,False,structurally_done_scientific_review_pending,TODO.md accepted OBS=10/70 VAR=8/70 @ 2026-07-27
cellxgene-9e2ff1f7-f389-4532-83f6-cc2de48630e4,cleaned,False,0,0,0 B,True,4,20639083,19.68 MB,False,0,0,0 B,,,,,,,not_established_by_branch_delta_snapshot,False,no_canonical_lamin_evidence,True,True,True,single_triplet_not_chunked,True,False,False,False,structurally_done_scientific_review_pending,TODO.md accepted OBS=10/70 VAR=8/70 @ 2026-07-27
cellxgene-9eae2529-c1e3-425a-b8da-d54635e5200a,cleaned,False,0,0,0 B,True,4,118374845,112.89 MB,False,0,0,0 B,,,,,,,not_established_by_branch_delta_snapshot,False,no_canonical_lamin_evidence,True,True,True,single_triplet_not_chunked,True,False,False,False,structurally_done_scientific_review_pending,TODO.md accepted OBS=10/70 VAR=8/70 @ 2026-07-27
cellxgene-9edbbdd6-3b5d-49c6-b5ed-f38f916d41dc,cleaned,False,0,0,0 B,True,4,20780842,19.82 MB,False,0,0,0 B,,,,,,,not_established_by_branch_delta_snapshot,False,no_canonical_lamin_evidence,True,True,True,single_triplet_not_chunked,True,False,False,False,structurally_done_scientific_review_pending,TODO.md accepted OBS=10/70 VAR=8/70 @ 2026-07-27
cellxgene-aae1234e-28ec-4fca-9fa1-d59baf26c742,cleaned,False,0,0,0 B,True,4,26525970,25.30 MB,False,0,0,0 B,,,,,,,not_established_by_branch_delta_snapshot,False,no_canonical_lamin_evidence,True,True,True,single_triplet_not_chunked,True,False,False,False,structurally_done_scientific_review_pending,TODO.md accepted OBS=10/70 VAR=8/70 @ 2026-07-27
cellxgene-ad5bedaa-7eba-4e12-855f-9c6bd281d705,cleaned,False,0,0,0 B,True,4,10566472,10.08 MB,False,0,0,0 B,,,,,,,not_established_by_branch_delta_snapshot,False,no_canonical_lamin_evidence,True,True,True,single_triplet_not_chunked,True,False,False,False,structurally_done_scientific_review_pending,TODO.md accepted OBS=10/70 VAR=8/70 @ 2026-07-27
cellxgene-ae9e6a8c-83d6-4870-a7aa-e604f1c01752,cleaned + canonical LaminDB,False,0,0,0 B,True,4,1060005503,1010.90 MB,True,3,1060003385,1010.90 MB,,,,,,,jkobject_canonical_cleaned,True,canonical_cleaned_artifact,True,True,True,single_triplet_not_chunked,True,False,False,False,structurally_done_scientific_review_pending,TODO.md accepted OBS=10/70 VAR=8/70 @ 2026-07-27
cellxgene-b1888177-06ba-4dbd-9c11-9a11814bed6d,cleaned,False,0,0,0 B,True,4,97578313,93.06 MB,False,0,0,0 B,,,,,,,not_established_by_branch_delta_snapshot,False,no_canonical_lamin_evidence,True,True,True,single_triplet_not_chunked,True,False,False,False,structurally_done_scientific_review_pending,TODO.md accepted OBS=10/70 VAR=8/70 @ 2026-07-27
cellxgene-b325f8ca-f4e9-4ea7-9b3a-329e9b984751,cleaned,False,0,0,0 B,True,4,23176897,22.10 MB,False,0,0,0 B,,,,,,,not_established_by_branch_delta_snapshot,False,no_canonical_lamin_evidence,True,True,True,single_triplet_not_chunked,True,False,False,False,structurally_done_scientific_review_pending,TODO.md accepted OBS=10/70 VAR=8/70 @ 2026-07-27
cellxgene-b4b4c464-841f-452e-b4f4-332cbca3f0dc,cleaned,False,0,0,0 B,True,4,15779706,15.05 MB,False,0,0,0 B,,,,,,,not_established_by_branch_delta_snapshot,False,no_canonical_lamin_evidence,True,True,True,single_triplet_not_chunked,True,False,False,False,structurally_done_scientific_review_pending,TODO.md accepted OBS=10/70 VAR=8/70 @ 2026-07-27
cellxgene-b72143c8-c55a-4cf4-bad0-bc04d3153c34,cleaned,False,0,0,0 B,True,4,62158612,59.28 MB,False,0,0,0 B,,,,,,,not_established_by_branch_delta_snapshot,False,no_canonical_lamin_evidence,True,True,True,single_triplet_not_chunked,True,False,False,False,structurally_done_scientific_review_pending,TODO.md accepted OBS=10/70 VAR=8/70 @ 2026-07-27
cellxgene-b93a3d91-5b40-4798-809e-5b56007bb412,cleaned,False,0,0,0 B,True,4,120567292,114.98 MB,False,0,0,0 B,,,,,,,not_established_by_branch_delta_snapshot,False,no_canonical_lamin_evidence,True,True,True,single_triplet_not_chunked,True,False,False,False,structurally_done_scientific_review_pending,TODO.md accepted OBS=10/70 VAR=8/70 @ 2026-07-27
cellxgene-bb7e8800-6646-473b-85ad-1eff637795ab,cleaned,False,0,0,0 B,True,4,30412958,29.00 MB,False,0,0,0 B,,,,,,,not_established_by_branch_delta_snapshot,False,no_canonical_lamin_evidence,True,True,True,single_triplet_not_chunked,True,False,False,False,structurally_done_scientific_review_pending,TODO.md accepted OBS=10/70 VAR=8/70 @ 2026-07-27
cellxgene-bc74d699-920e-4771-b56a-a2e91771090f,cleaned,False,0,0,0 B,True,4,1443789218,1.34 GB,False,0,0,0 B,,,,,,,not_established_by_branch_delta_snapshot,False,no_canonical_lamin_evidence,True,True,True,single_triplet_not_chunked,True,False,False,False,structurally_done_scientific_review_pending,TODO.md accepted OBS=10/70 VAR=8/70 @ 2026-07-27
cellxgene-bcb57f6b-3d94-4658-8912-bbe80f10d665,cleaned,False,0,0,0 B,True,4,108586909,103.56 MB,False,0,0,0 B,,,,,,,not_established_by_branch_delta_snapshot,False,no_canonical_lamin_evidence,True,True,True,single_triplet_not_chunked,True,False,False,False,structurally_done_scientific_review_pending,TODO.md accepted OBS=10/70 VAR=8/70 @ 2026-07-27
cellxgene-bd01f017-2f4d-4f52-807d-bc648b5a8591,cleaned,False,0,0,0 B,True,4,928253754,885.25 MB,False,0,0,0 B,,,,,,,not_established_by_branch_delta_snapshot,False,no_canonical_lamin_evidence,True,True,True,single_triplet_not_chunked,True,False,False,False,structurally_done_scientific_review_pending,TODO.md accepted OBS=10/70 VAR=8/70 @ 2026-07-27
cellxgene-c372881c-3e6a-4252-b6cd-4dcac3bde50e,cleaned,False,0,0,0 B,True,4,2254108246,2.10 GB,False,0,0,0 B,,,,,,,not_established_by_branch_delta_snapshot,False,no_canonical_lamin_evidence,True,True,True,single_triplet_not_chunked,True,False,False,False,structurally_done_scientific_review_pending,TODO.md accepted OBS=10/70 VAR=8/70 @ 2026-07-27
cellxgene-c91ee747-49a5-4e04-9462-52a72d385305,cleaned,False,0,0,0 B,True,4,34445349,32.85 MB,False,0,0,0 B,,,,,,,not_established_by_branch_delta_snapshot,False,no_canonical_lamin_evidence,True,True,True,single_triplet_not_chunked,True,False,False,False,structurally_done_scientific_review_pending,TODO.md accepted OBS=10/70 VAR=8/70 @ 2026-07-27
cellxgene-cbcb4e91-285f-442d-9417-9b5476f33ef6,cleaned,False,0,0,0 B,True,4,57701775,55.03 MB,False,0,0,0 B,,,,,,,not_established_by_branch_delta_snapshot,False,no_canonical_lamin_evidence,True,True,True,single_triplet_not_chunked,True,False,False,False,structurally_done_scientific_review_pending,TODO.md accepted OBS=10/70 VAR=8/70 @ 2026-07-27
cellxgene-ccfc61eb-af63-4f26-973f-3297db6aabee,cleaned,False,0,0,0 B,True,4,154838628,147.67 MB,False,0,0,0 B,,,,,,,not_established_by_branch_delta_snapshot,False,no_canonical_lamin_evidence,True,True,True,single_triplet_not_chunked,True,False,False,False,structurally_done_scientific_review_pending,TODO.md accepted OBS=10/70 VAR=8/70 @ 2026-07-27
cellxgene-cfc1466e-ed34-4928-befe-8aa4f2be7b0b,cleaned,False,0,0,0 B,True,4,69304067,66.09 MB,False,0,0,0 B,,,,,,,not_established_by_branch_delta_snapshot,False,no_canonical_lamin_evidence,True,True,True,single_triplet_not_chunked,True,False,False,False,structurally_done_scientific_review_pending,TODO.md accepted OBS=10/70 VAR=8/70 @ 2026-07-27
cellxgene-d12a39ce-d2da-4ed3-946a-eb8be1b0d4bd,cleaned,False,0,0,0 B,True,4,26445056,25.22 MB,False,0,0,0 B,,,,,,,not_established_by_branch_delta_snapshot,False,no_canonical_lamin_evidence,True,True,True,single_triplet_not_chunked,True,False,False,False,structurally_done_scientific_review_pending,TODO.md accepted OBS=10/70 VAR=8/70 @ 2026-07-27
cellxgene-d6e09509-5f7a-433f-b11f-ea36a2093e43,cleaned,False,0,0,0 B,True,4,30537628,29.12 MB,False,0,0,0 B,,,,,,,not_established_by_branch_delta_snapshot,False,no_canonical_lamin_evidence,True,True,True,single_triplet_not_chunked,True,False,False,False,structurally_done_scientific_review_pending,TODO.md accepted OBS=10/70 VAR=8/70 @ 2026-07-27
cellxgene-d96ac98d-64a2-4fea-afcd-f75a8ae2946c,cleaned,False,0,0,0 B,True,4,51859395,49.46 MB,False,0,0,0 B,,,,,,,not_established_by_branch_delta_snapshot,False,no_canonical_lamin_evidence,True,True,True,single_triplet_not_chunked,True,False,False,False,structurally_done_scientific_review_pending,TODO.md accepted OBS=10/70 VAR=8/70 @ 2026-07-27
cellxgene-debd5085-c4a9-40d8-87d5-127ff4176c1f,cleaned,False,0,0,0 B,True,4,780129272,743.99 MB,False,0,0,0 B,,,,,,,not_established_by_branch_delta_snapshot,False,no_canonical_lamin_evidence,True,True,True,single_triplet_not_chunked,True,False,False,False,structurally_done_scientific_review_pending,TODO.md accepted OBS=10/70 VAR=8/70 @ 2026-07-27
cellxgene-df19d728-d062-4997-8705-50e8a64250cb,cleaned,False,0,0,0 B,True,4,67521077,64.39 MB,False,0,0,0 B,,,,,,,not_established_by_branch_delta_snapshot,False,no_canonical_lamin_evidence,True,True,True,single_triplet_not_chunked,True,False,False,False,structurally_done_scientific_review_pending,TODO.md accepted OBS=10/70 VAR=8/70 @ 2026-07-27
cellxgene-e1825568-6a6d-4e2d-9005-e61c15a47cb2,cleaned,False,0,0,0 B,True,4,23618603,22.52 MB,False,0,0,0 B,,,,,,,not_established_by_branch_delta_snapshot,False,no_canonical_lamin_evidence,True,True,True,single_triplet_not_chunked,True,False,False,False,structurally_done_scientific_review_pending,TODO.md accepted OBS=10/70 VAR=8/70 @ 2026-07-27
cellxgene-e38f5610-2487-448e-a0aa-f5dc7c3b5850,cleaned,False,0,0,0 B,True,4,2790773378,2.60 GB,False,0,0,0 B,,,,,,,not_established_by_branch_delta_snapshot,False,no_canonical_lamin_evidence,True,True,True,single_triplet_not_chunked,True,False,False,False,structurally_done_scientific_review_pending,TODO.md accepted OBS=10/70 VAR=8/70 @ 2026-07-27
cellxgene-e40cd4d1-eda9-4d69-9cf4-346a3bdd324e,cleaned,False,0,0,0 B,True,4,102783808,98.02 MB,False,0,0,0 B,,,,,,,not_established_by_branch_delta_snapshot,False,no_canonical_lamin_evidence,True,True,True,single_triplet_not_chunked,True,False,False,False,structurally_done_scientific_review_pending,TODO.md accepted OBS=10/70 VAR=8/70 @ 2026-07-27
cellxgene-e6fa3d66-6977-4e89-9df8-e9908b3ff8fb,cleaned,False,0,0,0 B,True,4,59006847,56.27 MB,False,0,0,0 B,,,,,,,not_established_by_branch_delta_snapshot,False,no_canonical_lamin_evidence,True,True,True,single_triplet_not_chunked,True,False,False,False,structurally_done_scientific_review_pending,TODO.md accepted OBS=10/70 VAR=8/70 @ 2026-07-27
cellxgene-e8f3e0a6-0eb5-4922-bd3a-0ed35c9314b3,cleaned,False,0,0,0 B,True,4,47491885,45.29 MB,False,0,0,0 B,,,,,,,not_established_by_branch_delta_snapshot,False,no_canonical_lamin_evidence,True,True,True,single_triplet_not_chunked,True,False,False,False,structurally_done_scientific_review_pending,TODO.md accepted OBS=10/70 VAR=8/70 @ 2026-07-27
cellxgene-eca80be0-05e9-4002-a3fc-2ec5cb0ecc11,cleaned,False,0,0,0 B,True,4,7696357,7.34 MB,False,0,0,0 B,,,,,,,not_established_by_branch_delta_snapshot,False,no_canonical_lamin_evidence,True,True,True,single_triplet_not_chunked,True,False,False,False,structurally_done_scientific_review_pending,TODO.md accepted OBS=10/70 VAR=8/70 @ 2026-07-27
cellxgene-ece391ad-c8d4-48eb-b667-166932d7b430,cleaned,False,0,0,0 B,True,4,31956000,30.48 MB,False,0,0,0 B,,,,,,,not_established_by_branch_delta_snapshot,False,no_canonical_lamin_evidence,True,True,True,single_triplet_not_chunked,True,False,False,False,structurally_done_scientific_review_pending,TODO.md accepted OBS=10/70 VAR=8/70 @ 2026-07-27
cellxgene-efcc423c-3ce2-4a65-90b4-0fac208a4e8b,cleaned,False,0,0,0 B,True,4,113185298,107.94 MB,False,0,0,0 B,,,,,,,not_established_by_branch_delta_snapshot,False,no_canonical_lamin_evidence,True,True,True,single_triplet_not_chunked,True,False,False,False,structurally_done_scientific_review_pending,TODO.md accepted OBS=10/70 VAR=8/70 @ 2026-07-27
cellxgene-f16c25da-15bd-46a4-9a3f-17093f27a2f1,cleaned,False,0,0,0 B,True,4,1586041337,1.48 GB,False,0,0,0 B,,,,,,,not_established_by_branch_delta_snapshot,False,no_canonical_lamin_evidence,True,True,True,single_triplet_not_chunked,True,False,False,False,structurally_done_scientific_review_pending,TODO.md accepted OBS=10/70 VAR=8/70 @ 2026-07-27
cellxgene-f313847f-3318-4f32-8769-d280e89541a5,cleaned,False,0,0,0 B,True,4,3587234593,3.34 GB,False,0,0,0 B,,,,,,,not_established_by_branch_delta_snapshot,False,no_canonical_lamin_evidence,True,True,True,single_triplet_not_chunked,True,False,False,False,structurally_done_scientific_review_pending,TODO.md accepted OBS=10/70 VAR=8/70 @ 2026-07-27
cellxgene-f5aad351-f815-42d5-aa88-7493c2d130e7,cleaned,False,0,0,0 B,True,4,93607711,89.27 MB,False,0,0,0 B,,,,,,,not_established_by_branch_delta_snapshot,False,no_canonical_lamin_evidence,True,True,True,single_triplet_not_chunked,True,False,False,False,structurally_done_scientific_review_pending,TODO.md accepted OBS=10/70 VAR=8/70 @ 2026-07-27
cellxgene-f8db1d89-bf49-4e03-a2ea-cdba16b89760,cleaned,False,0,0,0 B,True,4,47485282,45.29 MB,False,0,0,0 B,,,,,,,not_established_by_branch_delta_snapshot,False,no_canonical_lamin_evidence,True,True,True,single_triplet_not_chunked,True,False,False,False,structurally_done_scientific_review_pending,TODO.md accepted OBS=10/70 VAR=8/70 @ 2026-07-27
cellxgene-fa96ca96-4969-457a-b6fb-8e87d39af36b,cleaned,False,0,0,0 B,True,4,25780721,24.59 MB,False,0,0,0 B,,,,,,,not_established_by_branch_delta_snapshot,False,no_canonical_lamin_evidence,True,True,True,single_triplet_not_chunked,True,False,False,False,structurally_done_scientific_review_pending,TODO.md accepted OBS=10/70 VAR=8/70 @ 2026-07-27
cellxgene-fb09d792-857f-4342-8d50-1c1a73692597,cleaned,False,0,0,0 B,True,4,15203863,14.50 MB,False,0,0,0 B,,,,,,,not_established_by_branch_delta_snapshot,False,no_canonical_lamin_evidence,True,True,True,single_triplet_not_chunked,True,False,False,False,structurally_done_scientific_review_pending,TODO.md accepted OBS=10/70 VAR=8/70 @ 2026-07-27
cellxgene-fee48657-0a8c-431f-82b8-e34655f450eb,cleaned,False,0,0,0 B,True,4,27999039,26.70 MB,False,0,0,0 B,,,,,,,not_established_by_branch_delta_snapshot,False,no_canonical_lamin_evidence,True,True,True,single_triplet_not_chunked,True,False,False,False,structurally_done_scientific_review_pending,TODO.md accepted OBS=10/70 VAR=8/70 @ 2026-07-27
cellxgene-ff9dc4d4-3968-42ff-a7c7-8ff0715e673c,cleaned,False,0,0,0 B,True,4,54932254,52.39 MB,False,0,0,0 B,,,,,,,not_established_by_branch_delta_snapshot,False,no_canonical_lamin_evidence,True,True,True,single_triplet_not_chunked,True,False,False,False,structurally_done_scientific_review_pending,TODO.md accepted OBS=10/70 VAR=8/70 @ 2026-07-27
depmap_ccle26q1,Lamin catalog working/historical,False,0,0,0 B,False,0,0,0 B,True,3,0,unknown,depmap_ccle26q1,depmap_ccle26q1,branch_revision,pert-gym/additions/20260621 | pert-gym/additions/20260624-tiny-tail-minimal | pert-gym/canonical/20260621 | pert-gym/canonical/20260624-shared-var | pert-gym/canonical/20260624-shared-var-alias | pert-gym/canonical/20260624-tiny-tail-minimal,kCNSxyUJoJJKRSgE0000 | 0S0wAPqgigynI4Av0000 | kCNSxyUJoJJKRSgE0001,jkobject-vs-main-v1@2026-07-11T23:11:48Z,main_and_jkobject_with_jkobject_revision,False,working_or_historical_not_in_canonical_cleaned_layout,False,True,True,accepted_revision_link_readback,True,True,True,True,complete_obs_var_structure_accepted,TODO.md accepted OBS=10/70 VAR=8/70 @ 2026-07-27
depmap_ccle_26q1,raw,True,1,305007605,290.88 MB,False,0,0,0 B,False,0,0,0 B,,,,,,,not_established_by_branch_delta_snapshot,False,no_canonical_lamin_evidence,False,False,False,not_applicable_or_unknown,False,False,False,False,not_structurally_done,TODO.md accepted OBS=10/70 VAR=8/70 @ 2026-07-27
depmap_dependency26q1,Lamin catalog working/historical,False,0,0,0 B,False,0,0,0 B,True,2,0,unknown,depmap_dependency26q1,depmap_dependency26q1,added_dataset,,mueQ6d9frKaPBvWw0000 | QHh7VLMvTUUiHZ480000,jkobject-vs-main-v1@2026-07-11T23:11:48Z,jkobject_only,False,working_or_historical_not_in_canonical_cleaned_layout,False,True,True,unknown_requires_link_readback,False,False,False,False,catalog_record_requires_structural_readback,TODO.md accepted OBS=10/70 VAR=8/70 @ 2026-07-27
DRUG-seq,Lamin catalog working/historical,False,0,0,0 B,False,0,0,0 B,True,2,0,unknown,DRUG-seq,DRUG-seq,branch_revision,,vmqp94W72a1Tl2Xw0001 | mKSaEEcH4jyes43Z0001,jkobject-vs-main-v1@2026-07-11T23:11:48Z,main_and_jkobject_with_jkobject_revision,False,working_or_historical_not_in_canonical_cleaned_layout,False,True,True,accepted_revision_link_readback,True,True,True,True,complete_obs_var_structure_accepted,TODO.md accepted OBS=10/70 VAR=8/70 @ 2026-07-27
E-GEOD-234602,raw,True,3,1159907060,1.08 GB,False,0,0,0 B,False,0,0,0 B,,,,,,,not_established_by_branch_delta_snapshot,False,no_canonical_lamin_evidence,False,False,False,not_applicable_or_unknown,False,False,False,False,not_structurally_done,TODO.md accepted OBS=10/70 VAR=8/70 @ 2026-07-27
E-MTAB-6967,raw,True,1,1669415283,1.55 GB,False,0,0,0 B,False,0,0,0 B,,,,,,,not_established_by_branch_delta_snapshot,False,no_canonical_lamin_evidence,False,False,False,not_applicable_or_unknown,False,False,False,False,not_structurally_done,TODO.md accepted OBS=10/70 VAR=8/70 @ 2026-07-27
E-MTAB-8060,raw,True,3,475553674,453.52 MB,False,0,0,0 B,False,0,0,0 B,,,,,,,not_established_by_branch_delta_snapshot,False,no_canonical_lamin_evidence,False,False,False,not_applicable_or_unknown,False,False,False,False,not_structurally_done,TODO.md accepted OBS=10/70 VAR=8/70 @ 2026-07-27
E-MTAB-8894,raw,True,3,763926655,728.54 MB,False,0,0,0 B,False,0,0,0 B,,,,,,,not_established_by_branch_delta_snapshot,False,no_canonical_lamin_evidence,False,False,False,not_applicable_or_unknown,False,False,False,False,not_structurally_done,TODO.md accepted OBS=10/70 VAR=8/70 @ 2026-07-27
E-MTAB-9304,raw + cleaned,True,3,298688206,284.85 MB,True,4,189989395,181.19 MB,False,0,0,0 B,,,,,,,not_established_by_branch_delta_snapshot,False,no_canonical_lamin_evidence,True,True,True,single_triplet_not_chunked,True,False,False,False,structurally_done_scientific_review_pending,TODO.md accepted OBS=10/70 VAR=8/70 @ 2026-07-27
GDSC1,raw,True,1,30348857,28.94 MB,False,0,0,0 B,False,0,0,0 B,,,,,,,not_established_by_branch_delta_snapshot,False,no_canonical_lamin_evidence,False,False,False,not_applicable_or_unknown,False,False,False,False,not_structurally_done,TODO.md accepted OBS=10/70 VAR=8/70 @ 2026-07-27
GDSC2,raw,True,1,22112537,21.09 MB,False,0,0,0 B,False,0,0,0 B,,,,,,,not_established_by_branch_delta_snapshot,False,no_canonical_lamin_evidence,False,False,False,not_applicable_or_unknown,False,False,False,False,not_structurally_done,TODO.md accepted OBS=10/70 VAR=8/70 @ 2026-07-27
GSE120861,raw,True,2,8569906244,7.98 GB,False,0,0,0 B,False,0,0,0 B,,,,,,,not_established_by_branch_delta_snapshot,False,no_canonical_lamin_evidence,False,False,False,not_applicable_or_unknown,False,False,False,False,not_structurally_done,TODO.md accepted OBS=10/70 VAR=8/70 @ 2026-07-27
GSE124703,raw,True,1,968828528,923.95 MB,False,0,0,0 B,False,0,0,0 B,,,,,,,not_established_by_branch_delta_snapshot,False,no_canonical_lamin_evidence,False,False,False,not_applicable_or_unknown,False,False,False,False,not_structurally_done,TODO.md accepted OBS=10/70 VAR=8/70 @ 2026-07-27
GSE130238,cleaned + canonical LaminDB,False,0,0,0 B,True,4,71033004,67.74 MB,True,3,71031286,67.74 MB,temporal_pretraining/organoiddb,temporal_pretraining/organoiddb,added_dataset,,FZUAKWgDYj9jyTvL0000 | 4FDLc7GBFiy3vLMm0000 | JPISgvZmbWt0Lrbm0000,jkobject-vs-main-v1@2026-07-11T23:11:48Z,jkobject_only,True,canonical_cleaned_artifact,True,True,True,single_triplet_not_chunked,True,False,False,False,structurally_done_scientific_review_pending,TODO.md accepted OBS=10/70 VAR=8/70 @ 2026-07-27
GSE132080,raw,True,1,902325800,860.52 MB,False,0,0,0 B,False,0,0,0 B,,,,,,,not_established_by_branch_delta_snapshot,False,no_canonical_lamin_evidence,False,False,False,not_applicable_or_unknown,False,False,False,False,not_structurally_done,TODO.md accepted OBS=10/70 VAR=8/70 @ 2026-07-27
GSE133344,raw,True,1,2908531231,2.71 GB,False,0,0,0 B,False,0,0,0 B,,,,,,,not_established_by_branch_delta_snapshot,False,no_canonical_lamin_evidence,False,False,False,not_applicable_or_unknown,False,False,False,False,not_structurally_done,TODO.md accepted OBS=10/70 VAR=8/70 @ 2026-07-27
GSE138002,raw + cleaned + canonical LaminDB,True,5,1270538689,1.18 GB,True,4,424023423,404.38 MB,True,3,424021703,404.38 MB,,,,,,,jkobject_canonical_cleaned,True,canonical_cleaned_artifact,True,True,True,single_triplet_not_chunked,True,False,False,False,structurally_done_scientific_review_pending,TODO.md accepted OBS=10/70 VAR=8/70 @ 2026-07-27
GSE146194,raw,True,1,6676525637,6.22 GB,False,0,0,0 B,False,0,0,0 B,,,,,,,not_established_by_branch_delta_snapshot,False,no_canonical_lamin_evidence,False,False,False,not_applicable_or_unknown,False,False,False,False,not_structurally_done,TODO.md accepted OBS=10/70 VAR=8/70 @ 2026-07-27
GSE150062,raw,True,1,2300145810,2.14 GB,False,0,0,0 B,False,0,0,0 B,,,,,,,not_established_by_branch_delta_snapshot,False,no_canonical_lamin_evidence,False,False,False,not_applicable_or_unknown,False,False,False,False,not_structurally_done,TODO.md accepted OBS=10/70 VAR=8/70 @ 2026-07-27
GSE150818,raw,True,7,123009917,117.31 MB,False,0,0,0 B,False,0,0,0 B,,,,,,,not_established_by_branch_delta_snapshot,False,no_canonical_lamin_evidence,False,False,False,not_applicable_or_unknown,False,False,False,False,not_structurally_done,TODO.md accepted OBS=10/70 VAR=8/70 @ 2026-07-27
GSE153056,raw,True,1,858270932,818.51 MB,False,0,0,0 B,False,0,0,0 B,,,,,,,not_established_by_branch_delta_snapshot,False,no_canonical_lamin_evidence,False,False,False,not_applicable_or_unknown,False,False,False,False,not_structurally_done,TODO.md accepted OBS=10/70 VAR=8/70 @ 2026-07-27
GSE161824,raw,True,1,7100142392,6.61 GB,False,0,0,0 B,False,0,0,0 B,,,,,,,not_established_by_branch_delta_snapshot,False,no_canonical_lamin_evidence,False,False,False,not_applicable_or_unknown,False,False,False,False,not_structurally_done,TODO.md accepted OBS=10/70 VAR=8/70 @ 2026-07-27
GSE164996,raw,True,1,130682685,124.63 MB,False,0,0,0 B,False,0,0,0 B,,,,,,,not_established_by_branch_delta_snapshot,False,no_canonical_lamin_evidence,False,False,False,not_applicable_or_unknown,False,False,False,False,not_structurally_done,TODO.md accepted OBS=10/70 VAR=8/70 @ 2026-07-27
GSE165291,raw,True,1,2683796172,2.50 GB,False,0,0,0 B,False,0,0,0 B,,,,,,,not_established_by_branch_delta_snapshot,False,no_canonical_lamin_evidence,False,False,False,not_applicable_or_unknown,False,False,False,False,not_structurally_done,TODO.md accepted OBS=10/70 VAR=8/70 @ 2026-07-27
GSE165901,raw,True,2,1969760785,1.83 GB,False,0,0,0 B,False,0,0,0 B,,,,,,,not_established_by_branch_delta_snapshot,False,no_canonical_lamin_evidence,False,False,False,not_applicable_or_unknown,False,False,False,False,not_structurally_done,TODO.md accepted OBS=10/70 VAR=8/70 @ 2026-07-27
GSE182308,raw,True,1,2722733396,2.54 GB,False,0,0,0 B,False,0,0,0 B,,,,,,,not_established_by_branch_delta_snapshot,False,no_canonical_lamin_evidence,False,False,False,not_applicable_or_unknown,False,False,False,False,not_structurally_done,TODO.md accepted OBS=10/70 VAR=8/70 @ 2026-07-27
GSE190147,raw,True,3,717820296,684.57 MB,False,0,0,0 B,False,0,0,0 B,,,,,,,not_established_by_branch_delta_snapshot,False,no_canonical_lamin_evidence,False,False,False,not_applicable_or_unknown,False,False,False,False,not_structurally_done,TODO.md accepted OBS=10/70 VAR=8/70 @ 2026-07-27
GSE190604,raw,True,1,512940928,489.18 MB,False,0,0,0 B,False,0,0,0 B,,,,,,,not_established_by_branch_delta_snapshot,False,no_canonical_lamin_evidence,False,False,False,not_applicable_or_unknown,False,False,False,False,not_structurally_done,TODO.md accepted OBS=10/70 VAR=8/70 @ 2026-07-27
GSE194214,cleaned + canonical LaminDB,False,0,0,0 B,True,4,156841123,149.58 MB,True,3,156839404,149.57 MB,temporal_pretraining/organoid/odd001154_gse194214_paraxial_mesoderm_somitoids,temporal_pretraining/organoid/odd001154_gse194214_paraxial_mesoderm_somitoids,added_dataset,,ECLctORaKjRoaemK0000 | EmOxtmLMI8dNDXYo0000 | kb18lHVpqOa5uSUO0000,jkobject-vs-main-v1@2026-07-11T23:11:48Z,jkobject_only,True,canonical_cleaned_artifact,True,True,True,single_triplet_not_chunked,True,False,False,False,structurally_done_scientific_review_pending,TODO.md accepted OBS=10/70 VAR=8/70 @ 2026-07-27
GSE195510,raw,True,1,596343632,568.72 MB,False,0,0,0 B,False,0,0,0 B,,,,,,,not_established_by_branch_delta_snapshot,False,no_canonical_lamin_evidence,False,False,False,not_applicable_or_unknown,False,False,False,False,not_structurally_done,TODO.md accepted OBS=10/70 VAR=8/70 @ 2026-07-27
GSE196142,raw,True,1,196175188,187.09 MB,False,0,0,0 B,False,0,0,0 B,,,,,,,not_established_by_branch_delta_snapshot,False,no_canonical_lamin_evidence,False,False,False,not_applicable_or_unknown,False,False,False,False,not_structurally_done,TODO.md accepted OBS=10/70 VAR=8/70 @ 2026-07-27
GSE197452,raw,True,1,128613248,122.66 MB,False,0,0,0 B,False,0,0,0 B,,,,,,,not_established_by_branch_delta_snapshot,False,no_canonical_lamin_evidence,False,False,False,not_applicable_or_unknown,False,False,False,False,not_structurally_done,TODO.md accepted OBS=10/70 VAR=8/70 @ 2026-07-27
GSE203592,raw,True,1,308034864,293.76 MB,False,0,0,0 B,False,0,0,0 B,,,,,,,not_established_by_branch_delta_snapshot,False,no_canonical_lamin_evidence,False,False,False,not_applicable_or_unknown,False,False,False,False,not_structurally_done,TODO.md accepted OBS=10/70 VAR=8/70 @ 2026-07-27
GSE205310,raw,True,1,825987105,787.72 MB,False,0,0,0 B,False,0,0,0 B,,,,,,,not_established_by_branch_delta_snapshot,False,no_canonical_lamin_evidence,False,False,False,not_applicable_or_unknown,False,False,False,False,not_structurally_done,TODO.md accepted OBS=10/70 VAR=8/70 @ 2026-07-27
GSE206107,raw,True,1,590856571,563.48 MB,False,0,0,0 B,False,0,0,0 B,,,,,,,not_established_by_branch_delta_snapshot,False,no_canonical_lamin_evidence,False,False,False,not_applicable_or_unknown,False,False,False,False,not_structurally_done,TODO.md accepted OBS=10/70 VAR=8/70 @ 2026-07-27
GSE207360,raw,True,1,454601086,433.54 MB,False,0,0,0 B,False,0,0,0 B,,,,,,,not_established_by_branch_delta_snapshot,False,no_canonical_lamin_evidence,False,False,False,not_applicable_or_unknown,False,False,False,False,not_structurally_done,TODO.md accepted OBS=10/70 VAR=8/70 @ 2026-07-27
GSE208240,raw,True,1,3659200100,3.41 GB,False,0,0,0 B,False,0,0,0 B,,,,,,,not_established_by_branch_delta_snapshot,False,no_canonical_lamin_evidence,False,False,False,not_applicable_or_unknown,False,False,False,False,not_structurally_done,TODO.md accepted OBS=10/70 VAR=8/70 @ 2026-07-27
GSE210681,raw,True,1,26102404344,24.31 GB,False,0,0,0 B,False,0,0,0 B,,,,,,,not_established_by_branch_delta_snapshot,False,no_canonical_lamin_evidence,False,False,False,not_applicable_or_unknown,False,False,False,False,not_structurally_done,TODO.md accepted OBS=10/70 VAR=8/70 @ 2026-07-27
GSE212396,raw,True,1,542883879,517.73 MB,False,0,0,0 B,False,0,0,0 B,,,,,,,not_established_by_branch_delta_snapshot,False,no_canonical_lamin_evidence,False,False,False,not_applicable_or_unknown,False,False,False,False,not_structurally_done,TODO.md accepted OBS=10/70 VAR=8/70 @ 2026-07-27
GSE213511,raw,True,1,1484345328,1.38 GB,False,0,0,0 B,False,0,0,0 B,,,,,,,not_established_by_branch_delta_snapshot,False,no_canonical_lamin_evidence,False,False,False,not_applicable_or_unknown,False,False,False,False,not_structurally_done,TODO.md accepted OBS=10/70 VAR=8/70 @ 2026-07-27
GSE213921,raw,True,1,44426790,42.37 MB,False,0,0,0 B,False,0,0,0 B,,,,,,,not_established_by_branch_delta_snapshot,False,no_canonical_lamin_evidence,False,False,False,not_applicable_or_unknown,False,False,False,False,not_structurally_done,TODO.md accepted OBS=10/70 VAR=8/70 @ 2026-07-27
GSE214844,raw,True,1,454601086,433.54 MB,False,0,0,0 B,False,0,0,0 B,,,,,,,not_established_by_branch_delta_snapshot,False,no_canonical_lamin_evidence,False,False,False,not_applicable_or_unknown,False,False,False,False,not_structurally_done,TODO.md accepted OBS=10/70 VAR=8/70 @ 2026-07-27
GSE215253,raw,True,1,12141562068,11.31 GB,False,0,0,0 B,False,0,0,0 B,,,,,,,not_established_by_branch_delta_snapshot,False,no_canonical_lamin_evidence,False,False,False,not_applicable_or_unknown,False,False,False,False,not_structurally_done,TODO.md accepted OBS=10/70 VAR=8/70 @ 2026-07-27
GSE216481,raw,True,8,23203283868,21.61 GB,False,0,0,0 B,False,0,0,0 B,,,,,,,not_established_by_branch_delta_snapshot,False,no_canonical_lamin_evidence,False,False,False,not_applicable_or_unknown,False,False,False,False,not_structurally_done,TODO.md accepted OBS=10/70 VAR=8/70 @ 2026-07-27
GSE216673,raw,True,1,186703177,178.05 MB,False,0,0,0 B,False,0,0,0 B,,,,,,,not_established_by_branch_delta_snapshot,False,no_canonical_lamin_evidence,False,False,False,not_applicable_or_unknown,False,False,False,False,not_structurally_done,TODO.md accepted OBS=10/70 VAR=8/70 @ 2026-07-27
GSE217812,raw,True,1,851726397,812.27 MB,False,0,0,0 B,False,0,0,0 B,,,,,,,not_established_by_branch_delta_snapshot,False,no_canonical_lamin_evidence,False,False,False,not_applicable_or_unknown,False,False,False,False,not_structurally_done,TODO.md accepted OBS=10/70 VAR=8/70 @ 2026-07-27
GSE219317,raw,True,1,2011409355,1.87 GB,False,0,0,0 B,False,0,0,0 B,,,,,,,not_established_by_branch_delta_snapshot,False,no_canonical_lamin_evidence,False,False,False,not_applicable_or_unknown,False,False,False,False,not_structurally_done,TODO.md accepted OBS=10/70 VAR=8/70 @ 2026-07-27
GSE220974,raw,True,1,1185438711,1.10 GB,False,0,0,0 B,False,0,0,0 B,,,,,,,not_established_by_branch_delta_snapshot,False,no_canonical_lamin_evidence,False,False,False,not_applicable_or_unknown,False,False,False,False,not_structurally_done,TODO.md accepted OBS=10/70 VAR=8/70 @ 2026-07-27
GSE221321,raw,True,1,14103103221,13.13 GB,False,0,0,0 B,False,0,0,0 B,,,,,,,not_established_by_branch_delta_snapshot,False,no_canonical_lamin_evidence,False,False,False,not_applicable_or_unknown,False,False,False,False,not_structurally_done,TODO.md accepted OBS=10/70 VAR=8/70 @ 2026-07-27
GSE221882,raw,True,1,195539930,186.48 MB,False,0,0,0 B,False,0,0,0 B,,,,,,,not_established_by_branch_delta_snapshot,False,no_canonical_lamin_evidence,False,False,False,not_applicable_or_unknown,False,False,False,False,not_structurally_done,TODO.md accepted OBS=10/70 VAR=8/70 @ 2026-07-27
GSE225775,raw,True,1,15452490934,14.39 GB,False,0,0,0 B,False,0,0,0 B,,,,,,,not_established_by_branch_delta_snapshot,False,no_canonical_lamin_evidence,False,False,False,not_applicable_or_unknown,False,False,False,False,not_structurally_done,TODO.md accepted OBS=10/70 VAR=8/70 @ 2026-07-27
GSE225807,raw,True,1,194416842,185.41 MB,False,0,0,0 B,False,0,0,0 B,,,,,,,not_established_by_branch_delta_snapshot,False,no_canonical_lamin_evidence,False,False,False,not_applicable_or_unknown,False,False,False,False,not_structurally_done,TODO.md accepted OBS=10/70 VAR=8/70 @ 2026-07-27
GSE229505,raw,True,1,1469304729,1.37 GB,False,0,0,0 B,False,0,0,0 B,,,,,,,not_established_by_branch_delta_snapshot,False,no_canonical_lamin_evidence,False,False,False,not_applicable_or_unknown,False,False,False,False,not_structurally_done,TODO.md accepted OBS=10/70 VAR=8/70 @ 2026-07-27
GSE235325,raw,True,1,6212884683,5.79 GB,False,0,0,0 B,False,0,0,0 B,,,,,,,not_established_by_branch_delta_snapshot,False,no_canonical_lamin_evidence,False,False,False,not_applicable_or_unknown,False,False,False,False,not_structurally_done,TODO.md accepted OBS=10/70 VAR=8/70 @ 2026-07-27
GSE236057,raw,True,1,265170425,252.89 MB,False,0,0,0 B,False,0,0,0 B,,,,,,,not_established_by_branch_delta_snapshot,False,no_canonical_lamin_evidence,False,False,False,not_applicable_or_unknown,False,False,False,False,not_structurally_done,TODO.md accepted OBS=10/70 VAR=8/70 @ 2026-07-27
GSE236304,raw,True,1,1223142411,1.14 GB,False,0,0,0 B,False,0,0,0 B,,,,,,,not_established_by_branch_delta_snapshot,False,no_canonical_lamin_evidence,False,False,False,not_applicable_or_unknown,False,False,False,False,not_structurally_done,TODO.md accepted OBS=10/70 VAR=8/70 @ 2026-07-27
GSE236519,raw,True,1,1058023131,1009.01 MB,False,0,0,0 B,False,0,0,0 B,,,,,,,not_established_by_branch_delta_snapshot,False,no_canonical_lamin_evidence,False,False,False,not_applicable_or_unknown,False,False,False,False,not_structurally_done,TODO.md accepted OBS=10/70 VAR=8/70 @ 2026-07-27
GSE241683,raw,True,3,9878871499,9.20 GB,False,0,0,0 B,False,0,0,0 B,,,,,,,not_established_by_branch_delta_snapshot,False,no_canonical_lamin_evidence,False,False,False,not_applicable_or_unknown,False,False,False,False,not_structurally_done,TODO.md accepted OBS=10/70 VAR=8/70 @ 2026-07-27
GSE243244,raw,True,1,395698500,377.37 MB,False,0,0,0 B,False,0,0,0 B,,,,,,,not_established_by_branch_delta_snapshot,False,no_canonical_lamin_evidence,False,False,False,not_applicable_or_unknown,False,False,False,False,not_structurally_done,TODO.md accepted OBS=10/70 VAR=8/70 @ 2026-07-27
GSE246714,raw,True,1,975289638,930.11 MB,False,0,0,0 B,False,0,0,0 B,,,,,,,not_established_by_branch_delta_snapshot,False,no_canonical_lamin_evidence,False,False,False,not_applicable_or_unknown,False,False,False,False,not_structurally_done,TODO.md accepted OBS=10/70 VAR=8/70 @ 2026-07-27
GSE247274,raw,True,1,863610838,823.60 MB,False,0,0,0 B,False,0,0,0 B,,,,,,,not_established_by_branch_delta_snapshot,False,no_canonical_lamin_evidence,False,False,False,not_applicable_or_unknown,False,False,False,False,not_structurally_done,TODO.md accepted OBS=10/70 VAR=8/70 @ 2026-07-27
GSE247599,raw,True,1,1433706825,1.34 GB,False,0,0,0 B,False,0,0,0 B,,,,,,,not_established_by_branch_delta_snapshot,False,no_canonical_lamin_evidence,False,False,False,not_applicable_or_unknown,False,False,False,False,not_structurally_done,TODO.md accepted OBS=10/70 VAR=8/70 @ 2026-07-27
GSE250378,raw,True,1,3259639532,3.04 GB,False,0,0,0 B,False,0,0,0 B,,,,,,,not_established_by_branch_delta_snapshot,False,no_canonical_lamin_evidence,False,False,False,not_applicable_or_unknown,False,False,False,False,not_structurally_done,TODO.md accepted OBS=10/70 VAR=8/70 @ 2026-07-27
GSE250558,raw,True,1,1339211295,1.25 GB,False,0,0,0 B,False,0,0,0 B,,,,,,,not_established_by_branch_delta_snapshot,False,no_canonical_lamin_evidence,False,False,False,not_applicable_or_unknown,False,False,False,False,not_structurally_done,TODO.md accepted OBS=10/70 VAR=8/70 @ 2026-07-27
GSE251715,raw,True,1,2823124959,2.63 GB,False,0,0,0 B,False,0,0,0 B,,,,,,,not_established_by_branch_delta_snapshot,False,no_canonical_lamin_evidence,False,False,False,not_applicable_or_unknown,False,False,False,False,not_structurally_done,TODO.md accepted OBS=10/70 VAR=8/70 @ 2026-07-27
GSE252589,raw,True,1,835303027,796.61 MB,False,0,0,0 B,False,0,0,0 B,,,,,,,not_established_by_branch_delta_snapshot,False,no_canonical_lamin_evidence,False,False,False,not_applicable_or_unknown,False,False,False,False,not_structurally_done,TODO.md accepted OBS=10/70 VAR=8/70 @ 2026-07-27
GSE254100,raw,True,1,1078390433,1.00 GB,False,0,0,0 B,False,0,0,0 B,,,,,,,not_established_by_branch_delta_snapshot,False,no_canonical_lamin_evidence,False,False,False,not_applicable_or_unknown,False,False,False,False,not_structurally_done,TODO.md accepted OBS=10/70 VAR=8/70 @ 2026-07-27
GSE255832,raw,True,1,188161214,179.44 MB,False,0,0,0 B,False,0,0,0 B,,,,,,,not_established_by_branch_delta_snapshot,False,no_canonical_lamin_evidence,False,False,False,not_applicable_or_unknown,False,False,False,False,not_structurally_done,TODO.md accepted OBS=10/70 VAR=8/70 @ 2026-07-27
GSE261025,raw,True,1,4607920664,4.29 GB,False,0,0,0 B,False,0,0,0 B,,,,,,,not_established_by_branch_delta_snapshot,False,no_canonical_lamin_evidence,False,False,False,not_applicable_or_unknown,False,False,False,False,not_structurally_done,TODO.md accepted OBS=10/70 VAR=8/70 @ 2026-07-27
GSE261283,raw,True,1,3164306747,2.95 GB,False,0,0,0 B,False,0,0,0 B,,,,,,,not_established_by_branch_delta_snapshot,False,no_canonical_lamin_evidence,False,False,False,not_applicable_or_unknown,False,False,False,False,not_structurally_done,TODO.md accepted OBS=10/70 VAR=8/70 @ 2026-07-27
GSE263524,raw,True,1,203381564,193.96 MB,False,0,0,0 B,False,0,0,0 B,,,,,,,not_established_by_branch_delta_snapshot,False,no_canonical_lamin_evidence,False,False,False,not_applicable_or_unknown,False,False,False,False,not_structurally_done,TODO.md accepted OBS=10/70 VAR=8/70 @ 2026-07-27
GSE263747,raw,True,1,420367392,400.89 MB,False,0,0,0 B,False,0,0,0 B,,,,,,,not_established_by_branch_delta_snapshot,False,no_canonical_lamin_evidence,False,False,False,not_applicable_or_unknown,False,False,False,False,not_structurally_done,TODO.md accepted OBS=10/70 VAR=8/70 @ 2026-07-27
GSE264667,raw,True,1,12507984175,11.65 GB,False,0,0,0 B,False,0,0,0 B,,,,,,,not_established_by_branch_delta_snapshot,False,no_canonical_lamin_evidence,False,False,False,not_applicable_or_unknown,False,False,False,False,not_structurally_done,TODO.md accepted OBS=10/70 VAR=8/70 @ 2026-07-27
GSE267982,raw,True,1,702863240,670.30 MB,False,0,0,0 B,False,0,0,0 B,,,,,,,not_established_by_branch_delta_snapshot,False,no_canonical_lamin_evidence,False,False,False,not_applicable_or_unknown,False,False,False,False,not_structurally_done,TODO.md accepted OBS=10/70 VAR=8/70 @ 2026-07-27
GSE269572,cleaned + canonical LaminDB,False,0,0,0 B,True,4,347881854,331.77 MB,True,3,347879975,331.76 MB,,,,,,,jkobject_canonical_cleaned,True,canonical_cleaned_artifact,True,True,True,single_triplet_not_chunked,True,False,False,False,structurally_done_scientific_review_pending,TODO.md accepted OBS=10/70 VAR=8/70 @ 2026-07-27
GSE269596,raw,True,1,2505068264,2.33 GB,False,0,0,0 B,False,0,0,0 B,,,,,,,not_established_by_branch_delta_snapshot,False,no_canonical_lamin_evidence,False,False,False,not_applicable_or_unknown,False,False,False,False,not_structurally_done,TODO.md accepted OBS=10/70 VAR=8/70 @ 2026-07-27
GSE270828,raw,True,1,3998858504,3.72 GB,False,0,0,0 B,False,0,0,0 B,,,,,,,not_established_by_branch_delta_snapshot,False,no_canonical_lamin_evidence,False,False,False,not_applicable_or_unknown,False,False,False,False,not_structurally_done,TODO.md accepted OBS=10/70 VAR=8/70 @ 2026-07-27
GSE273271,raw,True,1,3033728368,2.83 GB,False,0,0,0 B,False,0,0,0 B,,,,,,,not_established_by_branch_delta_snapshot,False,no_canonical_lamin_evidence,False,False,False,not_applicable_or_unknown,False,False,False,False,not_structurally_done,TODO.md accepted OBS=10/70 VAR=8/70 @ 2026-07-27
GSE274751,raw,True,1,531628032,507.00 MB,False,0,0,0 B,False,0,0,0 B,,,,,,,not_established_by_branch_delta_snapshot,False,no_canonical_lamin_evidence,False,False,False,not_applicable_or_unknown,False,False,False,False,not_structurally_done,TODO.md accepted OBS=10/70 VAR=8/70 @ 2026-07-27
GSE278572,raw,True,1,4056291107,3.78 GB,False,0,0,0 B,False,0,0,0 B,,,,,,,not_established_by_branch_delta_snapshot,False,no_canonical_lamin_evidence,False,False,False,not_applicable_or_unknown,False,False,False,False,not_structurally_done,TODO.md accepted OBS=10/70 VAR=8/70 @ 2026-07-27
GSE280767,raw,True,1,2010340238,1.87 GB,False,0,0,0 B,False,0,0,0 B,,,,,,,not_established_by_branch_delta_snapshot,False,no_canonical_lamin_evidence,False,False,False,not_applicable_or_unknown,False,False,False,False,not_structurally_done,TODO.md accepted OBS=10/70 VAR=8/70 @ 2026-07-27
GSE281048,raw,True,5,20958593493,19.52 GB,False,0,0,0 B,False,0,0,0 B,,,,,,,not_established_by_branch_delta_snapshot,False,no_canonical_lamin_evidence,False,False,False,not_applicable_or_unknown,False,False,False,False,not_structurally_done,TODO.md accepted OBS=10/70 VAR=8/70 @ 2026-07-27
GSE283614,raw,True,1,1514297474,1.41 GB,False,0,0,0 B,False,0,0,0 B,,,,,,,not_established_by_branch_delta_snapshot,False,no_canonical_lamin_evidence,False,False,False,not_applicable_or_unknown,False,False,False,False,not_structurally_done,TODO.md accepted OBS=10/70 VAR=8/70 @ 2026-07-27
GSE293948,raw,True,1,12724022582,11.85 GB,False,0,0,0 B,False,0,0,0 B,,,,,,,not_established_by_branch_delta_snapshot,False,no_canonical_lamin_evidence,False,False,False,not_applicable_or_unknown,False,False,False,False,not_structurally_done,TODO.md accepted OBS=10/70 VAR=8/70 @ 2026-07-27
GSE303344,raw,True,2,647913630,617.90 MB,False,0,0,0 B,False,0,0,0 B,,,,,,,not_established_by_branch_delta_snapshot,False,no_canonical_lamin_evidence,False,False,False,not_applicable_or_unknown,False,False,False,False,not_structurally_done,TODO.md accepted OBS=10/70 VAR=8/70 @ 2026-07-27
GSE313896,raw,True,2,2400214193,2.24 GB,False,0,0,0 B,False,0,0,0 B,,,,,,,not_established_by_branch_delta_snapshot,False,no_canonical_lamin_evidence,False,False,False,not_applicable_or_unknown,False,False,False,False,not_structurally_done,TODO.md accepted OBS=10/70 VAR=8/70 @ 2026-07-27
GSE325829,raw,True,1,11076304593,10.32 GB,False,0,0,0 B,False,0,0,0 B,,,,,,,not_established_by_branch_delta_snapshot,False,no_canonical_lamin_evidence,False,False,False,not_applicable_or_unknown,False,False,False,False,not_structurally_done,TODO.md accepted OBS=10/70 VAR=8/70 @ 2026-07-27
GSE326326,raw,True,4,556209413,530.44 MB,False,0,0,0 B,False,0,0,0 B,,,,,,,not_established_by_branch_delta_snapshot,False,no_canonical_lamin_evidence,False,False,False,not_applicable_or_unknown,False,False,False,False,not_structurally_done,TODO.md accepted OBS=10/70 VAR=8/70 @ 2026-07-27
GSE334273,raw,True,3,1234391652,1.15 GB,False,0,0,0 B,False,0,0,0 B,,,,,,,not_established_by_branch_delta_snapshot,False,no_canonical_lamin_evidence,False,False,False,not_applicable_or_unknown,False,False,False,False,not_structurally_done,TODO.md accepted OBS=10/70 VAR=8/70 @ 2026-07-27
GSE90063,raw,True,1,781278144,745.08 MB,False,0,0,0 B,False,0,0,0 B,,,,,,,not_established_by_branch_delta_snapshot,False,no_canonical_lamin_evidence,False,False,False,not_applicable_or_unknown,False,False,False,False,not_structurally_done,TODO.md accepted OBS=10/70 VAR=8/70 @ 2026-07-27
GSM5901228,cleaned + canonical LaminDB,False,0,0,0 B,True,4,65661216,62.62 MB,True,3,65659494,62.62 MB,,,,,,,jkobject_canonical_cleaned,True,canonical_cleaned_artifact,True,True,True,single_triplet_not_chunked,True,False,False,False,structurally_done_scientific_review_pending,TODO.md accepted OBS=10/70 VAR=8/70 @ 2026-07-27
GSM5901229,cleaned + canonical LaminDB,False,0,0,0 B,True,4,44310066,42.26 MB,True,3,44308344,42.26 MB,,,,,,,jkobject_canonical_cleaned,True,canonical_cleaned_artifact,True,True,True,single_triplet_not_chunked,True,False,False,False,structurally_done_scientific_review_pending,TODO.md accepted OBS=10/70 VAR=8/70 @ 2026-07-27
GSM5901230,cleaned + canonical LaminDB,False,0,0,0 B,True,4,42221743,40.27 MB,True,3,42220021,40.26 MB,,,,,,,jkobject_canonical_cleaned,True,canonical_cleaned_artifact,True,True,True,single_triplet_not_chunked,True,False,False,False,structurally_done_scientific_review_pending,TODO.md accepted OBS=10/70 VAR=8/70 @ 2026-07-27
GSM5901231,cleaned + canonical LaminDB,False,0,0,0 B,True,4,61084955,58.26 MB,True,3,61083233,58.25 MB,,,,,,,jkobject_canonical_cleaned,True,canonical_cleaned_artifact,True,True,True,single_triplet_not_chunked,True,False,False,False,structurally_done_scientific_review_pending,TODO.md accepted OBS=10/70 VAR=8/70 @ 2026-07-27
GSM5901232,cleaned + canonical LaminDB,False,0,0,0 B,True,4,42222440,40.27 MB,True,3,42220718,40.26 MB,,,,,,,jkobject_canonical_cleaned,True,canonical_cleaned_artifact,True,True,True,single_triplet_not_chunked,True,False,False,False,structurally_done_scientific_review_pending,TODO.md accepted OBS=10/70 VAR=8/70 @ 2026-07-27
GSM5901233,cleaned + canonical LaminDB,False,0,0,0 B,True,4,35462073,33.82 MB,True,3,35460351,33.82 MB,,,,,,,jkobject_canonical_cleaned,True,canonical_cleaned_artifact,True,True,True,single_triplet_not_chunked,True,False,False,False,structurally_done_scientific_review_pending,TODO.md accepted OBS=10/70 VAR=8/70 @ 2026-07-27
GSM5901234,cleaned + canonical LaminDB,False,0,0,0 B,True,4,50427817,48.09 MB,True,3,50426095,48.09 MB,,,,,,,jkobject_canonical_cleaned,True,canonical_cleaned_artifact,True,True,True,single_triplet_not_chunked,True,False,False,False,structurally_done_scientific_review_pending,TODO.md accepted OBS=10/70 VAR=8/70 @ 2026-07-27
GSM5901235,cleaned + canonical LaminDB,False,0,0,0 B,True,4,118269976,112.79 MB,True,3,118268253,112.79 MB,,,,,,,jkobject_canonical_cleaned,True,canonical_cleaned_artifact,True,True,True,single_triplet_not_chunked,True,False,False,False,structurally_done_scientific_review_pending,TODO.md accepted OBS=10/70 VAR=8/70 @ 2026-07-27
GSM5901236,cleaned + canonical LaminDB,False,0,0,0 B,True,4,70784952,67.51 MB,True,3,70783230,67.50 MB,,,,,,,jkobject_canonical_cleaned,True,canonical_cleaned_artifact,True,True,True,single_triplet_not_chunked,True,False,False,False,structurally_done_scientific_review_pending,TODO.md accepted OBS=10/70 VAR=8/70 @ 2026-07-27
GSM5901237,cleaned + canonical LaminDB,False,0,0,0 B,True,4,92327230,88.05 MB,True,3,92325508,88.05 MB,,,,,,,jkobject_canonical_cleaned,True,canonical_cleaned_artifact,True,True,True,single_triplet_not_chunked,True,False,False,False,structurally_done_scientific_review_pending,TODO.md accepted OBS=10/70 VAR=8/70 @ 2026-07-27
lincs-level2-delta,cleaned,False,0,0,0 B,True,4,199487058,190.25 MB,False,0,0,0 B,,,,,,,not_established_by_branch_delta_snapshot,False,no_canonical_lamin_evidence,True,True,True,single_triplet_not_chunked,True,False,False,False,structurally_done_scientific_review_pending,TODO.md accepted OBS=10/70 VAR=8/70 @ 2026-07-27
lincs-level2-epsilon,cleaned,False,0,0,0 B,True,4,5136371002,4.78 GB,False,0,0,0 B,,,,,,,not_established_by_branch_delta_snapshot,False,no_canonical_lamin_evidence,True,True,True,single_triplet_not_chunked,True,False,False,False,structurally_done_scientific_review_pending,TODO.md accepted OBS=10/70 VAR=8/70 @ 2026-07-27
lincs-level2-phase2-all,cleaned,False,0,0,0 B,True,4,2171157029,2.02 GB,False,0,0,0 B,,,,,,,not_established_by_branch_delta_snapshot,False,no_canonical_lamin_evidence,True,True,True,single_triplet_not_chunked,True,False,False,False,structurally_done_scientific_review_pending,TODO.md accepted OBS=10/70 VAR=8/70 @ 2026-07-27
lincs_level2,Lamin catalog working/historical,False,0,0,0 B,False,0,0,0 B,True,6,0,unknown,lincs_level2,lincs_level2,branch_revision,,3HNxm817WoemWsl10001 | GkPLE3oS266iSxsM0001 | fF5Nv4ZFTfy9rLG20001 | 7NOWe9QT25zDRQNt0001 | wsLYcu546OyKO4l30001 | Rg7dp2z8Ax8Q1Yvs0001,jkobject-vs-main-v1@2026-07-11T23:11:48Z,main_and_jkobject_with_jkobject_revision,False,working_or_historical_not_in_canonical_cleaned_layout,False,True,True,unknown_requires_link_readback,False,False,False,False,catalog_record_requires_structural_readback,TODO.md accepted OBS=10/70 VAR=8/70 @ 2026-07-27
mouse_gastrulation_hca,raw,True,1,1669736540,1.56 GB,False,0,0,0 B,False,0,0,0 B,,,,,,,not_established_by_branch_delta_snapshot,False,no_canonical_lamin_evidence,False,False,False,not_applicable_or_unknown,False,False,False,False,not_structurally_done,TODO.md accepted OBS=10/70 VAR=8/70 @ 2026-07-27
papalexi_eccite_merged,Lamin catalog working/historical,False,0,0,0 B,False,0,0,0 B,True,3,0,unknown,papalexi_eccite_merged,papalexi_eccite_merged,branch_revision,pert-gym/additions/20260621 | pert-gym/additions/20260624-tiny-tail-minimal | pert-gym/canonical/20260621 | pert-gym/canonical/20260624-shared-var | pert-gym/canonical/20260624-shared-var-alias | pert-gym/canonical/20260624-tiny-tail-minimal,Yu9MrXLJk6UD92oB0000 | HWIQK1Tva1dqbE3Y0000 | Yu9MrXLJk6UD92oB0001,jkobject-vs-main-v1@2026-07-11T23:11:48Z,main_and_jkobject_with_jkobject_revision,False,working_or_historical_not_in_canonical_cleaned_layout,False,True,True,unknown_requires_link_readback,False,False,False,False,catalog_record_requires_structural_readback,TODO.md accepted OBS=10/70 VAR=8/70 @ 2026-07-27
perturbai_wholebrain,Lamin catalog working/historical,False,0,0,0 B,False,0,0,0 B,True,60,0,unknown,perturbai_wholebrain,perturbai_wholebrain,added_dataset,,sIJouN4CBcKbMIHI0000 | Yv9B1ISO65hHxWs00000 | 10mSd9PBkMQzkTNM0000 | wItfZeDQM0VK1r470000 | sMoVOAr7Pi4DkY120000 | 1UvR4HXeJJNh4Dsm0000 | KcIvowXmfNKuii6A0000 | di3Wk6PgbwFdoOrq0000 | kqIufEGpMkFVC6LO0000 | UNJKyZZs5czwCvE40000 | 3B9i9k08kEiv3oCz0000 | TLRVhU7PuyhwOiLd0000 | xRqa7qWMwsrEGxqX0000 | sEjk1Fp0aZbSidQp0000 | 62wnZ1qiX6JYseZH0000 | VakJknc0JOsc7Aik0000 | 1yWm1VwtiSf4POf40000 | LdniWm0N7ILsx0Hl0000 | PvAz4rmnml4dKUAB0000 | EotPm1KbZvyNdRNl0000 | FjgDsMWzFHKLE7tl0000 | Obz6ti91vyJoUMI10000 | 3LpDb5Tk2TG7cQhs0000 | q3oWI56FqO01BYGf0000 | RlFWxi9736hzAa470000 | i7g8WeThUnawyxEL0000 | wTVDOiqzBWOMgRt20000 | wj7UGHjRDYo75d4c0000 | jfC9LamkEIxULxdI0000 | mRwezYrkfJYgxa1t0000 | NRcfM1Wpn9NkwDsH0000 | YZLc0WtDLajihyA60000 | jL6nWLx173WJPLjn0000 | GNkuaZDrKxxiwnd80000 | zJ2dy5WiLT7QiF7z0000 | JRTDXMlUaItULXgl0000 | XXcRqSNPxc85L1bh0000 | rKSU6yQj306IHKMe0000 | sGK4odVGuUsQVCsG0000 | Oq2WvaoOJZM8oPcv0000 | m4iFDcxTNytkzppA0000 | MYqG2shnEpGOE2aq0000 | eAmI70IruC7r8Nos0000 | B6wrqbtKAndxpUcr0000 | Q5gme0O5wHF0dvRy0000 | 2PWDUfZWTCZCzR9G0000 | gIHRgozCQK97aMx20000 | Sf1KaBbejFb7ktYG0000 | ir26D9jxhItJ01gq0000 | dA6fnFgHETmEPyuF0000 | TNict183TJdzACYV0000 | vyKFJt4uGgoWft0n0000 | Byn31QFXcg6uLfMz0000 | JTxWB0tiRokplCGw0000 | Ml9JQRwP8JVUC7w40000 | ZQNPjevtccUfF3gJ0000 | 4mqzOmq8fRrByw4v0000 | Ouhva8gWhSXGPQRs0000 | ytA1JuQgYfgKoe7k0000 | lQ3IBWog8GA5ymuB0000,jkobject-vs-main-v1@2026-07-11T23:11:48Z,jkobject_only,False,working_or_historical_not_in_canonical_cleaned_layout,True,True,True,unknown_requires_link_readback,False,False,False,False,catalog_record_requires_structural_readback,TODO.md accepted OBS=10/70 VAR=8/70 @ 2026-07-27
prism_collection/GSE120861,Lamin catalog working/historical,False,0,0,0 B,False,0,0,0 B,True,110,0,unknown,prism_collection/GSE120861,prism_collection/GSE120861,branch_revision,pert-gym/additions/20260621 | pert-gym/additions/20260624-tiny-tail-minimal | pert-gym/canonical/20260621 | pert-gym/canonical/20260624-shared-var | pert-gym/canonical/20260624-shared-var-alias | pert-gym/canonical/20260624-tiny-tail-minimal,dVVYvUI2R8CMyDId0000 | 9mGOK9GrclgEMnam0000 | izZsAVqUkJXv8NKM0000 | 5gpJxBhCe1HnCIbH0000 | P3k0tTAXLXmfpOac0000 | vdRbgBYoz0dOZLgy0000 | l2lLmkh3e4gUEp2o0000 | EisfQz7mKzLBHTls0000 | P9dElWWdvG4lgxOt0000 | 1ZNrFZfPGnGzYElq0000 | Qxn5hegCdzxvrLSB0000 | JyKDU0XlqjWMHfue0000 | ddrZ9fz156D63ORI0000 | dTIi6J1B7Jcp1oQO0000 | ZBConDRUtOIt21IK0000 | GpX1zXTuR1VExESk0000 | GP5KMZpfbjJDSS8i0000 | XwSXT0kLsMs6X96B0000 | uAOuGtJ47wpL30pf0000 | iPdEDBt0rUJZWszh0000 | 6iNIiHh77mrOmtDI0000 | qlNIMRtE9t0LgMsO0000 | 0aTZU3v1Fkwoemhs0000 | dRRnpR0MSwuTte5e0000 | eYAd9vKmYk4O34y00000 | tmk0DwxLS5r46ccS0000 | 4gYOE0HPE1yXGOIQ0000 | E6e1kzeyGWGFPdQF0000 | x3fabBZ3ZOZvobV70000 | WgTXrFMuLJO3bKAC0000 | TyxIpF4QpkL4sBlq0000 | 9zZ8sXq28J5Qsk3y0000 | WmpXgIYt9oY2xkVn0000 | QzezoITKL5f6Jgvo0000 | BkwDPc6wK5HaB8Ou0000 | FV8mBNYSY5Qv2heZ0000 | g9va0rSjgZD2z5Lj0000 | zxgAs8XH7ugQT70m0000 | gUn3JCrvaY1Liswt0000 | lURlvyrDrbUtkY5n0000 | 8uXjEFiLFRfqxlix0000 | dWMxSygK31UDWONz0000 | Z6TNlkHC6NsZuF800000 | 5THgUu1K1wtr8N4g0000 | zaKERgk7ME7hMaA00000 | jkV0k8yWse1zEjQA0000 | Y9QkHyclUCxGJdlQ0000 | cVr0LxUS89qQvUhH0000 | UwIA6xhx4UmLNh4v0000 | Sbr8GTWhxnsMp2s60000 | uJtvIioeIjcdsT0Z0000 | YtN56kdQURrHJ86g0000 | DLrZLNiazAaL9Ljk0000 | fRi5wCmnBDkmguPA0000 | 5zxmt5jK6yKjT6ML0000 | FbhZsrvmVqeyDTf10000 | uArqP3PlgG7PiYLd0000 | gSngQ0sKE8eEFxwi0000 | sZq3SEJzuvtcMtgp0000 | WqFAExrGmE35p55H0000 | pTLRxv3oSnewNRfn0000 | iODMiXKHppp1rWvP0000 | sOJEw8IHTTJQnipY0000 | w9aWD8AMjDqIn8uP0000 | Z94grwHowCPWu5BF0000 | bOq5eCYScdTqmwWm0000 | YXzkTrwnm55d26Pn0000 | p1fSsRQTYHOeW3S60000 | PooyONmbg6ZXhzjo0000 | khzGTqnCwl21jxMl0000 | dVVYvUI2R8CMyDId0001 | izZsAVqUkJXv8NKM0001 | P3k0tTAXLXmfpOac0001 | l2lLmkh3e4gUEp2o0001 | P9dElWWdvG4lgxOt0001 | dVVYvUI2R8CMyDId0002 | izZsAVqUkJXv8NKM0002 | P3k0tTAXLXmfpOac0002 | l2lLmkh3e4gUEp2o0002 | P9dElWWdvG4lgxOt0002 | Qxn5hegCdzxvrLSB0001 | ddrZ9fz156D63ORI0001 | ZBConDRUtOIt21IK0001 | GP5KMZpfbjJDSS8i0001 | uAOuGtJ47wpL30pf0001 | 6iNIiHh77mrOmtDI0001 | 0aTZU3v1Fkwoemhs0001 | eYAd9vKmYk4O34y00001 | 4gYOE0HPE1yXGOIQ0001 | x3fabBZ3ZOZvobV70001 | TyxIpF4QpkL4sBlq0001 | WmpXgIYt9oY2xkVn0001 | BkwDPc6wK5HaB8Ou0001 | g9va0rSjgZD2z5Lj0001 | gUn3JCrvaY1Liswt0001 | 8uXjEFiLFRfqxlix0001 | Z6TNlkHC6NsZuF800001 | zaKERgk7ME7hMaA00001 | Y9QkHyclUCxGJdlQ0001 | UwIA6xhx4UmLNh4v0001 | uJtvIioeIjcdsT0Z0001 | DLrZLNiazAaL9Ljk0001 | 5zxmt5jK6yKjT6ML0001 | uArqP3PlgG7PiYLd0001 | sZq3SEJzuvtcMtgp0001 | pTLRxv3oSnewNRfn0001 | sOJEw8IHTTJQnipY0001 | Z94grwHowCPWu5BF0001 | YXzkTrwnm55d26Pn0001 | PooyONmbg6ZXhzjo0001,jkobject-vs-main-v1@2026-07-11T23:11:48Z,main_and_jkobject_with_jkobject_revision,False,working_or_historical_not_in_canonical_cleaned_layout,False,True,True,unknown_requires_link_readback,False,False,False,False,catalog_record_requires_structural_readback,TODO.md accepted OBS=10/70 VAR=8/70 @ 2026-07-27
prism_collection/GSE124703,Lamin catalog working/historical,False,0,0,0 B,False,0,0,0 B,True,3,0,unknown,prism_collection/GSE124703,prism_collection/GSE124703,branch_revision,pert-gym/additions/20260621 | pert-gym/additions/20260624-tiny-tail-minimal | pert-gym/canonical/20260621 | pert-gym/canonical/20260624-shared-var | pert-gym/canonical/20260624-shared-var-alias | pert-gym/canonical/20260624-tiny-tail-minimal,purx8DBYKcp0cADD0000 | uqOU4iHBTjSFrr5u0000 | purx8DBYKcp0cADD0001,jkobject-vs-main-v1@2026-07-11T23:11:48Z,main_and_jkobject_with_jkobject_revision,False,working_or_historical_not_in_canonical_cleaned_layout,False,True,True,unknown_requires_link_readback,False,False,False,False,catalog_record_requires_structural_readback,TODO.md accepted OBS=10/70 VAR=8/70 @ 2026-07-27
prism_collection/GSE132080,Lamin catalog working/historical,False,0,0,0 B,False,0,0,0 B,True,3,0,unknown,prism_collection/GSE132080,prism_collection/GSE132080,branch_revision,pert-gym/additions/20260621 | pert-gym/additions/20260624-tiny-tail-minimal | pert-gym/canonical/20260621 | pert-gym/canonical/20260624-shared-var | pert-gym/canonical/20260624-shared-var-alias | pert-gym/canonical/20260624-tiny-tail-minimal,lhR6Ny3n8QcVeItH0000 | GJ1HqkBSHfDD1o4m0000 | lhR6Ny3n8QcVeItH0001,jkobject-vs-main-v1@2026-07-11T23:11:48Z,main_and_jkobject_with_jkobject_revision,False,working_or_historical_not_in_canonical_cleaned_layout,False,True,True,accepted_revision_link_readback,True,True,True,True,complete_obs_var_structure_accepted,TODO.md accepted OBS=10/70 VAR=8/70 @ 2026-07-27
prism_collection/GSE133344,Lamin catalog working/historical,False,0,0,0 B,False,0,0,0 B,True,3,0,unknown,prism_collection/GSE133344,prism_collection/GSE133344,branch_revision,pert-gym/additions/20260621 | pert-gym/additions/20260624-tiny-tail-minimal | pert-gym/canonical/20260621 | pert-gym/canonical/20260624-shared-var | pert-gym/canonical/20260624-shared-var-alias | pert-gym/canonical/20260624-tiny-tail-minimal,Tur0ngB9oJPffuAY0000 | le7S2w7zTZqlRVjl0000 | Tur0ngB9oJPffuAY0001,jkobject-vs-main-v1@2026-07-11T23:11:48Z,main_and_jkobject_with_jkobject_revision,False,working_or_historical_not_in_canonical_cleaned_layout,False,True,True,unknown_requires_link_readback,False,False,False,False,catalog_record_requires_structural_readback,TODO.md accepted OBS=10/70 VAR=8/70 @ 2026-07-27
prism_collection/GSE146194,Lamin catalog working/historical,False,0,0,0 B,False,0,0,0 B,True,156,0,unknown,prism_collection/GSE146194,prism_collection/GSE146194,branch_revision,pert-gym/additions/20260621 | pert-gym/additions/20260624-tiny-tail-minimal | pert-gym/canonical/20260621 | pert-gym/canonical/20260624-shared-var | pert-gym/canonical/20260624-shared-var-alias | pert-gym/canonical/20260624-tiny-tail-minimal,KVlj8IB9Ud41DI9r0000 | cZCuEfrKez78qYKb0000 | JmP4rnYLmmnZ2J5i0000 | 1frbd0ph2jhNwBtj0000 | 6uKVAEee8JVEwBgi0000 | zX9zPaAmLhdCzJqy0000 | Tqi4hOdq7txOidiU0000 | P16eAbObb9sI0kZh0000 | WWSRxFzcKfY8z3IG0000 | nUpJ9JPexWYPfUcF0000 | dIs9XmaOvrIwkdyy0000 | wANFm6w40DOWf98X0000 | BaePLqoJriIR4L1K0000 | ywxN6BUWtiZqSF5L0000 | NaOeYvdcZ0Hv4ejp0000 | 7oSy7hJaX86EMVWV0000 | 7kKqnfZAhxqBcszh0000 | PqQT2KBvcHRbF1c00000 | RDDYrzRQzIYHPV100000 | JmbYIY5XYIrjMf2U0000 | 8YzU7PfWVSjtsNeg0000 | Fxyig6bJyZNfxEng0000 | f9azQgbNBGUD1oEg0000 | sfwUoG0YdVLuht8o0000 | qxYJYnmBsj9UBETS0000 | HWCYlScjON1nv5PZ0000 | bXOyVi0K1wYuKTQR0000 | 4y1IsiKA44uCAYQQ0000 | UOGL6xFZrd0Wprhv0000 | wdtEtLU4IyKV3uNF0000 | Kqt6RBXiQOoTnvxL0000 | ZZY91kL31VtPZniN0000 | esW4SiRzH4RhwDCj0000 | CEVg8V44ZHCQqTmt0000 | M9UZQ5sS9KdmdF4g0000 | JEUC1dvP8ItMOXpv0000 | 2EZENBYtkW9chpGN0000 | RMx4KccmR6CngrQL0000 | eivGDPgGTiW3XxpC0000 | C6CRZQwHvU9wjCbZ0000 | sj5m86K06JGf5y510000 | p4dHHyZoYCv26P2h0000 | oze0GWVI7g1tgzYI0000 | 0OkWeeqnprIdeIDg0000 | zlrGk6cIzIzWQCjf0000 | LBNRx5alZySjdU6H0000 | kMxqkSbYmC5btpKo0000 | 7wFPGyIPE6wKS8890000 | 3wp4VLf3OCfJmVbS0000 | 80b3ABo2VSaCDMQZ0000 | sIGrAI8Taa19MrjO0000 | x0uaFfuyT6JflEO80000 | TXEVadIQCp6tJ8M80000 | VLuShBDHCoHLrr5C0000 | 6DgEoDV8oVcudf0u0000 | s6PnHX01okmsUGU70000 | JPmDmJHvMKo9Jhpf0000 | vgdkoLNBMxrQkNu30000 | mCRUM4l12fwbm6xs0000 | ySthV1mmebEOheRV0000 | BrvqjrNlabfXHIMo0000 | 7LsLn13H98NO40es0000 | Xqfb6PCo3WI51B5W0000 | jqPyX75jHWVxmQf40000 | yp4pRXjitSMFfbnm0000 | F3F9YePdIdHtGxRU0000 | VYLLH6KzLLGtNZ4J0000 | jLkiw0oCYtTjR9DB0000 | DPL2ht7j1J4g9dMZ0000 | DtBScW9AFdHbMZkm0000 | bW6GOXk8zxLZro4T0000 | lZe32KfascydEA4T0000 | zjWspfIeTSpW1BOJ0000 | YMlSmcQ3RnLCuq8B0000 | 8cqUNtAiQSKltSIc0000 | cnrCEPTrkou1f7rW0000 | ZIRJjAUJZDvDTagN0000 | G7kDEIwBbEsgciXS0000 | QAYZcTlN1jX8zDax0000 | W7BIuyCHzLDu57XV0000 | EMF9gFAuVrrapB810000 | AttX3dWVTsXNepqb0000 | kCysv4DTPvR60XwG0000 | uSPpAaKTIO0oHvuQ0000 | 5DsWcHxoBvtIotLb0000 | P6ojVeAxnWlAUELZ0000 | g2Xw19k0OMGmc5N50000 | YttyjIOTokzxeBS00000 | gFWB2YKb8x5IDSeU0000 | LVMwQd3M5itanUnb0000 | KcAu64qeYnOBl8YW0000 | 3RDjltAHtkldkBII0000 | Qoh9SBh0CoG8LJTD0000 | xJBhxra7VmeRVJwD0000 | UzIagbWG6G8JlxNt0000 | Qm8MC9SVPmxDXqRq0000 | ZpuRZaWIedoSP0AY0000 | G1vjkn3ukebhX0Ub0000 | nLKVehNzDVTgg7gg0000 | ganL1rKhG87COQPN0000 | tatuKM5xhKsvtvtP0000 | CxDrxpOezQJLemP00000 | WhIMYlpbKgIrGkJR0000 | PDJdjpoHzKOAuLHn0000 | KVlj8IB9Ud41DI9r0001 | JmP4rnYLmmnZ2J5i0001 | 6uKVAEee8JVEwBgi0001 | Tqi4hOdq7txOidiU0001 | WWSRxFzcKfY8z3IG0001 | dIs9XmaOvrIwkdyy0001 | BaePLqoJriIR4L1K0001 | NaOeYvdcZ0Hv4ejp0001 | 7kKqnfZAhxqBcszh0001 | RDDYrzRQzIYHPV100001 | 8YzU7PfWVSjtsNeg0001 | f9azQgbNBGUD1oEg0001 | qxYJYnmBsj9UBETS0001 | bXOyVi0K1wYuKTQR0001 | UOGL6xFZrd0Wprhv0001 | Kqt6RBXiQOoTnvxL0001 | esW4SiRzH4RhwDCj0001 | M9UZQ5sS9KdmdF4g0001 | 2EZENBYtkW9chpGN0001 | eivGDPgGTiW3XxpC0001 | sj5m86K06JGf5y510001 | oze0GWVI7g1tgzYI0001 | zlrGk6cIzIzWQCjf0001 | kMxqkSbYmC5btpKo0001 | 3wp4VLf3OCfJmVbS0001 | sIGrAI8Taa19MrjO0001 | TXEVadIQCp6tJ8M80001 | 6DgEoDV8oVcudf0u0001 | JPmDmJHvMKo9Jhpf0001 | mCRUM4l12fwbm6xs0001 | BrvqjrNlabfXHIMo0001 | Xqfb6PCo3WI51B5W0001 | yp4pRXjitSMFfbnm0001 | VYLLH6KzLLGtNZ4J0001 | DPL2ht7j1J4g9dMZ0001 | bW6GOXk8zxLZro4T0001 | zjWspfIeTSpW1BOJ0001 | 8cqUNtAiQSKltSIc0001 | ZIRJjAUJZDvDTagN0001 | QAYZcTlN1jX8zDax0001 | EMF9gFAuVrrapB810001 | kCysv4DTPvR60XwG0001 | 5DsWcHxoBvtIotLb0001 | g2Xw19k0OMGmc5N50001 | gFWB2YKb8x5IDSeU0001 | KcAu64qeYnOBl8YW0001 | Qoh9SBh0CoG8LJTD0001 | UzIagbWG6G8JlxNt0001 | ZpuRZaWIedoSP0AY0001 | nLKVehNzDVTgg7gg0001 | tatuKM5xhKsvtvtP0001 | WhIMYlpbKgIrGkJR0001,jkobject-vs-main-v1@2026-07-11T23:11:48Z,main_and_jkobject_with_jkobject_revision,False,working_or_historical_not_in_canonical_cleaned_layout,False,True,True,unknown_requires_link_readback,False,False,False,False,catalog_record_requires_structural_readback,TODO.md accepted OBS=10/70 VAR=8/70 @ 2026-07-27
prism_collection/GSE150062,Lamin catalog working/historical,False,0,0,0 B,False,0,0,0 B,True,3,0,unknown,prism_collection/GSE150062,prism_collection/GSE150062,branch_revision,pert-gym/additions/20260621 | pert-gym/additions/20260624-tiny-tail-minimal | pert-gym/canonical/20260621 | pert-gym/canonical/20260624-shared-var | pert-gym/canonical/20260624-shared-var-alias | pert-gym/canonical/20260624-tiny-tail-minimal,CkcQf1IYkOkbxKed0000 | rRlvtvSEpbFnek7K0000 | CkcQf1IYkOkbxKed0001,jkobject-vs-main-v1@2026-07-11T23:11:48Z,main_and_jkobject_with_jkobject_revision,False,working_or_historical_not_in_canonical_cleaned_layout,False,True,True,unknown_requires_link_readback,False,False,False,False,catalog_record_requires_structural_readback,TODO.md accepted OBS=10/70 VAR=8/70 @ 2026-07-27
prism_collection/GSE153056,Lamin catalog working/historical,False,0,0,0 B,False,0,0,0 B,True,3,0,unknown,prism_collection/GSE153056,prism_collection/GSE153056,branch_revision,pert-gym/additions/20260621 | pert-gym/additions/20260624-tiny-tail-minimal | pert-gym/canonical/20260621 | pert-gym/canonical/20260624-shared-var | pert-gym/canonical/20260624-shared-var-alias | pert-gym/canonical/20260624-tiny-tail-minimal,wkG40L0zkbvXv1bB0000 | rtGnLF3eUGoHAAgC0000 | wkG40L0zkbvXv1bB0001,jkobject-vs-main-v1@2026-07-11T23:11:48Z,main_and_jkobject_with_jkobject_revision,False,working_or_historical_not_in_canonical_cleaned_layout,False,True,True,unknown_requires_link_readback,False,False,False,False,catalog_record_requires_structural_readback,TODO.md accepted OBS=10/70 VAR=8/70 @ 2026-07-27
prism_collection/GSE161824,Lamin catalog working/historical,False,0,0,0 B,False,0,0,0 B,True,108,0,unknown,prism_collection/GSE161824,prism_collection/GSE161824,branch_revision,pert-gym/additions/20260621 | pert-gym/additions/20260624-tiny-tail-minimal | pert-gym/canonical/20260621 | pert-gym/canonical/20260624-shared-var | pert-gym/canonical/20260624-shared-var-alias | pert-gym/canonical/20260624-shared-var-prism_collection_GSE161824-smoke | pert-gym/canonical/20260624-tiny-tail-minimal,HBymQ0buKB0kKEAG0000 | pdEvuyUBpoRtPY7u0000 | aMqVGpYlVPpQ66VO0000 | iAAOci7NrLPq4xSm0000 | HrSDtrNsP9SbgiUy0000 | btPCvF44HhMOJeBE0000 | w6T6T0GjxNXhq6hf0000 | 7Cziysg7Bqas7EMQ0000 | HpX8CLTmKuZHB1T80000 | S3PREHIcFYzLDnYo0000 | dbCwwIBekeoqfmbj0000 | CQERkyUuEkBMJpEE0000 | ShAulXAJBYYhKTIK0000 | kkiWqzOISm6GfXI20000 | iXdSm0VQFc6TqnVk0000 | Rq1kC2BvhFFNzgL30000 | TOOfvI2uLitdmwBU0000 | OlyuxiyKuGDz9Dg10000 | d1kKsYg5QADlNgdc0000 | o6JffMKjbfwpoIMP0000 | iWMX0ugvhA0JPBK20000 | K8RiVH1fuXf76nQZ0000 | iVoAPtA6GLrAMrWc0000 | M4mQDzerC2Rz2pKl0000 | zPQwSccRNmoot6tm0000 | Vu9oJ6VhFtLzqe2G0000 | wahAcyK1t6vGwHbZ0000 | TxQ1ABdLWsPJpzFd0000 | tzzuj3XXRl9XjczS0000 | TRubMSUdQYRaQTB90000 | g5xXrU9ECgDoiDcH0000 | sBWWeRD1f1QFjr2e0000 | dLGSN00sN7Nhs6PM0000 | iLIcUizsY8HWpz6C0000 | 7OvOdIy5SSqhIXpx0000 | HmuCw5LPwRBLJ1AX0000 | OeOfUgdktf5YnV2G0000 | UFaDdEVDPOYGpFqV0000 | oO8wzIdMNo7gsWC60000 | TzQSahCQcwTRVqFy0000 | vzjBqhcFuGxHxFiU0000 | tVj9Omh3j5N5Zx9W0000 | sxDmyjGB4VprTPUX0000 | PV6o2Qyp7OIuMEqn0000 | WzLaOPd8pesnglwx0000 | LYB9JN9eMzmaEcgt0000 | sv4AMfjfUZnm5wTY0000 | fmomvJeHT6WnOWCI0000 | 52OMcer8VToqscfI0000 | yU31Er5rMuoFQhbA0000 | kPSbu8Ls2ZsnfFwi0000 | sbD8hCW2atSVByAy0000 | rrsrANvz5RXQxbtp0000 | 2DXwDlKsZapUOYbA0000 | jVa9Ht2HgU0gAS350000 | y1wi8CgCHPOYAcRb0000 | 48NFnBpBycGpJtFn0000 | aTbKnNyTROxv85PO0000 | G2dAJqWiidZQ1S9S0000 | Sd6WQi1LWALGyN780000 | DXLaqLToMnecCLQq0000 | zDDoG9KptpYBFNGp0000 | m9nSfpG1O5WkAzmR0000 | xS9EPtjx54ktsaFx0000 | kfun5XcigpxUGCo00000 | E5oO7xVAy6N5vfUi0000 | 1WM989rIlq6OoANy0000 | Qow2PXzTifLeeh0F0000 | so5No781zlHKDcyD0000 | 7Sn02ZCTt17ue86o0000 | VVUAFshQ9D2warPM0000 | uJ5fXnh5sHAO5Nbi0001 | HBymQ0buKB0kKEAG0001 | pdEvuyUBpoRtPY7u0001 | iAAOci7NrLPq4xSm0001 | btPCvF44HhMOJeBE0001 | 7Cziysg7Bqas7EMQ0001 | S3PREHIcFYzLDnYo0001 | CQERkyUuEkBMJpEE0001 | kkiWqzOISm6GfXI20001 | Rq1kC2BvhFFNzgL30001 | OlyuxiyKuGDz9Dg10001 | o6JffMKjbfwpoIMP0001 | K8RiVH1fuXf76nQZ0001 | M4mQDzerC2Rz2pKl0001 | Vu9oJ6VhFtLzqe2G0001 | TxQ1ABdLWsPJpzFd0001 | TRubMSUdQYRaQTB90001 | sBWWeRD1f1QFjr2e0001 | iLIcUizsY8HWpz6C0001 | HmuCw5LPwRBLJ1AX0001 | UFaDdEVDPOYGpFqV0001 | TzQSahCQcwTRVqFy0001 | tVj9Omh3j5N5Zx9W0001 | PV6o2Qyp7OIuMEqn0001 | LYB9JN9eMzmaEcgt0001 | fmomvJeHT6WnOWCI0001 | yU31Er5rMuoFQhbA0001 | sbD8hCW2atSVByAy0001 | 2DXwDlKsZapUOYbA0001 | y1wi8CgCHPOYAcRb0001 | aTbKnNyTROxv85PO0001 | Sd6WQi1LWALGyN780001 | zDDoG9KptpYBFNGp0001 | xS9EPtjx54ktsaFx0001 | E5oO7xVAy6N5vfUi0001 | Qow2PXzTifLeeh0F0001 | 7Sn02ZCTt17ue86o0001,jkobject-vs-main-v1@2026-07-11T23:11:48Z,main_and_jkobject_with_jkobject_revision,False,working_or_historical_not_in_canonical_cleaned_layout,False,True,True,unknown_requires_link_readback,False,False,False,False,catalog_record_requires_structural_readback,TODO.md accepted OBS=10/70 VAR=8/70 @ 2026-07-27
prism_collection/GSE164996,Lamin catalog working/historical,False,0,0,0 B,False,0,0,0 B,True,3,0,unknown,prism_collection/GSE164996,prism_collection/GSE164996,branch_revision,pert-gym/additions/20260621 | pert-gym/additions/20260624-tiny-tail-minimal | pert-gym/canonical/20260621 | pert-gym/canonical/20260624-shared-var | pert-gym/canonical/20260624-shared-var-alias | pert-gym/canonical/20260624-tiny-tail-minimal,REtsg7FF4qwOzfPC0000 | UQnCCg9POS5Izh690000 | REtsg7FF4qwOzfPC0001,jkobject-vs-main-v1@2026-07-11T23:11:48Z,main_and_jkobject_with_jkobject_revision,False,working_or_historical_not_in_canonical_cleaned_layout,False,True,True,unknown_requires_link_readback,False,False,False,False,catalog_record_requires_structural_readback,TODO.md accepted OBS=10/70 VAR=8/70 @ 2026-07-27
prism_collection/GSE165291,Lamin catalog working/historical,False,0,0,0 B,False,0,0,0 B,True,3,0,unknown,prism_collection/GSE165291,prism_collection/GSE165291,branch_revision,pert-gym/additions/20260621 | pert-gym/additions/20260624-tiny-tail-minimal | pert-gym/canonical/20260621 | pert-gym/canonical/20260624-shared-var | pert-gym/canonical/20260624-shared-var-alias | pert-gym/canonical/20260624-tiny-tail-minimal,nsJggXsH48Qsxq290000 | wxOxn1T9cKf6BTh50000 | nsJggXsH48Qsxq290001,jkobject-vs-main-v1@2026-07-11T23:11:48Z,main_and_jkobject_with_jkobject_revision,False,working_or_historical_not_in_canonical_cleaned_layout,False,True,True,unknown_requires_link_readback,False,False,False,False,catalog_record_requires_structural_readback,TODO.md accepted OBS=10/70 VAR=8/70 @ 2026-07-27
prism_collection/GSE182308,Lamin catalog working/historical,False,0,0,0 B,False,0,0,0 B,True,57,0,unknown,prism_collection/GSE182308,prism_collection/GSE182308,branch_revision,pert-gym/additions/20260621 | pert-gym/additions/20260624-tiny-tail-minimal | pert-gym/canonical/20260621 | pert-gym/canonical/20260624-shared-var | pert-gym/canonical/20260624-shared-var-alias | pert-gym/canonical/20260624-tiny-tail-minimal,dOPdRK3RnDqrObnL0000 | cflcZ5F3XuIDkAvx0000 | ujKd0RnsxZZTwGjt0000 | 72CjuqSJV8LFNmUp0000 | eTE73rPucsaOngX50000 | 86MH6GK9gGzZyYnV0000 | DKFk4kol270f5XFH0000 | xF7YA6a2D9SOq7a20000 | h6ZhDumyQ1mQLHGP0000 | DEAwZ2IIg47KdbhE0000 | KwNpFlrlh6GPCjUg0000 | VrhjCK14Ex8bRnV10000 | BmMNxFi5FmHoqqgs0000 | 97sHlcQ0iXsjdxlf0000 | Zeutqi9EoKUxDzEo0000 | k3oVe7aHrtPOGQJT0000 | v3cU1oEDQV2slE7z0000 | Ew6E29xDAKpthuMR0000 | eWVBFjiIYSpZUQlP0000 | xi60jNYcKzx7xpmj0000 | x1gYUuG44d2tAlDf0000 | EdPs9iAVcGYQ3w4R0000 | SZyjKETiS77UyXDX0000 | dFLbDLzORvHjzLer0000 | e5y32HjLrV9ucsdA0000 | iJdu6FEhrjyr8LFW0000 | k6mSj3dgzAetCvuT0000 | GO8iB5tCtQhdT8xJ0000 | GUmquFKYbnyRsQh00000 | QPldhHyDshgSx2QD0000 | DlhceBpGHjeP1UYh0000 | OnqNal2m6GYcv7Nv0000 | fKs6B2FJ31ZxlHmz0000 | 6bMgL4ZE6nlkSjXj0000 | Z3RtOHsQ4v5WcPa60000 | hvWkdUktTAQ9VSt00000 | wRzFHoU0z5EGgPlL0000 | oE4wihZZ5FCFxJpR0000 | dOPdRK3RnDqrObnL0001 | ujKd0RnsxZZTwGjt0001 | eTE73rPucsaOngX50001 | DKFk4kol270f5XFH0001 | h6ZhDumyQ1mQLHGP0001 | KwNpFlrlh6GPCjUg0001 | BmMNxFi5FmHoqqgs0001 | Zeutqi9EoKUxDzEo0001 | v3cU1oEDQV2slE7z0001 | eWVBFjiIYSpZUQlP0001 | x1gYUuG44d2tAlDf0001 | SZyjKETiS77UyXDX0001 | e5y32HjLrV9ucsdA0001 | k6mSj3dgzAetCvuT0001 | GUmquFKYbnyRsQh00001 | DlhceBpGHjeP1UYh0001 | fKs6B2FJ31ZxlHmz0001 | Z3RtOHsQ4v5WcPa60001 | wRzFHoU0z5EGgPlL0001,jkobject-vs-main-v1@2026-07-11T23:11:48Z,main_and_jkobject_with_jkobject_revision,False,working_or_historical_not_in_canonical_cleaned_layout,False,True,True,unknown_requires_link_readback,False,False,False,False,catalog_record_requires_structural_readback,TODO.md accepted OBS=10/70 VAR=8/70 @ 2026-07-27
prism_collection/GSE190604,Lamin catalog working/historical,False,0,0,0 B,False,0,0,0 B,True,3,0,unknown,prism_collection/GSE190604,prism_collection/GSE190604,branch_revision,pert-gym/additions/20260621 | pert-gym/additions/20260624-tiny-tail-minimal | pert-gym/canonical/20260621 | pert-gym/canonical/20260624-shared-var | pert-gym/canonical/20260624-shared-var-alias | pert-gym/canonical/20260624-tiny-tail-minimal,awq7YbfTz4WvTgnQ0000 | yrFR4ahusHOfivp60000 | awq7YbfTz4WvTgnQ0001,jkobject-vs-main-v1@2026-07-11T23:11:48Z,main_and_jkobject_with_jkobject_revision,False,working_or_historical_not_in_canonical_cleaned_layout,False,True,True,unknown_requires_link_readback,False,False,False,False,catalog_record_requires_structural_readback,TODO.md accepted OBS=10/70 VAR=8/70 @ 2026-07-27
prism_collection/GSE195510,Lamin catalog working/historical,False,0,0,0 B,False,0,0,0 B,True,3,0,unknown,prism_collection/GSE195510,prism_collection/GSE195510,branch_revision,pert-gym/additions/20260621 | pert-gym/additions/20260624-tiny-tail-minimal | pert-gym/canonical/20260621 | pert-gym/canonical/20260624-shared-var | pert-gym/canonical/20260624-shared-var-alias | pert-gym/canonical/20260624-tiny-tail-minimal,R32LmgaIVYcfvYGx0000 | GqEyzETx0F2M4vvN0000 | R32LmgaIVYcfvYGx0001,jkobject-vs-main-v1@2026-07-11T23:11:48Z,main_and_jkobject_with_jkobject_revision,False,working_or_historical_not_in_canonical_cleaned_layout,False,True,True,unknown_requires_link_readback,False,False,False,False,catalog_record_requires_structural_readback,TODO.md accepted OBS=10/70 VAR=8/70 @ 2026-07-27
prism_collection/GSE196142,Lamin catalog working/historical,False,0,0,0 B,False,0,0,0 B,True,3,0,unknown,prism_collection/GSE196142,prism_collection/GSE196142,branch_revision,pert-gym/additions/20260621 | pert-gym/additions/20260624-tiny-tail-minimal | pert-gym/canonical/20260621 | pert-gym/canonical/20260624-shared-var | pert-gym/canonical/20260624-shared-var-alias | pert-gym/canonical/20260624-tiny-tail-minimal,ES26DsA0AQqpuDu80000 | ydR6vYvtV2hejTQ60000 | ES26DsA0AQqpuDu80001,jkobject-vs-main-v1@2026-07-11T23:11:48Z,main_and_jkobject_with_jkobject_revision,False,working_or_historical_not_in_canonical_cleaned_layout,False,True,True,unknown_requires_link_readback,False,False,False,False,catalog_record_requires_structural_readback,TODO.md accepted OBS=10/70 VAR=8/70 @ 2026-07-27
prism_collection/GSE197452_Perturb-seq,Lamin catalog working/historical,False,0,0,0 B,False,0,0,0 B,True,3,0,unknown,prism_collection/GSE197452_Perturb-seq,prism_collection/GSE197452_Perturb-seq,branch_revision,pert-gym/additions/20260621 | pert-gym/additions/20260624-tiny-tail-minimal | pert-gym/canonical/20260621 | pert-gym/canonical/20260624-shared-var | pert-gym/canonical/20260624-shared-var-alias | pert-gym/canonical/20260624-tiny-tail-minimal,6UsaktwOJjkXPM3L0000 | eJMdIf8H75RMWWK90000 | 6UsaktwOJjkXPM3L0001,jkobject-vs-main-v1@2026-07-11T23:11:48Z,main_and_jkobject_with_jkobject_revision,False,working_or_historical_not_in_canonical_cleaned_layout,False,True,True,accepted_revision_link_readback,True,True,True,True,complete_obs_var_structure_accepted,TODO.md accepted OBS=10/70 VAR=8/70 @ 2026-07-27
prism_collection/GSE203592,Lamin catalog working/historical,False,0,0,0 B,False,0,0,0 B,True,3,0,unknown,prism_collection/GSE203592,prism_collection/GSE203592,branch_revision,pert-gym/additions/20260621 | pert-gym/additions/20260624-tiny-tail-minimal | pert-gym/canonical/20260621 | pert-gym/canonical/20260624-shared-var | pert-gym/canonical/20260624-shared-var-alias | pert-gym/canonical/20260624-tiny-tail-minimal,DQDHXFkEpvdiCySB0000 | N0CJ8e8f2rE4PjL10000 | DQDHXFkEpvdiCySB0001,jkobject-vs-main-v1@2026-07-11T23:11:48Z,main_and_jkobject_with_jkobject_revision,False,working_or_historical_not_in_canonical_cleaned_layout,False,True,True,unknown_requires_link_readback,False,False,False,False,catalog_record_requires_structural_readback,TODO.md accepted OBS=10/70 VAR=8/70 @ 2026-07-27
prism_collection/GSE205310,Lamin catalog working/historical,False,0,0,0 B,False,0,0,0 B,True,3,0,unknown,prism_collection/GSE205310,prism_collection/GSE205310,branch_revision,pert-gym/additions/20260621 | pert-gym/additions/20260624-tiny-tail-minimal | pert-gym/canonical/20260621 | pert-gym/canonical/20260624-shared-var | pert-gym/canonical/20260624-shared-var-alias | pert-gym/canonical/20260624-tiny-tail-minimal,bs6vUyBwVdBrwSi20000 | Z4drsnsEKNgUpCQ40000 | bs6vUyBwVdBrwSi20001,jkobject-vs-main-v1@2026-07-11T23:11:48Z,main_and_jkobject_with_jkobject_revision,False,working_or_historical_not_in_canonical_cleaned_layout,False,True,True,unknown_requires_link_readback,False,False,False,False,catalog_record_requires_structural_readback,TODO.md accepted OBS=10/70 VAR=8/70 @ 2026-07-27
prism_collection/GSE206107,Lamin catalog working/historical,False,0,0,0 B,False,0,0,0 B,True,2,0,unknown,prism_collection/GSE206107,prism_collection/GSE206107,branch_revision,pert-gym/additions/20260621 | pert-gym/additions/20260624-tiny-tail-minimal | pert-gym/canonical/20260621 | pert-gym/canonical/20260624-shared-var | pert-gym/canonical/20260624-shared-var-alias | pert-gym/canonical/20260624-tiny-tail-minimal,AN3hn2NPoKLbh0fO0000 | AN3hn2NPoKLbh0fO0001,jkobject-vs-main-v1@2026-07-11T23:11:48Z,main_and_jkobject_with_jkobject_revision,False,working_or_historical_not_in_canonical_cleaned_layout,False,True,True,unknown_requires_link_readback,False,False,False,False,catalog_record_requires_structural_readback,TODO.md accepted OBS=10/70 VAR=8/70 @ 2026-07-27
prism_collection/GSE207360,Lamin catalog working/historical,False,0,0,0 B,False,0,0,0 B,True,3,0,unknown,prism_collection/GSE207360,prism_collection/GSE207360,branch_revision,pert-gym/additions/20260621 | pert-gym/additions/20260624-tiny-tail-minimal | pert-gym/canonical/20260621 | pert-gym/canonical/20260624-shared-var | pert-gym/canonical/20260624-shared-var-alias | pert-gym/canonical/20260624-tiny-tail-minimal,KSAkP0NJF5P5g1mJ0000 | U8OeHI58YG9Y9Nsb0000 | KSAkP0NJF5P5g1mJ0001,jkobject-vs-main-v1@2026-07-11T23:11:48Z,main_and_jkobject_with_jkobject_revision,False,working_or_historical_not_in_canonical_cleaned_layout,False,True,True,unknown_requires_link_readback,False,False,False,False,catalog_record_requires_structural_readback,TODO.md accepted OBS=10/70 VAR=8/70 @ 2026-07-27
prism_collection/GSE208240,Lamin catalog working/historical,False,0,0,0 B,False,0,0,0 B,True,222,0,unknown,prism_collection/GSE208240,prism_collection/GSE208240,branch_revision,pert-gym/additions/20260621 | pert-gym/additions/20260624-tiny-tail-minimal | pert-gym/canonical/20260621 | pert-gym/canonical/20260624-shared-var | pert-gym/canonical/20260624-shared-var-alias | pert-gym/canonical/20260624-shared-var-prism_collection_GSE208240-smoke | pert-gym/canonical/20260624-tiny-tail-minimal,vZr6LHGQBmmLOvfQ0000 | 9ZeZ6a1CzRCQtOYY0000 | EE495yorwHjIn5yb0000 | jWNYuIFzqKeHE8c20000 | YxKaPNk3908Qsn800000 | oNgb63dPHLoOSCT30000 | zv2GaUC6SrjYMuzm0000 | f3ybFd9KvIxxqzi80000 | qx9Y5thwhplhYG700000 | vF60KdTXSEyITkmI0000 | 0IkFK0pOO387CUjq0000 | fxQzjd3PzUhFbLco0000 | bCCxcq5koTAUqf9P0000 | lwzO3b93ckJVuS5B0000 | 7aLW55UvN1UO533F0000 | WSmwkxjqi1n8RIKA0000 | gXVLYIMNNS3YSuXN0000 | JyjxxWpnFNsuwzGM0000 | zPL5JmU35Qwbq7Yc0000 | 9RpPMdnKzmWqtvTv0000 | Lt0w2qVKEeQlkONJ0000 | pZHSEDcPBf5hFMHr0000 | Wlu8BaSkhtdmyI8p0000 | V52s3liKp4UzyubP0000 | 1qoixXMw2SPf2LFD0000 | Y7rH1aTCMgfDJrSr0000 | ecUCYksy0Y57TWlo0000 | oBNXOkp52JJqwqFG0000 | 0c5ybZRI3wvu1wRQ0000 | asyaoQF6UDPuG9HV0000 | hjeBvxxclRl2yPdz0000 | wwLsJ2gIVyZLQe8u0000 | JNbeFRRU2G5lbQU50000 | TDKcbcRBDxxZr03v0000 | rooCHGQGmJcOUnso0000 | EoxbwwcUfYsSpcxe0000 | mhMaTCFxyIBJqp150000 | M1CbOEu8zv09rYfq0000 | nH7LkI0wHmTZqwDd0000 | 5w0pt8gTjEA8YifG0000 | Vc0qmExan9v6EgLj0000 | YKAmEjNyLcy5rult0000 | XtGFXP64Yxk8HRJE0000 | DvC3tGkQZksFxMPP0000 | EJJNgwiBXqtGsJ3C0000 | wKFkfWSSmLxJmNsA0000 | 5Cb3wCBadYtUrtko0000 | GTQ5xYZ0IJLvogb10000 | tS4Iv4fV0kgR2Uz60000 | wCVx6EzEXSOzbh4Y0000 | 6CnLfpH1mvdHYldX0000 | UfoOJpDAaiCoF7Uv0000 | eNjyFNxVmiFUD5880000 | WV0aQ5yOJvuvRpbu0000 | vPF05nuHqvGEn9Cn0000 | NpYrGvKpGFfTFv5S0000 | z77qPRZUJGVgtP5M0000 | dnuK7zNs1V1AqHpi0000 | Ao2mrCqTRYe7BFLt0000 | kSL8HtzROvkAYkeW0000 | wLdhReW0s6ZGihe20000 | CQn0tmWU55oa8SNC0000 | AkN9x8ARouzBCt4h0000 | ARe2rz3xF6IN3BEq0000 | Ndhv8VbcxT6m6yib0000 | u8b5ik4oUzsgELe10000 | 4d6Yglpz09Cr7sKR0000 | vVsH6DTTp6zUlF4D0000 | 7eY2sCsSgrngbJMY0000 | nGlALdK9lwCOOC1K0000 | QT8hZ0Im3EnFqjDX0000 | WtI3tFBCsTYqbUsa0000 | KWzS53FjgNeYTNVE0000 | 4SVOOTH5OTUR89Z80000 | 3S1Vg1OYNy5gMUhj0000 | EXBXX6Lz8duJMdK90000 | kD2uO6LUb1SkxWnU0000 | vx2UbnP7P5gPP7nn0000 | GuPvXSyZShkhZpuR0000 | h7TZL0QzQhr3liJ60000 | CPYAPwzImBOLocba0000 | btdXpLc6XGr9IPMs0000 | Bg0SZcEoWTpsjLfm0000 | 2vHRfgW8NdxMU5en0000 | gzjSpjv4sYw0VmG90000 | uUMwu5Ho9KXy7jtb0000 | VZLrhOYsEFexmrQO0000 | FeDPgim6XEGvcgTf0000 | 23LkQ62y6uwA6waQ0000 | Y3teBydlFoPAiLoy0000 | 2BXLw7x3lRhbBLmp0000 | v3HryuSA6nSTCZ5w0000 | BdEXnzHlE700mHcz0000 | Ay3SOgD40KlRSTlB0000 | gvZwqN0L4QcHLG4L0000 | sG9g8QcnJU8fPc930000 | 0px1V324IpfuNiIx0000 | rGG1BcjrcCmydh3B0000 | o0Pm2RaMgNT7iHcQ0000 | meUs4c0SLCoBkgci0000 | Z0KOMabqrMdY7HyQ0000 | TpIWKMkow5LCmYKh0000 | GtyHAHi1PDM6v5og0000 | 1B9agHZe7kfg0CV90000 | 9M9WRxN217EZ2tGn0000 | GWbWo00JPVWjt0EG0000 | nx1D9KPhg9Eumouv0000 | sTUFyOVRBSXTdVHi0000 | 87rH5AyzBdei9B0I0000 | AoDGbZFaKREur2YF0000 | w6jyPTxZGmB3BjFl0000 | KGpxtC984sI2wBSo0000 | gCQPmVX2aL7HcBy70000 | OOgII0WjrbzOK3MF0000 | PEYXKO7ajzTB9Wz60000 | AFOc0TzXehxA3oMU0000 | NMLtSNdISC1zfKpP0000 | URjGSZxtzkW9Ydxm0000 | DWcKuUXhKHnv5WTg0000 | OKUiosBwxE4omVCv0000 | rCJ7J9Zks4ZTvjKk0000 | ZiPKKT9c9RwfrN840000 | l4VWnXyAg1ydN4zN0000 | mDNHYMhXDpw8lPQu0000 | xwPbFR8eLAhfKGnF0000 | 48in0GDxdqXeEw6w0000 | wNn6Hp1ifFYrSrLX0000 | uIPyFrd2f29jpjHE0000 | E0InMpgzXS2O5Omi0000 | Cf6BhI2Pmq4C2fep0000 | vJeg7s38aL9hWQos0000 | soeUPk6bcGB7Wfdl0000 | dd91oPBes2UuJtdL0000 | ywDg2DhCqZUF4J7I0000 | DVTlBUBBFLbXa2gf0000 | HtSjHwPH8XrXU73t0000 | NWbSvD8K9cDciGkI0000 | k82pJi1ltlDNz4IX0000 | dgXzIIdMj75o7L970000 | 4pzniaKM0lAjKaIc0000 | XdHmu1cQioLFkn5K0000 | UA20qzSC1v7drO6T0000 | cErY0p320UqI8vta0000 | 1VB98TNSwc86XIJT0000 | 8jX1W3PDCJi5C5U10000 | Kirz22zYZ4d6atOd0000 | JKeu33ReKqVMy6Gn0000 | j0un97wEHjXQHxWt0000 | vZr6LHGQBmmLOvfQ0001 | EE495yorwHjIn5yb0001 | YxKaPNk3908Qsn800001 | zv2GaUC6SrjYMuzm0001 | qx9Y5thwhplhYG700001 | 0IkFK0pOO387CUjq0001 | bCCxcq5koTAUqf9P0001 | 7aLW55UvN1UO533F0001 | gXVLYIMNNS3YSuXN0001 | zPL5JmU35Qwbq7Yc0001 | Lt0w2qVKEeQlkONJ0001 | Wlu8BaSkhtdmyI8p0001 | 1qoixXMw2SPf2LFD0001 | ecUCYksy0Y57TWlo0001 | 0c5ybZRI3wvu1wRQ0001 | hjeBvxxclRl2yPdz0001 | JNbeFRRU2G5lbQU50001 | rooCHGQGmJcOUnso0001 | mhMaTCFxyIBJqp150001 | nH7LkI0wHmTZqwDd0001 | Vc0qmExan9v6EgLj0001 | XtGFXP64Yxk8HRJE0001 | EJJNgwiBXqtGsJ3C0001 | 5Cb3wCBadYtUrtko0001 | tS4Iv4fV0kgR2Uz60001 | 6CnLfpH1mvdHYldX0001 | eNjyFNxVmiFUD5880001 | vPF05nuHqvGEn9Cn0001 | z77qPRZUJGVgtP5M0001 | Ao2mrCqTRYe7BFLt0001 | wLdhReW0s6ZGihe20001 | AkN9x8ARouzBCt4h0001 | Ndhv8VbcxT6m6yib0001 | 4d6Yglpz09Cr7sKR0001 | 7eY2sCsSgrngbJMY0001 | QT8hZ0Im3EnFqjDX0001 | KWzS53FjgNeYTNVE0001 | 3S1Vg1OYNy5gMUhj0001 | kD2uO6LUb1SkxWnU0001 | GuPvXSyZShkhZpuR0001 | CPYAPwzImBOLocba0001 | Bg0SZcEoWTpsjLfm0001 | gzjSpjv4sYw0VmG90001 | VZLrhOYsEFexmrQO0001 | 23LkQ62y6uwA6waQ0001 | 2BXLw7x3lRhbBLmp0001 | BdEXnzHlE700mHcz0001 | gvZwqN0L4QcHLG4L0001 | 0px1V324IpfuNiIx0001 | o0Pm2RaMgNT7iHcQ0001 | Z0KOMabqrMdY7HyQ0001 | GtyHAHi1PDM6v5og0001 | 9M9WRxN217EZ2tGn0001 | nx1D9KPhg9Eumouv0001 | 87rH5AyzBdei9B0I0001 | w6jyPTxZGmB3BjFl0001 | gCQPmVX2aL7HcBy70001 | PEYXKO7ajzTB9Wz60001 | NMLtSNdISC1zfKpP0001 | DWcKuUXhKHnv5WTg0001 | rCJ7J9Zks4ZTvjKk0001 | l4VWnXyAg1ydN4zN0001 | xwPbFR8eLAhfKGnF0001 | wNn6Hp1ifFYrSrLX0001 | E0InMpgzXS2O5Omi0001 | vJeg7s38aL9hWQos0001 | dd91oPBes2UuJtdL0001 | DVTlBUBBFLbXa2gf0001 | NWbSvD8K9cDciGkI0001 | dgXzIIdMj75o7L970001 | XdHmu1cQioLFkn5K0001 | cErY0p320UqI8vta0001 | 8jX1W3PDCJi5C5U10001 | JKeu33ReKqVMy6Gn0001,jkobject-vs-main-v1@2026-07-11T23:11:48Z,main_and_jkobject_with_jkobject_revision,False,working_or_historical_not_in_canonical_cleaned_layout,False,True,True,unknown_requires_link_readback,False,False,False,False,catalog_record_requires_structural_readback,TODO.md accepted OBS=10/70 VAR=8/70 @ 2026-07-27
prism_collection/GSE212396,Lamin catalog working/historical,False,0,0,0 B,False,0,0,0 B,True,63,0,unknown,prism_collection/GSE212396,prism_collection/GSE212396,branch_revision,pert-gym/additions/20260621 | pert-gym/additions/20260624-tiny-tail-minimal | pert-gym/canonical/20260621 | pert-gym/canonical/20260624-shared-var | pert-gym/canonical/20260624-shared-var-alias | pert-gym/canonical/20260624-tiny-tail-minimal,uK62BkpJifOuRwrI0000 | B1fKl97pTqpcJ1dg0000 | WgkUFIbsTvmD1NOU0000 | 76DRWg5Fvn0UKWqn0000 | dL65PS8yUfSk1NRT0000 | luwVWsOzYUxKOlsZ0000 | VPxrGWJxwgFEoo1k0000 | bXpo3E5iVzfjK9aN0000 | gU94GGORaMkqKYX20000 | qvDjUcByHf96wiwg0000 | C8goRiNTX3sLPBw60000 | kn69EpjjN36UdTFL0000 | 62lmxMXBQy3Bk83p0000 | aBThcgmjctxvHpw60000 | cJicLVI4P7rpVKbr0000 | rm8yo3LSW5fkWqyQ0000 | u1YkQRHaNoGhflK80000 | FHP4GdfqVTyx4Pqx0000 | MANMm5HDXnPuauJz0000 | 646834ceNKLmZ8tp0000 | 1tiPtgQQk3LRVnra0000 | dUAx3E3cDmTWPgg20000 | zA0hVCIx5uNBVs0n0000 | z6iKRJPY6E7AviwJ0000 | MU0p1porZEUQKmsW0000 | v2WfeAb1iggykFCT0000 | gcrN1nUXbN1nz1Hc0000 | 4JeOLXZugBGvGcmT0000 | BVa4CzYEr592EmQQ0000 | hdnnISFEELQyswZ60000 | IlXn6AoDq2rfzhXK0000 | Th16JFxafro5uqyd0000 | sEEtXMVOAEd6ma7i0000 | ZcX2EBdBtltTtl3E0000 | 23LeGPIYNEbeo5We0000 | YaFpGorm02T26ASs0000 | c5n1DevuM0E8rBcg0000 | oZ9lxFLsGQzQkHMa0000 | 6TeqxiuDMWEhYbd50000 | TZjexPdZdm0MVdkg0000 | G1CENiyZojrA87Ek0000 | lF876540kNWgGnb80000 | uK62BkpJifOuRwrI0001 | WgkUFIbsTvmD1NOU0001 | dL65PS8yUfSk1NRT0001 | VPxrGWJxwgFEoo1k0001 | gU94GGORaMkqKYX20001 | C8goRiNTX3sLPBw60001 | 62lmxMXBQy3Bk83p0001 | cJicLVI4P7rpVKbr0001 | u1YkQRHaNoGhflK80001 | MANMm5HDXnPuauJz0001 | 1tiPtgQQk3LRVnra0001 | zA0hVCIx5uNBVs0n0001 | MU0p1porZEUQKmsW0001 | gcrN1nUXbN1nz1Hc0001 | BVa4CzYEr592EmQQ0001 | IlXn6AoDq2rfzhXK0001 | sEEtXMVOAEd6ma7i0001 | 23LeGPIYNEbeo5We0001 | c5n1DevuM0E8rBcg0001 | 6TeqxiuDMWEhYbd50001 | G1CENiyZojrA87Ek0001,jkobject-vs-main-v1@2026-07-11T23:11:48Z,main_and_jkobject_with_jkobject_revision,False,working_or_historical_not_in_canonical_cleaned_layout,False,True,True,unknown_requires_link_readback,False,False,False,False,catalog_record_requires_structural_readback,TODO.md accepted OBS=10/70 VAR=8/70 @ 2026-07-27
prism_collection/GSE213511,Lamin catalog working/historical,False,0,0,0 B,False,0,0,0 B,True,74,0,unknown,prism_collection/GSE213511,prism_collection/GSE213511,branch_revision,pert-gym/additions/20260621 | pert-gym/additions/20260624-tiny-tail-minimal | pert-gym/canonical/20260621 | pert-gym/canonical/20260624-shared-var | pert-gym/canonical/20260624-shared-var-alias | pert-gym/canonical/20260624-shared-var-prism_collection_GSE213511-smoke | pert-gym/canonical/20260624-tiny-tail-minimal,zfVqaxwRjBTwi5380000 | FVk0FYEauFG6Xh5k0000 | Z97QArS3RsHBkMFl0000 | nTUCme5guKdWQdZw0000 | ICcbJtH4pG9KNLNU0000 | 9QaesfV3QSBEj1bZ0000 | 5zeYSUqbEDH6ow9U0000 | kPSBnnSBVxJHV03Y0000 | DPYL15zz6RVJkm0h0000 | pwdQH0nsvJIbWk380000 | dPzEMduToLegetzI0000 | 7fexgDCUrFcg9v0n0000 | I6TVhHhC9byld6C70000 | 5a0YFcPvVfaqLA6A0000 | dbI3IRYKitiO53Lz0000 | saBp6OcAn7lVH2HO0000 | NrAMb0MUNwxhFhbf0000 | jw4a53uAwiPbsKFg0000 | dPRYNkhaePYenrs30000 | ZBXESqYnqUIm1SPa0000 | 2vt2qMBaCgToS9pZ0000 | lRdQUTw8ZMKaG8n60000 | 3ofmgzJGsYM4WeVu0000 | jdiRyH7nZQiT6zwG0000 | ZjZaHnHBFH7oc8cC0000 | voCLbI2wWGSJIbeR0000 | Ol5XwEUciDoWKOEA0000 | Gkz0mrASpiQt0daF0000 | nZbKcKQrLryWzr4U0000 | 6XkttGLOhLYQGSIa0000 | J7viPQwZJDtqLhiJ0000 | egj4AJVMQfhgBTV20000 | UEiVn6H5n8W4oZ9j0000 | 7JaXzjEnNeY6KmQe0000 | Z5plcMSAjUsVr9vj0000 | jGL9mQNzUnLtuYO00000 | zFOth2ixhxsmTsmN0000 | zfVqaxwRjBTwi5380001 | FVk0FYEauFG6Xh5k0001 | Z97QArS3RsHBkMFl0001 | nTUCme5guKdWQdZw0001 | ICcbJtH4pG9KNLNU0001 | 9QaesfV3QSBEj1bZ0001 | 5zeYSUqbEDH6ow9U0001 | kPSBnnSBVxJHV03Y0001 | DPYL15zz6RVJkm0h0001 | pwdQH0nsvJIbWk380001 | dPzEMduToLegetzI0001 | 7fexgDCUrFcg9v0n0001 | I6TVhHhC9byld6C70001 | 5a0YFcPvVfaqLA6A0001 | dbI3IRYKitiO53Lz0001 | saBp6OcAn7lVH2HO0001 | NrAMb0MUNwxhFhbf0001 | jw4a53uAwiPbsKFg0001 | dPRYNkhaePYenrs30001 | ZBXESqYnqUIm1SPa0001 | 2vt2qMBaCgToS9pZ0001 | lRdQUTw8ZMKaG8n60001 | 3ofmgzJGsYM4WeVu0001 | jdiRyH7nZQiT6zwG0001 | ZjZaHnHBFH7oc8cC0001 | voCLbI2wWGSJIbeR0001 | Ol5XwEUciDoWKOEA0001 | Gkz0mrASpiQt0daF0001 | nZbKcKQrLryWzr4U0001 | 6XkttGLOhLYQGSIa0001 | J7viPQwZJDtqLhiJ0001 | egj4AJVMQfhgBTV20001 | UEiVn6H5n8W4oZ9j0001 | 7JaXzjEnNeY6KmQe0001 | Z5plcMSAjUsVr9vj0001 | jGL9mQNzUnLtuYO00001 | zFOth2ixhxsmTsmN0001,jkobject-vs-main-v1@2026-07-11T23:11:48Z,main_and_jkobject_with_jkobject_revision,False,working_or_historical_not_in_canonical_cleaned_layout,False,True,True,unknown_requires_link_readback,False,False,False,False,catalog_record_requires_structural_readback,TODO.md accepted OBS=10/70 VAR=8/70 @ 2026-07-27
prism_collection/GSE213921,Lamin catalog working/historical,False,0,0,0 B,False,0,0,0 B,True,3,0,unknown,prism_collection/GSE213921,prism_collection/GSE213921,branch_revision,pert-gym/additions/20260621 | pert-gym/additions/20260624-tiny-tail-minimal | pert-gym/canonical/20260621 | pert-gym/canonical/20260624-shared-var | pert-gym/canonical/20260624-shared-var-alias | pert-gym/canonical/20260624-tiny-tail-minimal,NF1p663yc9ADaiMm0000 | TXmUaF88wjoOKFwM0000 | NF1p663yc9ADaiMm0001,jkobject-vs-main-v1@2026-07-11T23:11:48Z,main_and_jkobject_with_jkobject_revision,False,working_or_historical_not_in_canonical_cleaned_layout,False,True,True,unknown_requires_link_readback,False,False,False,False,catalog_record_requires_structural_readback,TODO.md accepted OBS=10/70 VAR=8/70 @ 2026-07-27
prism_collection/GSE214844,Lamin catalog working/historical,False,0,0,0 B,False,0,0,0 B,True,39,0,unknown,prism_collection/GSE214844,prism_collection/GSE214844,branch_revision,pert-gym/additions/20260621 | pert-gym/additions/20260624-tiny-tail-minimal | pert-gym/canonical/20260621 | pert-gym/canonical/20260624-shared-var | pert-gym/canonical/20260624-shared-var-alias | pert-gym/canonical/20260624-tiny-tail-minimal,Y07lThJKNjOR136n0000 | eXfnzl8FL2CmpNHL0000 | g3RS9fleebCmOxtg0000 | i81Zjm5Oi0JgvELA0000 | ts1HulCncbvIbJrK0000 | oQS2UDHSTztYOOB40000 | Mf7VYIFIrQudj5ka0000 | LxsWOmUn3iaDT4YC0000 | Dl8yBXAWjhoolk4r0000 | lCNgTbR41fGbLkuy0000 | UpyndqjDMZ5aiUp60000 | tMCjQBIC431mCZs80000 | ILd5iDCMN1qI2RWv0000 | vpZRZ8SPe1Wmoe3U0000 | tZx0XjVu9lIOG7Sz0000 | R4DQyBMOqcWwtMQ10000 | kyn5MvbabxUj4iuN0000 | 9menvHR7FmTQsSW60000 | MXGamcEFMG5na9yd0000 | 9v4YLmuVjgrMgCKN0000 | UlQjjNrZ8CdfUNj30000 | agkREeJWLbnGZQD70000 | 3xAlwTsaq1knpyA00000 | RhN4d66FB0xFGwUg0000 | LFPGwKzNZ8mvqwxz0000 | H37Bgzwd0miIaXI40000 | Y07lThJKNjOR136n0001 | g3RS9fleebCmOxtg0001 | ts1HulCncbvIbJrK0001 | Mf7VYIFIrQudj5ka0001 | Dl8yBXAWjhoolk4r0001 | UpyndqjDMZ5aiUp60001 | ILd5iDCMN1qI2RWv0001 | tZx0XjVu9lIOG7Sz0001 | kyn5MvbabxUj4iuN0001 | MXGamcEFMG5na9yd0001 | UlQjjNrZ8CdfUNj30001 | 3xAlwTsaq1knpyA00001 | LFPGwKzNZ8mvqwxz0001,jkobject-vs-main-v1@2026-07-11T23:11:48Z,main_and_jkobject_with_jkobject_revision,False,working_or_historical_not_in_canonical_cleaned_layout,False,True,True,unknown_requires_link_readback,False,False,False,False,catalog_record_requires_structural_readback,TODO.md accepted OBS=10/70 VAR=8/70 @ 2026-07-27
prism_collection/GSE215253,Lamin catalog working/historical,False,0,0,0 B,False,0,0,0 B,True,225,0,unknown,prism_collection/GSE215253,prism_collection/GSE215253,branch_revision,pert-gym/additions/20260621 | pert-gym/additions/20260624-tiny-tail-minimal | pert-gym/canonical/20260621 | pert-gym/canonical/20260624-shared-var | pert-gym/canonical/20260624-shared-var-alias | pert-gym/canonical/20260624-tiny-tail-minimal,yFDmVDpvl4YA2CJ60000 | hNicSCmpyfgkD7CH0000 | qzkebNYXVoSWK6Tt0000 | lSbde8Fl1GZFRJ1q0000 | LnIpMCX7blwcrDDP0000 | xRX9TSj62rNWyr3Y0000 | HbCf85Nb0TCCigOd0000 | 4wmaWV8CV4puuqls0000 | qnFw4CGbkWDjzPkB0000 | gUUyDzGF9PZ98po30000 | J2a40pKRUmbYo69G0000 | tVkIAL1cxZlZfWN60000 | l5ofIeI5MuBm8BT60000 | d2GBe702Pdtqt22L0000 | l6OxgIz7AUnqnfHk0000 | Ue96ElkjlKoqGuBA0000 | DkPVsU6BMKwkEt8X0000 | Rd6BGnoZQ9s8fHY60000 | FMa00h4XQursJw6K0000 | 3bHo6ZvLauOP0eW10000 | ZEVWmuRNjpI5z3wA0000 | 4cnIj2mtKffjOwHq0000 | IYH8oBHGEeiHQJch0000 | DPwKJahz9YEiQnrA0000 | 5wgpT5GG7HJ1vKdL0000 | NRClU1a99y1SS6Er0000 | Vu6pjQCOR2I7ml430000 | YtRlfBxWU8TVc8Gn0000 | zt42xV6PQOWsE5kn0000 | P31X0j1ihAmgv5OH0000 | G4znTYWPoyWTeRjt0000 | Ds6oH1b8TqK24XIH0000 | LGFwoSiWNJMiUrDU0000 | sXPLQwyti9LK72kT0000 | bLNty16XC0nMDBPk0000 | 1AaGCnENdVphcNPT0000 | Mf7wDVb4qSPt12vj0000 | 5LZNDhccUEfkrcdO0000 | tTJqmtulg7WHxGLR0000 | 6SfKEMfcBBB2HhoU0000 | uMd5ApYVk5NeanuR0000 | sYrm4nSyh7hClYAp0000 | h0m47pHP8CBfhFqW0000 | z3RJVakBeqEf0zxE0000 | OJkHkbp0VuVqdAsX0000 | 02gbXbQ6YIKRQodr0000 | CPM2zB6U3HxWiUv30000 | RPOBeFyBoKTYTPEf0000 | eQ9ci1EsHxKr3Ph50000 | ko8VkwHB1V0c4Xga0000 | tzpeEmZKiDsA0kN20000 | AKBTwxyQF9j5gebk0000 | 7f0dL3uCRJhM1xA30000 | dB5DZ2478T962wuv0000 | NEAKa90kKE6LpKJg0000 | Vkdse2mg55xaKakn0000 | lzGT7mrChUPbL9MJ0000 | 74zAnAwLDcAqwvxG0000 | wRLIx1FKD4Mq2w6P0000 | OAbZaKMDqNJ7bHrY0000 | 7PIxrwLVCxYm8qiG0000 | ohc1YYx2o8pc9yiu0000 | xfNly5uvOT9sIaXx0000 | G2eQSBjy88ePyDdY0000 | SE3K3voufV4e6FOl0000 | 9JQjPyhLxRBEhZCT0000 | TNY9iP8AMN6dDy640000 | Dzd3BcJSK8QqBcKb0000 | o2Sn4eGFCJ0scm2q0000 | lucfCERiKxiunUN80000 | RX1D82omUD5WvAye0000 | qw0Li4G5LzkqrgMQ0000 | 2j3yOP4JHe2zRV9E0000 | Z6q7IQqwDjfUE2xq0000 | D0D8ROHz6WZ79UgB0000 | VvBfiNQAcV0PoTB10000 | 8T6SXQFmekKwWDzN0000 | bq4KfsW9bs7NGmnu0000 | xiMaUMInDOCOJtMx0000 | RGNCUqq1mYTGxhEi0000 | iEMNhvis99r2IVvL0000 | qukWVkkwQLZxL8Ih0000 | lIWuUDofzfBqBCns0000 | ehcvXMngiJ6t6IB60000 | qSiSqJKmNotCwDhR0000 | DtOqZur3RhaQKjc30000 | kfZULA8SHEADY3MK0000 | hEWAg7yJKcXVl44F0000 | kAXtnyx2IaO2Wtmx0000 | 3rApExsxXwzA0jUG0000 | 94g3bjrVIFhd2euZ0000 | osxvTUzRH7wAe9Sv0000 | 4uzOtYLNrs1wZVk80000 | IYkDStE3b3e7wdUi0000 | byoqX9SHZhnRADtj0000 | ljBKVubGuuOqc4R30000 | JvjcWSkV6hCOv3TU0000 | 84gJi6L6PmJ9KUXa0000 | PFcGIkEeXHMYEgng0000 | LanzLN3eVvR8ywX60000 | LNQsjSLml3tcVPVx0000 | brWcZxu2dT4jZQ9z0000 | JMu8okoj4YWOY2la0000 | YSpuEr2WmeNcfaER0000 | wKWtiKfgd0JDFMPV0000 | VwJSLBZHJCKoRUtK0000 | riWsjxGFB7gZnyUZ0000 | JrWq1kkWFc7vrYUD0000 | gHiE7m7IPODyuUwb0000 | tLo5jEvZcs648n9F0000 | 3QRue5U2HS8BtF6m0000 | TWZMVxJWjR3WnbOQ0000 | NOab1rQ0YnaX5GNq0000 | 46aNeJmaP5Hy4ipN0000 | JrsqrFLMt6kJbnnL0000 | XF1mnuppGujEDeGQ0000 | MADOeLBjm1Mtx8iO0000 | eD3BvFzscxolBnne0000 | Fqr4NAQ8RR1jBoCV0000 | 1MN1KOFqEn8v69mp0000 | Plnk7Akes9IOYdt70000 | QDnMIVz7AK4r0VMG0000 | pIo4WfQ5n6DkKXmz0000 | he6xFBwL5opTTeHa0000 | UunaF3E6GOQr5sRW0000 | PHU8g5Ix3QYjJsbV0000 | XuGfAsLdzVxzOPRQ0000 | keERtXgK8bhtnEZE0000 | 5EYNsrl5gll50PX40000 | yQGr5IyhM92pYcX00000 | D3HjjlGZUTJvdWkH0000 | VKDFBmYP4MP7RNB90000 | W894yl6o8JnKIVIa0000 | lEs0R9ZHfJy6gDbR0000 | 1FWnhoVMvjVUrV4f0000 | SiVzt6V2j3EJbYjw0000 | vntkLAfXeVfhz5v20000 | OqxfG8uwbMdlRBpW0000 | 9ArbVhqagXxhBMmt0000 | PjZagSeRpHkvEjgh0000 | TxzJPqKHKxkKzf5s0000 | bY13zxKhSlYbHtVz0000 | DAl1xTkzFgfIPL0C0000 | k3DmB42PT3eWcoIJ0000 | aDXkDoXT0kQje5kD0000 | 4DsdODVW1mFNqRX40000 | tvJmtgldqlwJbHKs0000 | MB6yRW7yezeRne790000 | PmowpDJVSjWlBJ4E0000 | PtWMSmxbzvHIjKPv0000 | yFDmVDpvl4YA2CJ60001 | qzkebNYXVoSWK6Tt0001 | LnIpMCX7blwcrDDP0001 | HbCf85Nb0TCCigOd0001 | qnFw4CGbkWDjzPkB0001 | J2a40pKRUmbYo69G0001 | l5ofIeI5MuBm8BT60001 | l6OxgIz7AUnqnfHk0001 | DkPVsU6BMKwkEt8X0001 | FMa00h4XQursJw6K0001 | ZEVWmuRNjpI5z3wA0001 | IYH8oBHGEeiHQJch0001 | 5wgpT5GG7HJ1vKdL0001 | Vu6pjQCOR2I7ml430001 | zt42xV6PQOWsE5kn0001 | G4znTYWPoyWTeRjt0001 | LGFwoSiWNJMiUrDU0001 | bLNty16XC0nMDBPk0001 | Mf7wDVb4qSPt12vj0001 | tTJqmtulg7WHxGLR0001 | uMd5ApYVk5NeanuR0001 | h0m47pHP8CBfhFqW0001 | OJkHkbp0VuVqdAsX0001 | CPM2zB6U3HxWiUv30001 | eQ9ci1EsHxKr3Ph50001 | tzpeEmZKiDsA0kN20001 | 7f0dL3uCRJhM1xA30001 | NEAKa90kKE6LpKJg0001 | lzGT7mrChUPbL9MJ0001 | wRLIx1FKD4Mq2w6P0001 | 7PIxrwLVCxYm8qiG0001 | xfNly5uvOT9sIaXx0001 | SE3K3voufV4e6FOl0001 | TNY9iP8AMN6dDy640001 | o2Sn4eGFCJ0scm2q0001 | RX1D82omUD5WvAye0001 | 2j3yOP4JHe2zRV9E0001 | D0D8ROHz6WZ79UgB0001 | 8T6SXQFmekKwWDzN0001 | xiMaUMInDOCOJtMx0001 | iEMNhvis99r2IVvL0001 | lIWuUDofzfBqBCns0001 | qSiSqJKmNotCwDhR0001 | kfZULA8SHEADY3MK0001 | kAXtnyx2IaO2Wtmx0001 | 94g3bjrVIFhd2euZ0001 | 4uzOtYLNrs1wZVk80001 | byoqX9SHZhnRADtj0001 | JvjcWSkV6hCOv3TU0001 | PFcGIkEeXHMYEgng0001 | LNQsjSLml3tcVPVx0001 | JMu8okoj4YWOY2la0001 | wKWtiKfgd0JDFMPV0001 | riWsjxGFB7gZnyUZ0001 | gHiE7m7IPODyuUwb0001 | 3QRue5U2HS8BtF6m0001 | NOab1rQ0YnaX5GNq0001 | JrsqrFLMt6kJbnnL0001 | MADOeLBjm1Mtx8iO0001 | Fqr4NAQ8RR1jBoCV0001 | Plnk7Akes9IOYdt70001 | pIo4WfQ5n6DkKXmz0001 | UunaF3E6GOQr5sRW0001 | XuGfAsLdzVxzOPRQ0001 | 5EYNsrl5gll50PX40001 | D3HjjlGZUTJvdWkH0001 | W894yl6o8JnKIVIa0001 | 1FWnhoVMvjVUrV4f0001 | vntkLAfXeVfhz5v20001 | 9ArbVhqagXxhBMmt0001 | TxzJPqKHKxkKzf5s0001 | DAl1xTkzFgfIPL0C0001 | aDXkDoXT0kQje5kD0001 | tvJmtgldqlwJbHKs0001 | PmowpDJVSjWlBJ4E0001,jkobject-vs-main-v1@2026-07-11T23:11:48Z,main_and_jkobject_with_jkobject_revision,False,working_or_historical_not_in_canonical_cleaned_layout,False,True,True,unknown_requires_link_readback,False,False,False,False,catalog_record_requires_structural_readback,TODO.md accepted OBS=10/70 VAR=8/70 @ 2026-07-27
prism_collection/GSE216673,Lamin catalog working/historical,False,0,0,0 B,False,0,0,0 B,True,36,0,unknown,prism_collection/GSE216673,prism_collection/GSE216673,branch_revision,pert-gym/additions/20260621 | pert-gym/additions/20260624-tiny-tail-minimal | pert-gym/canonical/20260621 | pert-gym/canonical/20260624-shared-var | pert-gym/canonical/20260624-shared-var-alias | pert-gym/canonical/20260624-tiny-tail-minimal,yPps6c2SFmBTnrwW0000 | riCpCqG8q4ktmno90000 | 2TCECPD8fBioXh6S0000 | Lx27WIsjkZBf8wAc0000 | 4QvVNTU2Y0Q6Rr1X0000 | tDZXEspEgsKQwfhI0000 | VUXVBp7ARbJuNZbR0000 | JosmR8vwOk6EunDq0000 | 2HTsyl43CJoAOfBb0000 | 3FitosQIxSf9bbfU0000 | 9GnDXXmK3mO8OsqW0000 | p6xUUO1yqfF42VOW0000 | kwMHsLHQVK0qHEI40000 | 3UBmG3nAge2u64z10000 | xX5pw5CUBxkxHeNx0000 | OqR4rM1y4Oi9UYwu0000 | Q5Y8YaUjOMLIzR9h0000 | W4ARKx2C4k9AwebI0000 | PuFG7Lp3pcOmsgZG0000 | eIMIJki1k9HDlY2b0000 | hfCmYrFK7QKiLcNT0000 | amIazRGGE9zGqJq50000 | Pm7nG2j65AVkM0mX0000 | GAZLLB6KxQfMoP2K0000 | yPps6c2SFmBTnrwW0001 | 2TCECPD8fBioXh6S0001 | 4QvVNTU2Y0Q6Rr1X0001 | VUXVBp7ARbJuNZbR0001 | 2HTsyl43CJoAOfBb0001 | 9GnDXXmK3mO8OsqW0001 | kwMHsLHQVK0qHEI40001 | xX5pw5CUBxkxHeNx0001 | Q5Y8YaUjOMLIzR9h0001 | PuFG7Lp3pcOmsgZG0001 | hfCmYrFK7QKiLcNT0001 | Pm7nG2j65AVkM0mX0001,jkobject-vs-main-v1@2026-07-11T23:11:48Z,main_and_jkobject_with_jkobject_revision,False,working_or_historical_not_in_canonical_cleaned_layout,False,True,True,unknown_requires_link_readback,False,False,False,False,catalog_record_requires_structural_readback,TODO.md accepted OBS=10/70 VAR=8/70 @ 2026-07-27
prism_collection/GSE217812,Lamin catalog working/historical,False,0,0,0 B,False,0,0,0 B,True,3,0,unknown,prism_collection/GSE217812,prism_collection/GSE217812,branch_revision,pert-gym/additions/20260621 | pert-gym/additions/20260624-tiny-tail-minimal | pert-gym/canonical/20260621 | pert-gym/canonical/20260624-shared-var | pert-gym/canonical/20260624-shared-var-alias | pert-gym/canonical/20260624-tiny-tail-minimal,gysRpkP8jIzBnNuY0000 | NcOTI1hgpBKepkRv0000 | gysRpkP8jIzBnNuY0001,jkobject-vs-main-v1@2026-07-11T23:11:48Z,main_and_jkobject_with_jkobject_revision,False,working_or_historical_not_in_canonical_cleaned_layout,False,True,True,unknown_requires_link_readback,False,False,False,False,catalog_record_requires_structural_readback,TODO.md accepted OBS=10/70 VAR=8/70 @ 2026-07-27
prism_collection/GSE219317,Lamin catalog working/historical,False,0,0,0 B,False,0,0,0 B,True,288,0,unknown,prism_collection/GSE219317,prism_collection/GSE219317,branch_revision,pert-gym/additions/20260621 | pert-gym/additions/20260624-tiny-tail-minimal | pert-gym/canonical/20260621 | pert-gym/canonical/20260624-shared-var | pert-gym/canonical/20260624-shared-var-GSE219317-smoke | pert-gym/canonical/20260624-shared-var-alias | pert-gym/canonical/20260624-tiny-tail-minimal,lRpuu71RQv07CQfB0000 | zSfBZeiXq3o4oIG80000 | g1CvhpjtpTtOmpi10000 | tRtrg2ukzD4yMRoA0000 | lCVKRR968enA9Pj10000 | vnUL5MZXJ2loLIkN0000 | DaEjS6Rj3nX4ga6X0000 | UBGfuPcAxS1CivUL0000 | 5obkYakmsrphowk20000 | xZNG0vrUablfHQXv0000 | 2E2ifsvwF8KFd6B90000 | mVo8mJpW1zEa6HNM0000 | 8WMMITeKShQMApFI0000 | t5QzorVhoBmBnJyM0000 | VgfzA4A7LzGxzhBA0000 | PENxenoOY5SUKxPy0000 | q4s62S8LZ6j7dMhs0000 | QROseynH0qjjqM8t0000 | vRzs4edFEX2z9Wqw0000 | 9wPZsCXVLtebNeaI0000 | mRYzTdDWATP4hHJw0000 | cxfYsrp6GM5mpSiD0000 | AfaecCRJtni4y7dA0000 | RMH4iq9MurD5qEck0000 | OcPxhPWFVqPjjVX30000 | buxfz2FUtcWsOGMX0000 | eeSOnppE3HkZMWzV0000 | fgWqKqU4134o9O8t0000 | if30zwgAjafOc2ID0000 | p7LKy2q6eYFl4ZPR0000 | vZgKIrWjz5yF92VY0000 | 1pdeG8zz4STHTl0r0000 | u9sXiQtmNdya6hQH0000 | KpHO6m4CZ0B1GVT70000 | WsOWgk8WSE3xTxCy0000 | 3uEoZXhVOsB5cImT0000 | lKI6UrMkfEDbBsNG0000 | k6sYq0pgS5JAm1k60000 | v5QMC3njZPRt9frr0000 | 9CZEcFIak8gjp3C70000 | WlMKVy1JHgSUURzE0000 | jlouVwaflDc6rKpF0000 | udD3hDnrm23R3gt20000 | DoQinnTts31u7DQP0000 | PGLE2FrUPu4KvXGE0000 | F3uXTOigz6gL8NpP0000 | IRdIEgmCsSoOPQEr0000 | cavYqB773XVTlXxh0000 | VQ6P28K4XPpjxwDH0000 | 0buNCX3jqR3NzThu0000 | 3cN1qC0cQtQuAOWf0000 | UuHFASQJuHADuSq00000 | US7M2wHSbmN37CIu0000 | jF9noPIdREcbFnwe0000 | mWaEQb3ls1pZ2ZoA0000 | v6FwFmzVIgnIIS260000 | D6LRwiz2GbXFqwfv0000 | XWcOS8qhTN6EVimw0000 | I9qzKpjUIs7C6CKK0000 | dr0EwesHsfiixlN20000 | lKwonEVL83g76Z9M0000 | y36tskLnFzadZ4ay0000 | R82vdFjsWNQdxRxL0000 | EMLrq2fxcHc0xw9R0000 | NktwYWrUvU07I56V0000 | QOYRD8e4n3SVtSji0000 | FzH5UJJv6bMIZkGB0000 | 3ZzIg2iovxGxj38j0000 | E5CBay4TmxFyLkaG0000 | MfxsulyBqd1wfx1z0000 | a6L9NoF8BrE11uux0000 | HThElsn0WG5yKRMk0000 | 0jQNbi18baH8NKE00000 | cpNRaLiKn0iCPkT70000 | wrEskdT1RD85EXCq0000 | 4L1pOgp4zjAlH3ti0000 | bgRHeq3yh0xGbxyi0000 | 1GRAI73xjXPe0PGe0000 | dDU42AQKxdomvmMp0000 | Wgk4LuC7Uoaay6YU0000 | jrC0ApSyQ014WIiK0000 | fpXmzwnNMkQEmyNU0000 | ehrFM5Gw5YIAxvkr0000 | 1yU3cCk8PmzEIihj0000 | 6u6YccgnBZdXoSDi0000 | VjRKduhcvS0063Hx0000 | 5lXQBZJOVj9JLU6H0000 | 7xlNaEQacoJnMot50000 | hsNrWMYHWNHWXp9I0000 | GyYnQLt0UUHFv2cz0000 | scgJDliZTAXyYFT20000 | ZvAeMyEw5F5gg3930000 | b8cwG19He8buH3UF0000 | OW7ffjhgAEQzxKnV0000 | DdFsXyQGFo9N6RzX0000 | pwma6rd91vLczcPW0000 | acxuXs9lf81UFwI30000 | jkwEPBY1GkE6QthV0000 | x7E0gq4wtZefJB8f0000 | 2Z91g8gsEY190ePu0000 | VHzim2lIOUUQDdeR0000 | RIVqxSVn8CWxmvgv0000 | LS9phwh3SAoKL5zf0000 | AoEr9JWeOJccMjDw0000 | dunGy8Dzpdn8H5LW0000 | yrT0o3VWFIsFTxYX0000 | BIxAM5pKYPVjk8qL0000 | lttKTX7iTHHarqYv0000 | 7pJDxxoeAOrEpdOu0000 | 66FSgoA6MOCF4E9Z0000 | OuHSeTEh6NRXiwz20000 | Y4GPvcPFt0tLVGdj0000 | RL2FtkVtQZ3OBmUw0000 | JYoyrZuVwnfvVqXM0000 | hMBpt6U9vXjqU74o0000 | jv3rSAgkwmWnzhmg0000 | mycV0m3CulJHScHa0000 | ChoV1WOhrF9kmx0G0000 | m4Etepsr3hcuKNTc0000 | kBFMxZ1J6dgzyuo40000 | BEDCDnk4D1qMJJlT0000 | yzwp66O5AwvucKR90000 | TYKsAGQ1S9WLyQLW0000 | RZlInd10PBut8oT70000 | RIn8nW3dSygFVxmR0000 | DVRm2018WZrtY8Ce0000 | 6QsMnHJOOuwMCx040000 | oVKhjXWtMO4QsRjS0000 | clpoXKyUOe0H8Uw40000 | 3VwO7hGhx21wiPNc0000 | yltlL6dh1hoqrymi0000 | 5WhM0PKzIyklKfpV0000 | yliCZZ9ozWQSMmLl0000 | yA2v4WHGJWTJSiJD0000 | Nj6GC0Mffntg0yDh0000 | vpUKF1mYJroGT4Z50000 | 4lJvaSpsIiUdHK3f0000 | uWTY0xcdQckLhhhm0000 | 8FBXXibUXYZuxur20000 | ejIwNZpvPjd2gftK0000 | hHX4WZLEXAz7RV2x0000 | jpDLJ3HlIViadoAr0000 | TsdNNrpkdnQG79L80000 | BOKLZ8nLKmLTKQjQ0000 | r2RjXHuT1fMqnnLQ0000 | UWAfhuxV2eurOuhp0000 | PBiJklepwt2GG7bq0000 | OABXLDrEw305wRXk0000 | k29Q8cUguhBHZmnw0000 | s3AT6QoFNOORz82K0000 | cewLKXT8nuErLntm0000 | HH5hEoNYXmuEGACp0000 | cbsA7mwce0h5hFT30000 | WPeNZ4Z9sdc0rhTf0000 | C1x9dXPn3dxZ00Z20000 | g1rXCy6fvTuclW3o0000 | zCh0VUIDr6gi0pYH0000 | T9mfUhwxhbCKQ0OP0000 | sABiSq44RkvrZeRB0000 | MuNgQhtIffLKTKWq0000 | aHApwqKpdFTbluLu0000 | 5IfZQjFopGGq8hbW0000 | xwmi9xvYNB1Lje0J0000 | PLH6IHkLmTw4IllM0000 | WOg9HD8mG7aJYg0C0000 | JGO9GNTINGAgHi4C0000 | YUKUiH55vjjPtfXH0000 | 4bb4UL8Mwuh9NfUo0000 | iQHTb1XUUTmb9IeW0000 | p6pC13tLe1lzrCU60000 | OtN3dnpW7Ff9657l0000 | 079vEqPgjX2gkf3f0000 | 5Ji6LEiwq4z9S72e0000 | Ef1afxOlXKwZdl3m0000 | khda74jBGxdzVisZ0000 | EpQSFK35KC7wlXvw0000 | HGjWGaecjBTDZfsp0000 | BZjDGF5S8t3XDGLo0000 | VNGFqL1AJWnDO6I60000 | TdNvWykP6nZ9Zgwz0000 | iyZdJZLn5v8lVH010000 | q6sal5mbXU6v5cLl0000 | wtWPzXgE8ktDMQbc0000 | Anqms8TRjXWo0vXZ0000 | eRS8ObwPpkQip4l50000 | gOWLIIz8atpe8Kqa0000 | wPYBazEur61KROGW0000 | 35G3M1wMsFYz7tK40000 | qkxOvByMPzWNVVnO0000 | 4999v5MuisxzsucO0000 | UPBUZqhl3AUvtKDe0000 | wD3V68LgZR2OWkWq0000 | lRpuu71RQv07CQfB0001 | g1CvhpjtpTtOmpi10001 | lCVKRR968enA9Pj10001 | DaEjS6Rj3nX4ga6X0001 | 5obkYakmsrphowk20001 | 2E2ifsvwF8KFd6B90001 | 8WMMITeKShQMApFI0001 | VgfzA4A7LzGxzhBA0001 | q4s62S8LZ6j7dMhs0001 | vRzs4edFEX2z9Wqw0001 | mRYzTdDWATP4hHJw0001 | AfaecCRJtni4y7dA0001 | OcPxhPWFVqPjjVX30001 | eeSOnppE3HkZMWzV0001 | if30zwgAjafOc2ID0001 | vZgKIrWjz5yF92VY0001 | u9sXiQtmNdya6hQH0001 | WsOWgk8WSE3xTxCy0001 | lKI6UrMkfEDbBsNG0001 | v5QMC3njZPRt9frr0001 | WlMKVy1JHgSUURzE0001 | udD3hDnrm23R3gt20001 | PGLE2FrUPu4KvXGE0001 | IRdIEgmCsSoOPQEr0001 | VQ6P28K4XPpjxwDH0001 | 3cN1qC0cQtQuAOWf0001 | US7M2wHSbmN37CIu0001 | mWaEQb3ls1pZ2ZoA0001 | D6LRwiz2GbXFqwfv0001 | I9qzKpjUIs7C6CKK0001 | lKwonEVL83g76Z9M0001 | R82vdFjsWNQdxRxL0001 | NktwYWrUvU07I56V0001 | FzH5UJJv6bMIZkGB0001 | E5CBay4TmxFyLkaG0001 | a6L9NoF8BrE11uux0001 | 0jQNbi18baH8NKE00001 | wrEskdT1RD85EXCq0001 | bgRHeq3yh0xGbxyi0001 | dDU42AQKxdomvmMp0001 | jrC0ApSyQ014WIiK0001 | ehrFM5Gw5YIAxvkr0001 | 6u6YccgnBZdXoSDi0001 | 5lXQBZJOVj9JLU6H0001 | hsNrWMYHWNHWXp9I0001 | scgJDliZTAXyYFT20001 | b8cwG19He8buH3UF0001 | DdFsXyQGFo9N6RzX0001 | acxuXs9lf81UFwI30001 | x7E0gq4wtZefJB8f0001 | VHzim2lIOUUQDdeR0001 | LS9phwh3SAoKL5zf0001 | dunGy8Dzpdn8H5LW0001 | BIxAM5pKYPVjk8qL0001 | 7pJDxxoeAOrEpdOu0001 | OuHSeTEh6NRXiwz20001 | RL2FtkVtQZ3OBmUw0001 | hMBpt6U9vXjqU74o0001 | mycV0m3CulJHScHa0001 | m4Etepsr3hcuKNTc0001 | BEDCDnk4D1qMJJlT0001 | TYKsAGQ1S9WLyQLW0001 | RIn8nW3dSygFVxmR0001 | 6QsMnHJOOuwMCx040001 | clpoXKyUOe0H8Uw40001 | yltlL6dh1hoqrymi0001 | yliCZZ9ozWQSMmLl0001 | Nj6GC0Mffntg0yDh0001 | 4lJvaSpsIiUdHK3f0001 | 8FBXXibUXYZuxur20001 | hHX4WZLEXAz7RV2x0001 | TsdNNrpkdnQG79L80001 | r2RjXHuT1fMqnnLQ0001 | PBiJklepwt2GG7bq0001 | k29Q8cUguhBHZmnw0001 | cewLKXT8nuErLntm0001 | cbsA7mwce0h5hFT30001 | C1x9dXPn3dxZ00Z20001 | zCh0VUIDr6gi0pYH0001 | sABiSq44RkvrZeRB0001 | aHApwqKpdFTbluLu0001 | xwmi9xvYNB1Lje0J0001 | WOg9HD8mG7aJYg0C0001 | YUKUiH55vjjPtfXH0001 | iQHTb1XUUTmb9IeW0001 | OtN3dnpW7Ff9657l0001 | 5Ji6LEiwq4z9S72e0001 | khda74jBGxdzVisZ0001 | HGjWGaecjBTDZfsp0001 | VNGFqL1AJWnDO6I60001 | iyZdJZLn5v8lVH010001 | wtWPzXgE8ktDMQbc0001 | eRS8ObwPpkQip4l50001 | wPYBazEur61KROGW0001 | qkxOvByMPzWNVVnO0001 | UPBUZqhl3AUvtKDe0001,jkobject-vs-main-v1@2026-07-11T23:11:48Z,main_and_jkobject_with_jkobject_revision,False,working_or_historical_not_in_canonical_cleaned_layout,False,True,True,unknown_requires_link_readback,False,False,False,False,catalog_record_requires_structural_readback,TODO.md accepted OBS=10/70 VAR=8/70 @ 2026-07-27
prism_collection/GSE220974,Lamin catalog working/historical,False,0,0,0 B,False,0,0,0 B,True,15,0,unknown,prism_collection/GSE220974,prism_collection/GSE220974,branch_revision,pert-gym/additions/20260621 | pert-gym/additions/20260624-tiny-tail-minimal | pert-gym/canonical/20260621 | pert-gym/canonical/20260624-shared-var | pert-gym/canonical/20260624-shared-var-alias | pert-gym/canonical/20260624-tiny-tail-minimal,q3lwkjXHsr49O2zC0000 | OCuSSa1Oq5f489kH0000 | 1FAFUOzuGuPZ8jyn0000 | pruJjEe2sgV9Sv820000 | c8u5fNQhOxoADNRj0000 | 9QUzDK4vocaOVNo80000 | VYZBaa8BDwSQov1p0000 | ZQoMksaCNUmr1EmI0000 | kkfFJURpr13v3nrk0000 | WVDa7YfqRgvynlrz0000 | q3lwkjXHsr49O2zC0001 | 1FAFUOzuGuPZ8jyn0001 | c8u5fNQhOxoADNRj0001 | VYZBaa8BDwSQov1p0001 | kkfFJURpr13v3nrk0001,jkobject-vs-main-v1@2026-07-11T23:11:48Z,main_and_jkobject_with_jkobject_revision,False,working_or_historical_not_in_canonical_cleaned_layout,False,True,True,unknown_requires_link_readback,False,False,False,False,catalog_record_requires_structural_readback,TODO.md accepted OBS=10/70 VAR=8/70 @ 2026-07-27
prism_collection/GSE221321,Lamin catalog working/historical,False,0,0,0 B,False,0,0,0 B,True,129,0,unknown,prism_collection/GSE221321,prism_collection/GSE221321,branch_revision,pert-gym/additions/20260621 | pert-gym/additions/20260624-tiny-tail-minimal | pert-gym/canonical/20260621 | pert-gym/canonical/20260624-shared-var | pert-gym/canonical/20260624-shared-var-GSE221321-smoke | pert-gym/canonical/20260624-shared-var-alias | pert-gym/canonical/20260624-tiny-tail-minimal,Mczd5stcYNJk2U8H0000 | 8a6ynBnLpHgvucN90000 | GcCmdF4thGtLvIJG0000 | FzTzma2INsjkEwIJ0000 | T8lcV1eDIqYLKXaW0000 | dTj17ttLkrCUTKHc0000 | 7fVeDM33zfrVfnmz0000 | sVJKgbtsIWnpWRVL0000 | F43u2PoizehU5eKJ0000 | nlLUzHNzrD8Iit1q0000 | 3BnNodOc3CcrNzAJ0000 | TBRJbI8eDnNakQhc0000 | h4ErIkP2mahGdKYq0000 | R3BBuHtKcD3iLzlN0000 | Yh6Q94m38c4LkuZl0000 | l33gNUxugaV8bTbn0000 | cqziK01geTjiSZwK0000 | E89Mk01mQFqYnqgG0000 | DHj4IfFxPpEiEpdW0000 | zW4qlRdthCWh93Ku0000 | x4XY3T9iYigmPRxH0000 | V33snrJXGCv8Dg0N0000 | oOBZmc8BVOkEaXVf0000 | vCuxF8jBFoMgJ3kE0000 | HDEvfR26iU9pbcGC0000 | MNAbElnJLiHWdKSF0000 | 3Vhu1Sa3a9shqqv20000 | 3hSEffxFU0PVUjmr0000 | FjE1TIJ5hf4EqBPz0000 | 4hoEXUG5KpF4gSaD0000 | yWQOEPL3cfsghQGR0000 | CGeaNHXfbkvhvK3g0000 | vJIPH1yjewD93L040000 | 10JpgNKUkB4jkHMp0000 | RXEk66BsvuOOrdfj0000 | RVT5umTgJvIQ5MRU0000 | FRZfkqnsVmRtHeGn0000 | mzXKp3qywlA4TfwE0000 | KCuTLUqgqKcwkivO0000 | kzFpejAZYYRF1csI0000 | KO9fQaKj682Ql3we0000 | RVJ0sAR42d5TDKky0000 | okarkF08GOPqQALu0000 | hoLRf5Pi4APKxoRd0000 | 5w3Ik8drBYjND4Xc0000 | 79YxuXZ8JW8gedX60000 | rgBpPgxODnvPcZOS0000 | rafzNQhTXrksj3i20000 | jGw4UCaa2Vv8o2Vp0000 | tjUzH6SVsWW1TjB50000 | JXrFKACXjEUMSQoS0000 | N9Cm9KGAskm6Uwda0000 | r0jdX2SjX9nKQsR40000 | J73w6TUa5bCWZlzV0000 | pnQ85QGYuM0VBUAD0000 | 3NE70H2XlqWcIgcf0000 | gdf0dV7mVwQVw5270000 | j7ELPgbAV1ht26gc0000 | pDIV6MK6JPLLuQ2e0000 | SiuCEfsuZAWUSkT10000 | ld9gjUqmFCpQ5lnH0000 | BPKzhLexe4fkvR3g0000 | MBKckFGQSADZbzXt0000 | yRDblxxkgEpDF9eM0000 | Onw0snvlQEIKS3Gu0000 | 5XHwYjOT41Ih2SkS0000 | v8o6jUeMIELl2W7D0000 | cl4nYGj37MT25Joy0000 | 0qhL5WQNC55lpiBJ0000 | M59lHPP3RN1HK67j0000 | aylW0Dkp3fUt2AWo0000 | 4sILgX1LjCY3Rdh40000 | 5Li105X8xhGg1cwk0000 | IwPmHyD3uAU37zfI0000 | GndhhzCTvueG2p1U0000 | foOuGE2NHARNiL7O0000 | G1SNgmWtx8yfTZ3q0000 | 2emW9XWCDe763uuf0000 | cXnBzZcRmi18tW2s0000 | Tc9YWWRKlHpcNDvy0000 | ZX9w8vRH7iQcF0wq0000 | AliXsVDB4Tc3ecNa0000 | 4c4vSGmdN02wPh6Y0000 | VndJfedhgWi4GfH20000 | T0LgHj6bylnxIy870000 | VxvBUubCYdd48BaC0000 | P4iPPCt1rDkL1GuE0000 | 3PbFA6ewUIhwRBWP0000 | sV15ctmKPpLs4YDp0000 | 3AkjQ3g1thmNabal0000 | lpxFtXTcH2AhqbAS0000 | mfYFL4d3F6kZVLCj0000 | syOCjgsAiVx9RZmI0000 | 7KkaLcCKsnyRkOqs0000 | vIM78UpY5X4XELvD0000 | IHpMtlMx2my7sP9J0000 | 7UeR1qST8hAvsYFD0000 | 2PLeF2sGpiQYpREj0000 | gampQgQ5WeeXxmoy0000 | bnxgnvscSV7058T10000 | GTfHIVlu83KbUjqi0000 | eImcihwZ4fFdps0H0000 | YcOtiSYrd2F2zbqZ0000 | iWAu5Z2T3MT86BZZ0000 | WMtlKSOGr9hnXVkB0000 | XNOg95StaeRKsaDN0000 | eWlSqGlbOygrySf70000 | cU3Y8a4C8Xgyw9nF0000 | BSt2zPtwkXL0blwn0000 | pSRI056fDc1jr8SC0000 | mvpQT2gbZXmGq7or0000 | mFrM6scFuhlekPFx0000 | Jhf22IlkNBb3cCEl0000 | WxO0tRImyFyHVMbA0000 | NLiRQomNwtMto1sY0000 | bp7QthCeIu4aEkqx0000 | HEdqiJ5ADLzX4cW70000 | H8fbkYWRkUC0PR3t0000 | AHd6VZw36OoT6tKq0000 | Z2e132DgEQZXFEk60000 | qBSHDehhlK7SwRLQ0000 | 2167XiGOKa3yRfWm0000 | 0LTnwmeJX1QBR5o40000 | UHXc0Ibfk616iLee0000 | Fw3SAXFHfEoKocr20000 | QqSs7YBLOG2bYqpD0000 | vdQCniNTuACdh32g0000 | JHJks9hGFc9PjgPp0000 | XyHap1dXS8WdfA3Y0000,jkobject-vs-main-v1@2026-07-11T23:11:48Z,main_and_jkobject_with_jkobject_revision,False,working_or_historical_not_in_canonical_cleaned_layout,True,True,True,unknown_requires_link_readback,False,False,False,False,catalog_record_requires_structural_readback,TODO.md accepted OBS=10/70 VAR=8/70 @ 2026-07-27
prism_collection/GSE221882,Lamin catalog working/historical,False,0,0,0 B,False,0,0,0 B,True,3,0,unknown,prism_collection/GSE221882,prism_collection/GSE221882,branch_revision,pert-gym/additions/20260621 | pert-gym/additions/20260624-tiny-tail-minimal | pert-gym/canonical/20260621 | pert-gym/canonical/20260624-shared-var | pert-gym/canonical/20260624-shared-var-alias | pert-gym/canonical/20260624-tiny-tail-minimal,pVIwgNRCyBf75vHY0000 | kCGh3Ir4yLRP3VMX0000 | pVIwgNRCyBf75vHY0001,jkobject-vs-main-v1@2026-07-11T23:11:48Z,main_and_jkobject_with_jkobject_revision,False,working_or_historical_not_in_canonical_cleaned_layout,False,True,True,unknown_requires_link_readback,False,False,False,False,catalog_record_requires_structural_readback,TODO.md accepted OBS=10/70 VAR=8/70 @ 2026-07-27
prism_collection/GSE225775,Lamin catalog working/historical,False,0,0,0 B,False,0,0,0 B,True,841,0,unknown,prism_collection/GSE225775,prism_collection/GSE225775,branch_revision,pert-gym/additions/20260621 | pert-gym/additions/20260624-tiny-tail-minimal | pert-gym/canonical/20260621 | pert-gym/canonical/20260624-shared-var | pert-gym/canonical/20260624-shared-var-alias | pert-gym/canonical/20260624-tiny-tail-minimal,P3W4dOa3wqHNvzQY0000 | m3iCH3EV2gZdZ6Yz0000 | 7eocaQ48rCQPqrSX0000 | vpPE6Dl4pGGv9mky0000 | cCLFyWgTBREdMApW0000 | Gvo2K0C5kejG9xEO0000 | IZI5HfxHN4hOcGD00000 | 4UrXrdatMrZEp5kv0000 | F7qOOEgmV8rdfeSr0000 | UJHRI7VXxpF08M7o0000 | O4woLdZknTf4L8Hm0000 | XsXsqdeO7l7pw5EI0000 | JBC7MvsofuciqOSc0000 | CYNGKvFnUD61G6az0000 | JXjsE77SjBA5wqKN0000 | Y9vdGF8oFwwXnOvA0000 | 0idhqK1N5v4LL6Kb0000 | IjdTBunX2W2qbImD0000 | nY9Flizv8tHYdVe00000 | b3bIJdBXjDnTi30J0000 | LzZoaGo2aPCptfcR0000 | D9aD6rzeEilcjmLU0000 | lhWfIzQeYZoTxUdk0000 | 5Bimg298Tb4LRcM90000 | XZ4dAFPR5RBbhUPF0000 | Dmpe1sAg589OVvsl0000 | 1McEPzg7jMDfxVVo0000 | VLxAKL7gGtpipYqv0000 | ARrUjraMuBzsqBNf0000 | JAlXShaVVPZfWjs00000 | Df7PnX6Eq4gzbqJP0000 | kPYwZNONUlp6Eu3u0000 | KxELSEHgXWsoc9Qk0000 | sfMtkLu4ivKPDY6J0000 | Cdl8xe7n9qmj9IAr0000 | h6YWOCUQz4yxx6sJ0000 | ruwBpxicdV6Xra7H0000 | LNLOADC7lBaDezkq0000 | 6QKJG0tQ09vS62Gx0000 | 0JkytfDy1jKwR6sI0000 | r9KDsg89zJImCuoU0000 | 1IMRsTUR5JnvAxjh0000 | iKvIEkm8d0iWuYcy0000 | h9DNrAO22dqXFV220000 | j0xhlUtke9HKNINm0000 | vQvexuFMB5xYF9As0000 | RK95lGc62XhJIai10000 | cROsTdlIfn6FaOcX0000 | rqwasgKqHNTzOzRJ0000 | R0FL3uYCpGCLnnR20000 | JosUDLgWQC9zaNnz0000 | pzsxdU7N4JTLb7Ms0000 | wsOSm2TXx1RnggCu0000 | g8uIvjWjow9W1nP40000 | MQU3moBdgN0YB1lN0000 | 6iAnmpOtDnI8lgSB0000 | MiE9n78Jt7Q2wAgd0000 | Bbe9ajzqHmhuwD3A0000 | iOX3kwFVpnqiO6Mv0000 | JcTKM6PEF9r4EZX90000 | M74WObuVXGEDdViJ0000 | v0LdtFANuXhp7qy20000 | kPPCNDtNCGhmsgq50000 | 0W6JVeGMCVTcgR0U0000 | Nn9Jsy1y1eBYi5US0000 | BmSSuvE2Fd5pYpbY0000 | iuRG9bwPkdpyOJcr0000 | svF6HxOqeSInBkn20000 | Y5zREjV0s2dX7cYS0000 | s8LV1HjCxk3Eow7t0000 | gdy2SozvC3KULCtC0000 | OuvFUFxEhdNlMA170000 | SIrsTxK06rAbX7Ee0000 | 2g1QmjtovySgM5SZ0000 | XQYdHlZQTCG9TuqT0000 | weoc26tyc7GQaB9j0000 | 1EfFWq1gACODLCzQ0000 | ObnwpM0JkQR4MNMi0000 | bnIeibqmqav6nz4c0000 | jQSRBaoeU19wcUPx0000 | qXXUySGa7H6sUN9o0000 | saeGQfrNKiS7OYiH0000 | JFnR8x2IcWurP5Lw0000 | Ge9jDfirlqKQS6m40000 | 1nyhgJUFAEQ0at4q0000 | 5Akxb6J5kQXDzhnT0000 | x7iYmimYHC1AFLEp0000 | mnyzVrH0KoF3vbrN0000 | odvJrKuJo7fMRyzj0000 | JTMrcjiUGFMgkfqf0000 | Nw6GV0WMwlzO9Asl0000 | ZKxx1EFjJ4Q4z8tI0000 | Yklffpy9G3DCpL8F0000 | Z8Gpp6ak15Yp7XSV0000 | xmlyMEN0weKbXebE0000 | cof6qOWIPhvb5g1h0000 | hnKqTR7pnAW4Env50000 | MDp4M0euyuMjaLAn0000 | zXVMgLUnAuzq2iwL0000 | uxE0WOglp1D4oAr30000 | gqexeeYZN6H6aNOD0000 | CedRS8Hdnndp8Z3g0000 | Dtxtq4zj5bOLwxM80000 | 6UvUOgMXO09NcBf80000 | n8biI9AH6tJYyxQB0000 | jYwzIIx5GHuDe6RD0000 | yOa4EDhNt25cHWRJ0000 | 5JxsD2qxtjbCQJpx0000 | VPsilUd47BFQQxFv0000 | GH6NGinnnbKBftwg0000 | L55js8haQQdkq8z80000 | iezNVOvhQwiijuMR0000 | M0dMbYGltXR9Og0Z0000 | iq4xtXagJFIxuYQC0000 | vy0exsEbS8NCP0Se0000 | 80LrKnaLpKBI9Js50000 | qMR1WxixJbjTjnl20000 | 9B6ptTyl7JPBe7V50000 | SR0f5SivF43zwLZK0000 | bw9oG8xSJ45QquwN0000 | GyWLChenAkBckcBb0000 | llEEkaK2l0QAItbB0000 | dUkmz3W2vGirUVnI0000 | kjXr9POeN7JAQrXR0000 | NHFg7SrGVBZIRugl0000 | FTIF5XJpUcRFJNlv0000 | P7xXhu1khqAt7T8W0000 | MFNUwfpJUhlBEzjp0000 | v7545ia3YPK1ehzj0000 | tBOxGbqSipE1OZV90000 | sMeahzGfyaeglcAb0000 | 4OJOcA3G9qA2x9LQ0000 | TLZMiJH6jAuwnFL00000 | lphXHa6MIj0Oyx8I0000 | J4hsGpPIOzoWdV6a0000 | Y97JaCWcOWTYK05X0000 | XppMZHE04WSDWCtj0000 | YKnKv3MbjFAUyBPE0000 | pZM61XjGmd8fMIPk0000 | otzk4Td1XAY1g3db0000 | KbIK1urMyQppsF6N0000 | LrBRyfenI9rOuhyn0000 | UDCqbpA5rHnAV4zJ0000 | CALbGHvWJvCExmuI0000 | gQx5Tv277bdMuxqg0000 | BUQzTs9yNOITwomT0000 | AVoYtyXxLbdwzjaz0000 | cEs3ilTF3mIrrbBJ0000 | EcmE1BzzLYZzoq4k0000 | pJIlrYhCKXsQhkcu0000 | fseYMXycgjeZx5Yk0000 | e7vkZu4yMTqhsz2N0000 | BA3q0Y9fYLtWuGXE0000 | sJlfehK2rhb6XJmM0000 | AKyz0uV7CfQ1ev5w0000 | awGfR2obAbxM7BXl0000 | eQHviILoM10SYLAF0000 | rl75wXPLjmZT62nd0000 | HC7QsabPdmTGrMcd0000 | GbJOA7KlXzuTUIAg0000 | NTOlydkUOZoHqclZ0000 | 3360d4PtfYaiEwlx0000 | L9KViLvKQBbEHgc70000 | lXOolbNLrMjS3yoD0000 | 0ahHaULy2trJ1QSU0000 | nAAHeS07F3VHMXdq0000 | 1bBLAcjeDHlnktun0000 | Dpl6yMEp7Jw8Kc900000 | HPbvdshf1GCAOSvp0000 | EAjaQSmUKtDJcSBE0000 | tlaMr08jqXJ64M6w0000 | nMiEhoavi20lkUBT0000 | 6iw5eURIyaT82N0c0000 | UFDqGdEckILiEX3j0000 | WMRMJ47ngYAS3bKA0000 | mO2hnaAltSrw7q8p0000 | fXCZPaqTZF4EttzC0000 | ZzqW5nZil2OExZ2p0000 | epANgJUW5oPMPOMy0000 | SG8MZTWBvGUK9R3Y0000 | AhKQkfwCEfkZoNRM0000 | RKZcgLrgeqhHsUK90000 | VE6PqdMWlc9t9flc0000 | XcmQWEVaxqWqBgAu0000 | NjWpKFsdY0YILBmY0000 | QLrA5StjC3hwq3ki0000 | tDFoh61PBqlCQr3Q0000 | Bmt6wgjiPrxoVvdv0000 | yilAMsZNbdCTMfpx0000 | bIji7hQ06Nh9Wr1Z0000 | ZVQtLBx48RKvtuPI0000 | ke6XiebpVQRDPSTI0000 | VZVx6R1JvPWgYkZb0000 | dmMpsSdUqbHc9tgO0000 | hb2HIlaKFMwqC7ss0000 | oYA0zhKIMdAuckN40000 | lnIDfikeDDiwjLsn0000 | 7H3WzJuciN2zBlFL0000 | CsiC1UvxKhi8NYsQ0000 | I5Zn16oJkRQFHUM10000 | At1wjRizbef2yTa70000 | 2qvTE0QrQInVfSxD0000 | coeSy5VX9UPohp6a0000 | 36N6hR01f2zTii1T0000 | xhcLoC9zVlRQkqpJ0000 | NXMVBvyPCWdLJsPj0000 | TbgspbN5ZRWPobvo0000 | wSIuXkconKOnm9kb0000 | pTXjiWjvPzPNRwZa0000 | NGKmelNw9vSqV9Nr0000 | gxHXp9OMEanmb3KE0000 | sepvAf6AEKK5cWhH0000 | ZaN6KPeRzq5xwunD0000 | t9EdEbEmyCUsdEKd0000 | Xr7gi78Bi0hwlSZj0000 | IKFH5CWYUlnHrBoS0000 | woeGoBQ2bKGIoZjB0000 | BJ0KOmLDGXTBRuCl0000 | YcAOaUuV8eH8xzMD0000 | 5LqpycPqiaUQXHq60000 | hPpYwKgcGjfYZ7jX0000 | WvVeGsT4I62Bk4tX0000 | hxFqMsA9LN165blt0000 | d10kkUjl7MPd04wA0000 | 3vgHLlrWNbtw2fke0000 | ArE8jznOvbARDemG0000 | JdFwe3IRMmbXfOvT0000 | WempO6bERrqDNryq0000 | SI0xEGtLCOYqFqXu0000 | 6qXiPO8aPgUqzPWt0000 | t38fWAZ4UPnU0ZaK0000 | kj0LEcsPoEiecAjO0000 | 5hUnmbxyHZRkCzSH0000 | eqPzwUYf8OQEuZVP0000 | LYQR4uwEQc2gGppA0000 | sqDLetEU76lBTim50000 | cZZVWq0Os5niH5k20000 | 9trvqZZblfYV98WH0000 | cL0Gs8MJwGXqd7Rd0000 | 5nPpCBCzX5WoZ0ZN0000 | uFE07s8QKOpH3saE0000 | IjifqyDYbSRY1TUR0000 | MjrVOCxeERWWLNBi0000 | YjB9XiMGlQZaEbQv0000 | YfxKYz2hgZxXcbxX0000 | G3TBHzTsH7b9tV4z0000 | uCFFzOOUfhcyh74p0000 | N0bEqoyIji0leNKQ0000 | EIdxcdJD7WI8nADc0000 | 8tSCmRWzIsMHgxW10000 | IcJJLOqh5lOnqtDC0000 | oKlo7hKrSUXh1UFg0000 | 74h0OMYHjt2BsHhh0000 | Bl2Y58R3s8PsTn2n0000 | jQ1WAcqImI5C3Cbt0000 | dOqVYphFgJAxDdSq0000 | yvAAe5izIL3hieG10000 | N1rvu3AR5EgsOVlq0000 | 1780dsGDxaQADlbt0000 | zEQtuUO9ywsDQCTK0000 | bfYJ5LSx24G5oVsa0000 | nsijK419GjVFSQBY0000 | PZJ9JVPTyKH2CHBc0000 | TFeOLhOSltjMQqdJ0000 | 7lhBQYK6owjSGD1f0000 | S3VCajvlhLS9BNnz0000 | A35h0JVzrV9OGkQv0000 | nt8Wkbxey3J8JkhP0000 | nY4HTTxZcrPBZVUr0000 | a1FYMbFfmu1Rh1yl0000 | AnvXAcIqqp6ZHV1T0000 | Ic0O7NEShq7mkaaq0000 | m0GjonYCIjUT35xZ0000 | tP13fwSZ9KEmLVlR0000 | RRJSRKztSNKDHl5N0000 | lZSDu0S9vbAob0RI0000 | qMT1KImk32fqM3dd0000 | WINdhGw6lZ6ONpW70000 | lQd4X6MBdOHqPO650000 | VNiHOFBuPhfkyYQ40000 | XIEWicWal45YLBUj0000 | rw33ImBMSjSdEOW50000 | 9anNIDyPqSvSiEQK0000 | pCd6ozpWQNp71hDN0000 | 9USMdCOKFBUVXgHG0000 | 1UUI6gnDwo87DDit0000 | L5iPriY9D4N3rCXh0000 | sktMJbGorIBUn1QO0000 | cicbxPCVAaacJt370000 | 4BOvUsHBnMS4hm9w0000 | hc6CkKkcqZPLWhmj0000 | x2100UQ5SW27Gq8z0000 | U3a8i4RCtZyvIydp0000 | TtF4j20h8igYiJdv0000 | BhVsuq4oVyMAjW0T0000 | GWZxB6GnCkhkyfcm0000 | Tuv724rjewYDUf4O0000 | rnUVtWzho0tSQlhX0000 | FnsPZdcIhqRMyyPM0000 | z30ui134zHHdvSch0000 | E9U8g2jqglViOJ7x0000 | QTuZ7P4VTmRWs09T0000 | 133SDtMjaIOnWSOw0000 | QWQDPLO87DEDfxs10000 | n3e4l5jtjcnfn0UN0000 | 6TTLLAYWsvh3qlUw0000 | ouPUSCa79t35DtVu0000 | TL9DzEEsCPB4AMK70000 | DEqrNBXBCajj9gbJ0000 | 8nOHZKxQCtLHe1aI0000 | 9C851WVgFKV6Ov3z0000 | hs4g7ihzlXn8M9cX0000 | 2U4D3oSogZ2uKXpk0000 | 2pKVE7J155ZNUDZL0000 | KYxF8vhdO8MGirL90000 | cQ5kANPwQa5Al4Gf0000 | DSFSTstbDHNJ2Rjz0000 | jlwpFtlMO0rH3Cyc0000 | r57ErmBRNloaT6pe0000 | tJRd9VQLUSNhLndL0000 | f6OTEMZYZNITinPB0000 | atPPlgnVaPUqUA1a0000 | PEHwCZlRdlSRm4Ds0000 | 66MeurE5fdNKRoOB0000 | wGesxnUbdSuwZa4W0000 | foV0gEN6RXbd7YJ80000 | vC3l0CBqdaGLy3oX0000 | 2xv3Bb04sDxUqS7s0000 | 9CEZOj4D4WWtjkUE0000 | GT1uXioc6IBIv8Ig0000 | NW3fXY3IrKvyj9eP0000 | sTQeqC6FCljetY2I0000 | 6Dl2lZ6yGHXD34DM0000 | sxXDePMdMCzepDwL0000 | 3K0gUzqsBqSooNsN0000 | qZvsdPDj5KpnJBeB0000 | qVmYhiAGg40Le4DO0000 | oqvW0swu8X8GHv5w0000 | LOCG6C5BhuzKl2JZ0000 | kkNI2OQQ4roxetVJ0000 | bvke3IaG4gXZRcJg0000 | 1hn72kf5n2OJmeUe0000 | YSoFhJePAXlsHs8U0000 | bFxjIwzNPqkvfCnp0000 | SekEgnAo7ctvfPzP0000 | FYKtoJOLO550C2rz0000 | bOWzPUGUdgVhhKAq0000 | Qk8VIb91FiJe7UJs0000 | 7sueKVq8Vq5bxvak0000 | UteTwiwxj2LJgV6b0000 | DgCbK42twGlCP1mo0000 | sSXUhiAxsqPgk5fH0000 | bNBdkkbjmJET2DkU0000 | zQ6rTRuSgX59xKnL0000 | bc6aWZi8bSg5uql00000 | JampHRvlJmSIiNx80000 | zGGWmG89y7K4Bozv0000 | XKRSRnEwIie7OVUp0000 | ME7n3hNyPQWtukpt0000 | LZspynTs1ExrKiwj0000 | lG68PbZCLegYU7kw0000 | EQtQEnj5mGpFB3Or0000 | 2lK2ep3PvjDi1Srm0000 | YD0NWqvSYasES7Jg0000 | 0Xru2zBO8n7983h40000 | 21HVUnphqsUav0sg0000 | MF2zLRbWIsq4HVOl0000 | sLA36zegfr3KQQTI0000 | ycHysf8Wd98zzJKt0000 | h2AG4Z1AB9KGgHOZ0000 | xVjC2X4SKFHnGoyl0000 | BIPLyP9BGpYWGcO80000 | mMzXJyQ1Q5JcF45K0000 | 24v78EWti4Fjs4gO0000 | dgrKHPXP6nQ1QSIJ0000 | XtfKgYYLW6hhaenM0000 | xMC4OIgfFtkJp7Bo0000 | MAztAJF1ln4qhrOH0000 | P0AQO6ErH649KnUu0000 | FTFYSPcoibzWAAUJ0000 | Zr1qbInDqn5WyZZB0000 | s0RCgENaEGPbVOOw0000 | eUyAMItF06MkV5p30000 | 9Wz7HZQ5l9fINHDv0000 | yCHheT1wXhfmTYWb0000 | nMf7Ttvta7q7sp6y0000 | NjFKHL9CwB11HRYu0000 | 8KRHnIHqr1YP6nL30000 | tIc7xw3hZjysyEWW0000 | 1lNWbshquafumQPE0000 | pSz0Av9IEHIEJMhZ0000 | IkrqAgUnBC3KsLy60000 | VDSO1SBEnjozFxAd0000 | naJ5saxpfZy4p0t70000 | NQR2ysPzEzZSSXeQ0000 | 8UyBl84HhTnggEXU0000 | doRSKI0JZULdZNNH0000 | 4evQrn2IqXyjJJdq0000 | eljxFnnAndK3Mvu90000 | fuv7t19ea1rVeo5n0000 | vXhqh13tb8oIzIIw0000 | OhxUmHydsEn6drCi0000 | g8Mr0no7OuyvOw7r0000 | NnVJCsD6YCTNplQf0000 | r8U9kKbA3XbwgmW10000 | QUZRBxEpXuCLmy7h0000 | B75RivZJ85fKDk4Q0000 | LnbQvfS73bimmDEm0000 | xyY64ArVfsknoSP30000 | Bil7k60AWYlQ4hVp0000 | UgiuiIieOhz3RZZF0000 | PiDBrlOcmeorChrP0000 | XcYMtPwjzx2Pywtq0000 | EzJuPYQPnP0Ifj7j0000 | PtUUSZIE8STO1XfW0000 | iQpxbPe4wE6l2Ean0000 | 5y4Ho9Cb8u3nUBfO0000 | X8d8Oe1pA78syO8W0000 | QGdbrESJWz0xUGBm0000 | MO5SvZ3L7ApPOqKQ0000 | aPWV89i6WkK80izW0000 | 1lPzVQmmIyuWDFoY0000 | mEDF8iv7QA9gN28J0000 | 7LJMNcfMXTNcPVVX0000 | Paxmu7TNd41vmE540000 | mxORE44XTvvtb8Hf0000 | jlLB29NRaoUOM1MN0000 | lI2YEIqqMGTsU1S00000 | BazGgGf7EbOxWrJr0000 | s6pV4I0s6XvXrVOi0000 | e175bvFTnsYvHKYW0000 | R3aFaf0XS6fFWu9X0000 | 2BSj1Q5d1JBFDWyS0000 | nWNeCDM4d4VSjTt00000 | frutW9mLl2rjtfca0000 | thUXzv9w53PyYpfD0000 | V7XiNCFFpvkGFAN10000 | Zd0aiP2Si3BTe8xS0000 | vdOJfuT2Aqp0T68R0000 | teIs5SUOvUfMqu2n0000 | lVMPKMhqzsOTK3wY0000 | IuhdcaNhHZXj3GQb0000 | ugWnJ43QJKOZJpvB0000 | t3SQk1ZOdOCbZMMu0000 | zZrpGm7JHxv3YIM80000 | EnM5UBj11htRb8L40000 | NR4YGUxjxc0OS6Rk0000 | SIiLBJQl9o49oeWE0000 | El2W7LStBemesm590000 | DJgGgR23IRsggEmZ0000 | FG9cLd66VmLSkUyD0000 | 77NhcCbe8tWbRC4p0000 | XqS5XbnQk3lBDsXK0000 | YvPOVSRmOrTHln6t0000 | To8UWJCsa8dyQalx0000 | 2n7lpl2qwIoFyXjK0000 | 7ysK7BNMrQgT3d620000 | T0wJ5jzE19D3b3Ml0000 | dQmGoDfMhZL0hjl60000 | fuyYI7wFZEPPvpTs0000 | aUMLTMUWAdRMcSht0000 | tXNpQwGtQPiMBRjg0000 | WJIXu9iNqOhUJX8B0000 | wDbjgapsNb8phGgG0000 | 60mgSlwlbVmNuI7a0000 | EACbrk3YUEp7LkcD0000 | 2OtlIYjgXwHE2dB10000 | 0ug8agAc8jsgCqh50000 | vhQvpvtW8l2IQiOQ0000 | aJBipaDnTdmIOIUI0000 | dfp5J6dinKIXkIA60000 | xih3PG1ExYfeTZpD0000 | MmfME7k4cModdoCs0000 | q9fjWRxsBhrXQvln0000 | 1NIGQcOPYWGOSS7Q0000 | FKkLViBWU6WAYAYG0000 | gFDKtk6Cx07z7XHT0000 | LrXYyI1MHPisf6tx0000 | jWChJzWoIhZHRKzZ0000 | hXnsLqY7be0SllVN0000 | I8Z6aWWq2razR4S80000 | rPRAUQFkdVgaRaqi0000 | ekSTVfMd7xLjUQRk0000 | yBYm4uF4DcTsMaWs0000 | P1OoPcPbYxKQDS2x0000 | QMcwG8aDIIYs1vvD0000 | LIEUI4RQbCZ4YrXw0000 | l40JPQiC4VSc3Nnx0000 | BxcqHaAFbfkbVg8I0000 | eGS7KvgmTHvz67nq0000 | r4znnEyO63BfYTIv0000 | 1hkY3nEt8x0HanNm0000 | Y2HdeydTM7kMstSj0000 | hfMqAildUvDdjrhI0000 | 96xMH6i4EWajE13o0000 | kneQON21qbLkfyCS0000 | L5muRsgZdikDJ3870000 | aXWUyfe2nHUF6vBE0000 | HGGCLlIL0H9yjufC0000 | HO3jL3Du4P1ptMOk0000 | IHpXj1lzKMtPkmd80000 | jCGJarw4EaJgexjX0000 | GshVMzh2Nxhd9Gta0000 | Y06jk9mE5xdiEBUR0000 | BjuP3xvGPcHbgsQr0000 | CFX9Hln1MmdgwZlX0000 | B7GiWXG5savoiqGK0000 | DBlQcM83QaXVIDKa0000 | ePqj04i7qYp1FSxh0000 | VvBL0RPm59BYTVfj0000 | nuKWjQQhGmxRsTYn0000 | R7Mw6Yk1MMUHw3bg0000 | GirjHZt3xdX1Z59F0000 | BQD1KCDvJr2cCC0e0000 | MZ9ttbUnxAWjZNAi0000 | lYBIAy4sXAa5H8Ag0000 | afgClFltDS2CBX1n0000 | ZfkcCnPWm0ect0f10000 | 26ZpGMsys38H5Zu30000 | XnU91pPIgyPxtFHI0000 | eYZa7XVRcnsK7AkB0000 | gXtm68BceyTlhlQg0000 | QDrCKfnifiIJWS7H0000 | XEz3uU5ln973CPwH0000 | 9woOorWo1YIcDcRI0000 | nPZjpNstsOTCwbuf0000 | 9H4z0TvEtkKApg1h0000 | 2e3rEkMmEH4TZODU0000 | yxBaUpfKOJMLwlOr0000 | pCHctQRVeWY6bvw00000 | FWAMX3h3IFFNwpO60000 | CGnfi9jRqp8guF1r0000 | QpIKgcV3hlbmdCn70000 | y7UV1jqcVTBLKCY80000 | wSMCv5Zn6u2rEHXO0000 | DzXracYQo3QPF2kJ0000 | rbKsY182DRwYQMMH0000 | iUxqqb8MyZrwVdi90000 | VTwUO5qrjgXlZUo30000 | lebHpi0EQCucAW1n0000 | OCkDX9Xl3HaQtYuN0000 | njjrMAMy6EQhhLrp0000 | MbbKd4rjJdnnfv7n0000 | 0ztvmZQezQd7n7Zz0000 | otzk4Td1XAY1g3db0001 | Y9vdGF8oFwwXnOvA0001 | LrBRyfenI9rOuhyn0001 | CALbGHvWJvCExmuI0001 | BUQzTs9yNOITwomT0001 | cEs3ilTF3mIrrbBJ0001 | pJIlrYhCKXsQhkcu0001 | e7vkZu4yMTqhsz2N0001 | sJlfehK2rhb6XJmM0001 | awGfR2obAbxM7BXl0001 | rl75wXPLjmZT62nd0001 | GbJOA7KlXzuTUIAg0001 | IjdTBunX2W2qbImD0001 | 3360d4PtfYaiEwlx0001 | lXOolbNLrMjS3yoD0001 | nAAHeS07F3VHMXdq0001 | Dpl6yMEp7Jw8Kc900001 | EAjaQSmUKtDJcSBE0001 | nMiEhoavi20lkUBT0001 | UFDqGdEckILiEX3j0001 | mO2hnaAltSrw7q8p0001 | ZzqW5nZil2OExZ2p0001 | SG8MZTWBvGUK9R3Y0001 | b3bIJdBXjDnTi30J0001 | RKZcgLrgeqhHsUK90001 | P3W4dOa3wqHNvzQY0001 | 7eocaQ48rCQPqrSX0001 | cCLFyWgTBREdMApW0001 | F7qOOEgmV8rdfeSr0001 | O4woLdZknTf4L8Hm0001 | JBC7MvsofuciqOSc0001 | JXjsE77SjBA5wqKN0001 | 0idhqK1N5v4LL6Kb0001 | nY9Flizv8tHYdVe00001 | LzZoaGo2aPCptfcR0001 | lhWfIzQeYZoTxUdk0001 | XZ4dAFPR5RBbhUPF0001 | 1McEPzg7jMDfxVVo0001 | ARrUjraMuBzsqBNf0001 | Df7PnX6Eq4gzbqJP0001 | KxELSEHgXWsoc9Qk0001 | Cdl8xe7n9qmj9IAr0001 | ruwBpxicdV6Xra7H0001 | 6QKJG0tQ09vS62Gx0001 | r9KDsg89zJImCuoU0001 | iKvIEkm8d0iWuYcy0001 | j0xhlUtke9HKNINm0001 | RK95lGc62XhJIai10001 | JosUDLgWQC9zaNnz0001 | wsOSm2TXx1RnggCu0001 | MQU3moBdgN0YB1lN0001 | MiE9n78Jt7Q2wAgd0001 | iOX3kwFVpnqiO6Mv0001 | M74WObuVXGEDdViJ0001 | kPPCNDtNCGhmsgq50001 | Nn9Jsy1y1eBYi5US0001 | iuRG9bwPkdpyOJcr0001 | Y5zREjV0s2dX7cYS0001 | gdy2SozvC3KULCtC0001 | SIrsTxK06rAbX7Ee0001 | XQYdHlZQTCG9TuqT0001 | 1EfFWq1gACODLCzQ0001 | bnIeibqmqav6nz4c0001 | qXXUySGa7H6sUN9o0001 | JFnR8x2IcWurP5Lw0001 | 1nyhgJUFAEQ0at4q0001 | x7iYmimYHC1AFLEp0001 | odvJrKuJo7fMRyzj0001 | Nw6GV0WMwlzO9Asl0001 | Yklffpy9G3DCpL8F0001 | xmlyMEN0weKbXebE0001 | hnKqTR7pnAW4Env50001 | zXVMgLUnAuzq2iwL0001 | gqexeeYZN6H6aNOD0001 | Dtxtq4zj5bOLwxM80001 | n8biI9AH6tJYyxQB0001 | yOa4EDhNt25cHWRJ0001 | VPsilUd47BFQQxFv0001 | L55js8haQQdkq8z80001 | M0dMbYGltXR9Og0Z0001 | vy0exsEbS8NCP0Se0001 | qMR1WxixJbjTjnl20001 | SR0f5SivF43zwLZK0001 | GyWLChenAkBckcBb0001 | dUkmz3W2vGirUVnI0001 | NHFg7SrGVBZIRugl0001 | P7xXhu1khqAt7T8W0001 | v7545ia3YPK1ehzj0001 | sMeahzGfyaeglcAb0001 | TLZMiJH6jAuwnFL00001 | J4hsGpPIOzoWdV6a0001 | XppMZHE04WSDWCtj0001 | pZM61XjGmd8fMIPk0001 | KbIK1urMyQppsF6N0001 | UDCqbpA5rHnAV4zJ0001 | gQx5Tv277bdMuxqg0001 | AVoYtyXxLbdwzjaz0001 | EcmE1BzzLYZzoq4k0001 | fseYMXycgjeZx5Yk0001 | BA3q0Y9fYLtWuGXE0001 | AKyz0uV7CfQ1ev5w0001 | eQHviILoM10SYLAF0001 | HC7QsabPdmTGrMcd0001 | NTOlydkUOZoHqclZ0001 | L9KViLvKQBbEHgc70001 | 0ahHaULy2trJ1QSU0001 | 1bBLAcjeDHlnktun0001 | HPbvdshf1GCAOSvp0001 | tlaMr08jqXJ64M6w0001 | 6iw5eURIyaT82N0c0001 | WMRMJ47ngYAS3bKA0001 | fXCZPaqTZF4EttzC0001 | epANgJUW5oPMPOMy0001 | AhKQkfwCEfkZoNRM0001 | VE6PqdMWlc9t9flc0001 | NjWpKFsdY0YILBmY0001 | tDFoh61PBqlCQr3Q0001 | yilAMsZNbdCTMfpx0001 | ZVQtLBx48RKvtuPI0001 | VZVx6R1JvPWgYkZb0001 | hb2HIlaKFMwqC7ss0001 | lnIDfikeDDiwjLsn0001 | CsiC1UvxKhi8NYsQ0001 | At1wjRizbef2yTa70001 | coeSy5VX9UPohp6a0001 | xhcLoC9zVlRQkqpJ0001 | TbgspbN5ZRWPobvo0001 | pTXjiWjvPzPNRwZa0001 | gxHXp9OMEanmb3KE0001 | ZaN6KPeRzq5xwunD0001 | Xr7gi78Bi0hwlSZj0001 | woeGoBQ2bKGIoZjB0001 | YcAOaUuV8eH8xzMD0001 | hPpYwKgcGjfYZ7jX0001 | hxFqMsA9LN165blt0001 | 3vgHLlrWNbtw2fke0001 | JdFwe3IRMmbXfOvT0001 | SI0xEGtLCOYqFqXu0001 | t38fWAZ4UPnU0ZaK0001 | 5hUnmbxyHZRkCzSH0001 | LYQR4uwEQc2gGppA0001 | cZZVWq0Os5niH5k20001 | cL0Gs8MJwGXqd7Rd0001 | uFE07s8QKOpH3saE0001 | MjrVOCxeERWWLNBi0001 | YfxKYz2hgZxXcbxX0001 | uCFFzOOUfhcyh74p0001 | EIdxcdJD7WI8nADc0001 | IcJJLOqh5lOnqtDC0001 | 74h0OMYHjt2BsHhh0001 | jQ1WAcqImI5C3Cbt0001 | yvAAe5izIL3hieG10001 | 1780dsGDxaQADlbt0001 | bfYJ5LSx24G5oVsa0001 | PZJ9JVPTyKH2CHBc0001 | 7lhBQYK6owjSGD1f0001 | A35h0JVzrV9OGkQv0001 | nY4HTTxZcrPBZVUr0001 | AnvXAcIqqp6ZHV1T0001 | m0GjonYCIjUT35xZ0001 | RRJSRKztSNKDHl5N0001 | qMT1KImk32fqM3dd0001 | lQd4X6MBdOHqPO650001 | XIEWicWal45YLBUj0001 | 9anNIDyPqSvSiEQK0001 | 9USMdCOKFBUVXgHG0001 | L5iPriY9D4N3rCXh0001 | cicbxPCVAaacJt370001 | hc6CkKkcqZPLWhmj0001 | U3a8i4RCtZyvIydp0001 | BhVsuq4oVyMAjW0T0001 | Tuv724rjewYDUf4O0001 | FnsPZdcIhqRMyyPM0001 | E9U8g2jqglViOJ7x0001 | 133SDtMjaIOnWSOw0001 | n3e4l5jtjcnfn0UN0001 | ouPUSCa79t35DtVu0001 | DEqrNBXBCajj9gbJ0001 | 9C851WVgFKV6Ov3z0001 | 2U4D3oSogZ2uKXpk0001 | KYxF8vhdO8MGirL90001 | DSFSTstbDHNJ2Rjz0001 | r57ErmBRNloaT6pe0001 | f6OTEMZYZNITinPB0001 | PEHwCZlRdlSRm4Ds0001 | wGesxnUbdSuwZa4W0001 | vC3l0CBqdaGLy3oX0001 | 9CEZOj4D4WWtjkUE0001 | NW3fXY3IrKvyj9eP0001 | 6Dl2lZ6yGHXD34DM0001 | 3K0gUzqsBqSooNsN0001 | qVmYhiAGg40Le4DO0001 | LOCG6C5BhuzKl2JZ0001 | bvke3IaG4gXZRcJg0001 | YSoFhJePAXlsHs8U0001 | SekEgnAo7ctvfPzP0001 | bOWzPUGUdgVhhKAq0001 | 7sueKVq8Vq5bxvak0001 | DgCbK42twGlCP1mo0001 | bNBdkkbjmJET2DkU0001 | bc6aWZi8bSg5uql00001 | zGGWmG89y7K4Bozv0001 | ME7n3hNyPQWtukpt0001 | lG68PbZCLegYU7kw0001 | 2lK2ep3PvjDi1Srm0001 | 0Xru2zBO8n7983h40001 | MF2zLRbWIsq4HVOl0001 | ycHysf8Wd98zzJKt0001 | xVjC2X4SKFHnGoyl0001 | mMzXJyQ1Q5JcF45K0001 | dgrKHPXP6nQ1QSIJ0001 | xMC4OIgfFtkJp7Bo0001 | P0AQO6ErH649KnUu0001 | Zr1qbInDqn5WyZZB0001 | eUyAMItF06MkV5p30001 | yCHheT1wXhfmTYWb0001 | NjFKHL9CwB11HRYu0001 | tIc7xw3hZjysyEWW0001 | pSz0Av9IEHIEJMhZ0001 | VDSO1SBEnjozFxAd0001 | NQR2ysPzEzZSSXeQ0001 | doRSKI0JZULdZNNH0001 | eljxFnnAndK3Mvu90001 | vXhqh13tb8oIzIIw0001 | g8Mr0no7OuyvOw7r0001 | r8U9kKbA3XbwgmW10001 | B75RivZJ85fKDk4Q0001 | xyY64ArVfsknoSP30001 | UgiuiIieOhz3RZZF0001 | XcYMtPwjzx2Pywtq0001 | PtUUSZIE8STO1XfW0001 | 5y4Ho9Cb8u3nUBfO0001 | QGdbrESJWz0xUGBm0001 | aPWV89i6WkK80izW0001 | mEDF8iv7QA9gN28J0001 | Paxmu7TNd41vmE540001 | jlLB29NRaoUOM1MN0001 | BazGgGf7EbOxWrJr0001 | e175bvFTnsYvHKYW0001 | 2BSj1Q5d1JBFDWyS0001 | frutW9mLl2rjtfca0001 | V7XiNCFFpvkGFAN10001 | vdOJfuT2Aqp0T68R0001 | lVMPKMhqzsOTK3wY0001 | ugWnJ43QJKOZJpvB0001 | zZrpGm7JHxv3YIM80001 | NR4YGUxjxc0OS6Rk0001 | El2W7LStBemesm590001 | FG9cLd66VmLSkUyD0001 | XqS5XbnQk3lBDsXK0001 | To8UWJCsa8dyQalx0001 | 7ysK7BNMrQgT3d620001 | dQmGoDfMhZL0hjl60001 | aUMLTMUWAdRMcSht0001 | WJIXu9iNqOhUJX8B0001 | 60mgSlwlbVmNuI7a0001 | 2OtlIYjgXwHE2dB10001 | vhQvpvtW8l2IQiOQ0001 | dfp5J6dinKIXkIA60001 | MmfME7k4cModdoCs0001 | 1NIGQcOPYWGOSS7Q0001 | gFDKtk6Cx07z7XHT0001 | jWChJzWoIhZHRKzZ0001 | I8Z6aWWq2razR4S80001 | ekSTVfMd7xLjUQRk0001 | P1OoPcPbYxKQDS2x0001 | LIEUI4RQbCZ4YrXw0001 | BxcqHaAFbfkbVg8I0001 | r4znnEyO63BfYTIv0001 | Y2HdeydTM7kMstSj0001 | 96xMH6i4EWajE13o0001 | L5muRsgZdikDJ3870001 | HGGCLlIL0H9yjufC0001 | IHpXj1lzKMtPkmd80001 | GshVMzh2Nxhd9Gta0001 | BjuP3xvGPcHbgsQr0001 | B7GiWXG5savoiqGK0001 | ePqj04i7qYp1FSxh0001 | nuKWjQQhGmxRsTYn0001 | GirjHZt3xdX1Z59F0001 | MZ9ttbUnxAWjZNAi0001 | afgClFltDS2CBX1n0001 | 26ZpGMsys38H5Zu30001 | eYZa7XVRcnsK7AkB0001 | QDrCKfnifiIJWS7H0001 | 9woOorWo1YIcDcRI0001 | 9H4z0TvEtkKApg1h0001 | yxBaUpfKOJMLwlOr0001 | FWAMX3h3IFFNwpO60001 | QpIKgcV3hlbmdCn70001 | wSMCv5Zn6u2rEHXO0001 | rbKsY182DRwYQMMH0001 | VTwUO5qrjgXlZUo30001 | OCkDX9Xl3HaQtYuN0001 | MbbKd4rjJdnnfv7n0001 | IZI5HfxHN4hOcGD00002 | rqwasgKqHNTzOzRJ0002,jkobject-vs-main-v1@2026-07-11T23:11:48Z,main_and_jkobject_with_jkobject_revision,False,working_or_historical_not_in_canonical_cleaned_layout,False,True,True,unknown_requires_link_readback,False,False,False,False,catalog_record_requires_structural_readback,TODO.md accepted OBS=10/70 VAR=8/70 @ 2026-07-27
prism_collection/GSE225807,Lamin catalog working/historical,False,0,0,0 B,False,0,0,0 B,True,12,0,unknown,prism_collection/GSE225807,prism_collection/GSE225807,branch_revision,pert-gym/additions/20260621 | pert-gym/additions/20260624-tiny-tail-minimal | pert-gym/canonical/20260621 | pert-gym/canonical/20260624-shared-var | pert-gym/canonical/20260624-shared-var-alias | pert-gym/canonical/20260624-tiny-tail-minimal,51IFjoWiPHROJD9G0000 | 7It4vUzkU9XAlyqn0000 | k7xqkTaEPmfpCJpg0000 | ut1s7cxfqDFirP9o0000 | YVj6Zjilc1EMGjp10000 | pPeB4j9W5PGlyasK0000 | ph5Dm3usoEq15bIq0000 | ou88y8vo4WifNiYV0000 | 51IFjoWiPHROJD9G0001 | k7xqkTaEPmfpCJpg0001 | YVj6Zjilc1EMGjp10001 | ph5Dm3usoEq15bIq0001,jkobject-vs-main-v1@2026-07-11T23:11:48Z,main_and_jkobject_with_jkobject_revision,False,working_or_historical_not_in_canonical_cleaned_layout,False,True,True,unknown_requires_link_readback,False,False,False,False,catalog_record_requires_structural_readback,TODO.md accepted OBS=10/70 VAR=8/70 @ 2026-07-27
prism_collection/GSE229505,Lamin catalog working/historical,False,0,0,0 B,False,0,0,0 B,True,78,0,unknown,prism_collection/GSE229505,prism_collection/GSE229505,branch_revision,pert-gym/additions/20260621 | pert-gym/additions/20260624-tiny-tail-minimal | pert-gym/canonical/20260621 | pert-gym/canonical/20260624-shared-var | pert-gym/canonical/20260624-shared-var-alias | pert-gym/canonical/20260624-shared-var-prism_collection_GSE229505-smoke | pert-gym/canonical/20260624-tiny-tail-minimal,07QhFe8RonOhXeEV0000 | cN7QMlTVfVzTVUgz0000 | JOzosHU1jurCaqxw0000 | 1iKIOqvwEkORlMxq0000 | R2P1hg4w736LSLkk0000 | QZDotJjYmoUOxv6I0000 | BGMMTu8ROcFsuAgS0000 | Oifg2WnNw0tgHV3M0000 | DDFAZ0l05rYYTEG20000 | fCTSAWI5Ti74O5V70000 | m3tAvVS6FwYc5bYz0000 | la8La4zpQmPGdgcR0000 | UEff39uR8ypydJ0w0000 | oHEIAkQE3MelJT730000 | f9dy0zUIRkDEvgIW0000 | g3gqir70is7dDKLh0000 | 8ZorS2xslfacJfYC0000 | MODXBNlTt4eO0NQW0000 | iDiUo8jFxcj1mwoC0000 | HCD5wAW3FSaIhhOC0000 | XNi5TTVnOmlhmhK50000 | pWUxnJ0B4wlpemRo0000 | TcwHly1hONv1PZFV0000 | xAB5ZJgw7Pd5WMXE0000 | V5ijWvHYbuy0fjhk0000 | IbIOe2RQ2MDO7ccl0000 | 2w5BQ0nNWBJA5frl0000 | RlCmlBAjgrH0oiQ90000 | hntp3Jz1ZvkNtaZx0000 | bmvbnTirOV06ZFYf0000 | tF2Kmp6i13uF2Zxf0000 | ddgEjlfHSEZDqlqb0000 | KMniv38he0GxkEEG0000 | 5gPTIeV6vGBqzNPd0000 | MtBOCGVEOZqSyjA70000 | AYMJD0dljox8mw4R0000 | GtaidbiyQQeb5c200000 | IOgNyOPAhh373XnQ0000 | PEedqlwuzShBtnNm0000 | adZ4roFAJuJ07aLt0000 | O4ZE0x8nng3yfSd70000 | y5ZUCTyl9oAaC8Bs0000 | MfcKVyt3kPTzfomy0000 | mflRGBqs390WgXHF0000 | SsNlaB5ghcv64wUs0000 | BdPaDpQfVKp7Sv9E0000 | s3ObqK9XnMhWvsk50000 | 0YnZn3Z5vDnXl0oS0000 | LAsgZqHVZFVdbwMT0000 | N2e4cbKyac5fVtV60000 | zQerKrCkKFmUpK2D0000 | yUMEuNBxtwVxc6ir0000 | 07QhFe8RonOhXeEV0001 | JOzosHU1jurCaqxw0001 | R2P1hg4w736LSLkk0001 | BGMMTu8ROcFsuAgS0001 | DDFAZ0l05rYYTEG20001 | m3tAvVS6FwYc5bYz0001 | UEff39uR8ypydJ0w0001 | f9dy0zUIRkDEvgIW0001 | 8ZorS2xslfacJfYC0001 | iDiUo8jFxcj1mwoC0001 | XNi5TTVnOmlhmhK50001 | TcwHly1hONv1PZFV0001 | V5ijWvHYbuy0fjhk0001 | 2w5BQ0nNWBJA5frl0001 | hntp3Jz1ZvkNtaZx0001 | tF2Kmp6i13uF2Zxf0001 | KMniv38he0GxkEEG0001 | MtBOCGVEOZqSyjA70001 | GtaidbiyQQeb5c200001 | PEedqlwuzShBtnNm0001 | O4ZE0x8nng3yfSd70001 | MfcKVyt3kPTzfomy0001 | SsNlaB5ghcv64wUs0001 | s3ObqK9XnMhWvsk50001 | LAsgZqHVZFVdbwMT0001 | zQerKrCkKFmUpK2D0001,jkobject-vs-main-v1@2026-07-11T23:11:48Z,main_and_jkobject_with_jkobject_revision,False,working_or_historical_not_in_canonical_cleaned_layout,False,True,True,unknown_requires_link_readback,False,False,False,False,catalog_record_requires_structural_readback,TODO.md accepted OBS=10/70 VAR=8/70 @ 2026-07-27
prism_collection/GSE236057,Lamin catalog working/historical,False,0,0,0 B,False,0,0,0 B,True,48,0,unknown,prism_collection/GSE236057,prism_collection/GSE236057,added_dataset,,zIyMfqBM8GCAFZpH0000 | NbBFAnELSzWuNQYo0000 | KURZtu5uiO06kF0q0000 | M9GRykgY1GurqMiO0000 | vp4FHbA4ZiqPmt8D0000 | RYPhcjaGtDbbpIxr0000 | SfrXzOWAgGIyDaWn0000 | blwqTMh4ckPwaZgU0000 | wPR2uXW1t5oLvtSR0000 | VwgTmxQhziNPQcxP0000 | bQOUg3a47W1GopgW0000 | 6vs4VCvY1h5On1ig0000 | QsiqgRzOnIZdQs3y0000 | ogsXkUYmdKlm68lr0000 | K4pOFJDROUjD9laT0000 | wg4cmCrXoTD5bMiv0000 | TrIAms2Nfgym66Fi0000 | Dhdw6vNrZZIp9R2f0000 | tJyRVhXCEdC0TbeO0000 | wzVImTHtsIQVDdSx0000 | oJfE338CiLCnzMXb0000 | kapvehn6KVymlYCn0000 | FUKEdt92Zr4tlXq50000 | GTdn8dQlKj00m7hJ0000 | AbtjnSOwT0t4Miqi0000 | gD3AALRjL8MASuKT0000 | spJ7JMPFDzBN5Yk40000 | 6UjpxQxns6KvATW60000 | lJdLpSXCsNBJTCXk0000 | S90p3LOy7hGizWkp0000 | XBBWxIeFRZ2etnce0000 | UTcAwVl4KK6OVhVg0000 | 19HXwTX1VZluvLmi0000 | rwXy6ViPP0BYb5DX0000 | 043v806o2kb6pecB0000 | 5IAqKF4zEiQu4Y5e0000 | ipdFKQl76vyo3NUV0000 | xrBrnczhTdcmRAJn0000 | 0ibYQH2sWhZfMEcp0000 | hPwtPm3bBv8grcZD0000 | cpT2UsdiqzE0rdAX0000 | NNCeN7rPORXrUenH0000 | HLTYtIQeA2pfRo5w0000 | MzZLNl8Ek4mIdQrO0000 | FT1j8CqJHhN7FJlr0000 | vdTLfuAZbj6W8Kjq0000 | NpWJTjfwOBb4M9vl0000 | n2q08VhSw9TSrVkr0000,jkobject-vs-main-v1@2026-07-11T23:11:48Z,jkobject_only,False,working_or_historical_not_in_canonical_cleaned_layout,True,True,True,unknown_requires_link_readback,False,False,False,False,catalog_record_requires_structural_readback,TODO.md accepted OBS=10/70 VAR=8/70 @ 2026-07-27
prism_collection/GSE236304,Lamin catalog working/historical,False,0,0,0 B,False,0,0,0 B,True,3,0,unknown,prism_collection/GSE236304,prism_collection/GSE236304,branch_revision,pert-gym/additions/20260621 | pert-gym/additions/20260624-tiny-tail-minimal | pert-gym/canonical/20260621 | pert-gym/canonical/20260624-shared-var | pert-gym/canonical/20260624-shared-var-alias | pert-gym/canonical/20260624-tiny-tail-minimal,DBRVuTZeBfT52cOy0000 | KYSPAKMPyykWK9do0000 | DBRVuTZeBfT52cOy0001,jkobject-vs-main-v1@2026-07-11T23:11:48Z,main_and_jkobject_with_jkobject_revision,False,working_or_historical_not_in_canonical_cleaned_layout,False,True,True,unknown_requires_link_readback,False,False,False,False,catalog_record_requires_structural_readback,TODO.md accepted OBS=10/70 VAR=8/70 @ 2026-07-27
prism_collection/GSE236519,Lamin catalog working/historical,False,0,0,0 B,False,0,0,0 B,True,60,0,unknown,prism_collection/GSE236519,prism_collection/GSE236519,added_dataset,,Im26R8Idy0HN6l360000 | xeNMmk2Q5vsyNslJ0000 | nARVZXBRR59RZNCi0000 | JwPyRbJpjP3Rrvsg0000 | lYsPWa5JAZVXuvTQ0000 | 7VgD1F2u8m1WlmKS0000 | mjPtRygoqOYMQNQl0000 | YhzTIAOLP7Av4X5r0000 | lhA6OZBaOp06ecXJ0000 | Cl1TDt8FR2PSshVt0000 | aBcuOxrV9UiqWq910000 | JX94Llrs22WXXJcX0000 | bEaEH2unLOaQYuRa0000 | aZyMSaFgRswQpAWf0000 | HbE4IWsFek5n7zeP0000 | g6MjFw3bB4YRIytX0000 | ZTbxVyFgRrqccmPc0000 | M2TKmAPSM1HR7fiJ0000 | JhC6YM54UKayNsvA0000 | ISbSc727rqlLLMdo0000 | NaS1PdhDjcweXtbA0000 | h6H9ky3fLneoHcfW0000 | YxJswvW5EpIeAt1O0000 | MWaouUJL4m8AhMDe0000 | swgTYowg6CnCupBZ0000 | XdUcirJVyy0mkESi0000 | GMs2RNYCycdhiu0d0000 | cHYX5JgVwQfFzU3B0000 | DaTi61JthkS0EXxj0000 | CJ6SfSQSYaj2VrK70000 | DvKsNr5WGQT16FRy0000 | bjvEk0Bopk9LUtM90000 | jVsFamBjrcjChZSf0000 | pGHx6qir7pShpIOr0000 | HMKaaqDFhYFcnPiy0000 | EJk5d36cqgWiG8QI0000 | 44PaD7Z1taVcszTM0000 | yQIzBy16XpGgvm0G0000 | QGPZilY0Awxcl1kF0000 | napuYBgtwr5dWSz60000 | lqW1mJJFcS9jIXMv0000 | 5pysbUbly7jYGlpc0000 | liJHNFChy1Cepgit0000 | KoUjuO0OjSknog8B0000 | v29W6gIrNt7MoCVA0000 | 9AT2mQ0NnCufahy30000 | 4cAQUbNnyoVmwmtO0000 | 2e2Mo1otUCY06jOt0000 | 7jRnLEwF7Y9qE4gZ0000 | h0GXyYiH48snJQtw0000 | VwUtxErHQTW3os9o0000 | soFx9c9JfaFqDHJe0000 | TXTHtxHlRkqjElTq0000 | TDqcZxgX2StasQvN0000 | HhonYl3CEQu9Jpm30000 | 5Mg3iZ0hQy5APFc60000 | qNLNVjqVw9fRxMr80000 | vPOEMEO98Xe3YaEa0000 | j2krkBGsYHK2YTJo0000 | yYzUxxFN8yaXzT0C0000,jkobject-vs-main-v1@2026-07-11T23:11:48Z,jkobject_only,False,working_or_historical_not_in_canonical_cleaned_layout,True,True,True,unknown_requires_link_readback,False,False,False,False,catalog_record_requires_structural_readback,TODO.md accepted OBS=10/70 VAR=8/70 @ 2026-07-27
prism_collection/GSE241683_carT,Lamin catalog working/historical,False,0,0,0 B,False,0,0,0 B,True,168,0,unknown,prism_collection/GSE241683_carT,prism_collection/GSE241683_carT,added_dataset,,BhYaj5QS7arK97Cg0000 | zY6S0upixPwIsDmZ0000 | y3voxuXzWjKuhJlR0000 | 8Sio6Hp51VIC33Gd0000 | krDvWMKhysc0Scke0000 | 4Sy66FOuxmQJ9hs10000 | Bw3E2wYPKwIJ7fCo0000 | 3O5J8kBZNMXqnu0l0000 | 8Ly1umOidGZcT9pJ0000 | vusF7C0u8OCl8ipV0000 | GYAMj92lvpEluIsx0000 | fGWU86pQAHtGB3Xh0000 | 5DXDM9MDlmERA6GC0000 | G8tLLwKmAp12yzD20000 | cOL4rqbhEEVzpT3O0000 | aNVwFZtCr6cfKjQY0000 | XW5UWVbOWTsxf4CK0000 | 3HPOStspZKtrYih20000 | ME7qyvnmCk4x6vnY0000 | yHEDkTFIyXWd6uQJ0000 | RfzhmqQQkIpsDHu30000 | tHZcRWxwNXRSbbqG0000 | 3AIIy1fK3u5aM9mU0000 | 2M9ufhPTxGpPC0DT0000 | HLXBF8vWnOFpvFq70000 | emQvmHiVkUXrlkyK0000 | LZ3JdsyH5xVMYxT90000 | YXa7xYIrqcKbe5m50000 | xMA9DFFpG0Gq8eGF0000 | latXi3Gg6NXBM3mP0000 | oUXoABjsU23lDJaM0000 | FvCEUITjL1jl4LoG0000 | 4Ofmv9HGjAVFWQ2e0000 | JDRklDPRVnAGuAvI0000 | RXidO8Zu2lpOotKq0000 | 1Lb2O9J9kuMMvjhC0000 | WqA89IBacFUiR71T0000 | bR28gmEVO1mj2n5v0000 | C2nvM5YLU6a4xwa10000 | XkERkFA1gR9STVYP0000 | 9kEmbG4aTdWga7ka0000 | i2kgXlr4siesSSEF0000 | jtQV59YbjWUKCCfV0000 | QGY4zDy1IX5FXLQA0000 | oN26UPGSpb5f4EH20000 | 2fnWg0MVmJx8Hn5r0000 | 5T8bOVFUDbYhDviz0000 | d3nHNpk0ekzrv1ML0000 | iof5gzzYD2w7LlKd0000 | is0IQYj2BjPRdZ220000 | P1JnfQ7un33maSM50000 | 7AuwQlVMUofLsejq0000 | xGe4ZloEMNQx8Z4V0000 | RfDSG4XOg1WjM9Qo0000 | uyiNXpCDLhxx5jqQ0000 | Js03tsNjFHb3f1vL0000 | GvMATHEY1Jm6xljZ0000 | 8tLw5rBzsrCd4cfm0000 | T9alVASUExiIwxSH0000 | rEHpuikGbBSfs21h0000 | QqwDjCsMg4Ks2eYA0000 | 8GgkFwbPYLreW8aZ0000 | iiakiH6ATgcGgLKU0000 | LeAVqBxd32LCDjdu0000 | vchulRRGRnOWXcOy0000 | L3czY1mvyhPiogHG0000 | 8dqqcMTVL4wDJXVK0000 | DySEZ6EBlLTGYADw0000 | fjSDCjiXm5OkRhjx0000 | jf27grZYauiBqyUx0000 | wpva4CfL1J16gYlT0000 | LWkQvLUe4lW2HwDU0000 | RxfCOmo6NxmiQMpV0000 | ETnkpgYU0ByFzs8T0000 | qgpqNVlGI5xxF8860000 | i3Stzk92FyLgatY30000 | L5NPCqKxZOcAy8t80000 | BbsNvtPiIEu7GdPM0000 | gpvM1jxTxnby6fJs0000 | 5o79rljwaw6nL14T0000 | K4W3VVPFgX5eYoWh0000 | GSNeFmFoUFnmR0OE0000 | 8ZtzY2RjO8BpiW3G0000 | DBcJa4dWF6Rf1DnN0000 | plfZeivr19NeCugZ0000 | 2ARqu2YlBVBnPTlN0000 | 85hFZvkifWlFv3Jj0000 | rc5kFzd0ZWImN8fx0000 | raqjFhS6c5X8qCzx0000 | kGrh6D79c3SSpzMJ0000 | IJx46dHtzlac4W0A0000 | uwy0Yy8122029oWc0000 | u4Dj15xcH6kMxpre0000 | oYOhGlANwriBDeii0000 | 0RFPV3XlcpHDgvVs0000 | g1NHPsj9qaS0u4EE0000 | q6yFE9KMuCvy4Avl0000 | aMRLwnGq7HdpdtJK0000 | iolSd4kbfq2EkkWR0000 | eFr5xTvlADoCEkK80000 | COU7yBrL1QfL9izA0000 | zFnp7enzPM6oDE4L0000 | 6PSjVW3kE3inkB1s0000 | 0PwmuFWMKy4hAfhY0000 | dl9RwSa1wXumfDTC0000 | edHB7V8XWAd9zGrc0000 | DkgwRaBu1gy5ibNk0000 | lHtnIb1UpmESs0VM0000 | huP2Qy8c5ARPIqXm0000 | scpRTvUVVJT6ez5x0000 | QpJrCTHB8O8W0TkD0000 | XvHKMnQYXueuwFbH0000 | BPL2AkSPsNoZHS8M0000 | 8J5eiLyrI8aAZRp50000 | z9vjV4puYpjACgNv0000 | oPYAac3tfLHKrZdp0000 | gTp245dslgLXFxo10000 | YeKftMGhWz9zpJkO0000 | kIqrvloEzj04LJMt0000 | GZo4Mddul5ahrqhU0000 | W8DngEPood8qlecE0000 | f2JyZL0cgSoqQGDP0000 | AaVN2j6vRj3qD4Nx0000 | 3woNqa7UB1CNsNuE0000 | 2FZQumeaFAuwwI4D0000 | 6kTLlN5jbzRHGP2H0000 | xWQOy49IJphfCedP0000 | 6GqUpYplO40Wcjol0000 | CxiP57lN10qsfFbg0000 | ojAiJC6q2RgAEyR00000 | ZSXyLkIv22ov1LGP0000 | HOVkig2b8daXepjv0000 | WV7xbpjM3ec5Mtu10000 | alO9sMLOslJdywbH0000 | 40MSpVoapQ9DERl40000 | 6l7kZBVlZEQR9BtE0000 | zz0OVdsOqkMNlkuu0000 | LjWmvxQdT0iOtk6z0000 | WsZ79QJ9rMuNbOj00000 | an4asDjYnHfWogmN0000 | fvqYNXf0kfAXNxvZ0000 | bJKqk3FdAP5KjFaf0000 | MGacbsSWeqM7dmmV0000 | FHfpquQvCLsH0rhO0000 | 6KXyflayuGRa8kT10000 | Kxt0SppYE5JoTdQS0000 | XL79wRd45c4E0XgO0000 | RtMVkcwLAOblXE6d0000 | lO20aOf1QjECo3TH0000 | Axv6xRlKdXZ6xVU70000 | tV1SGDPcSktH88u50000 | RdMFd1xPC8n4fs1H0000 | pEbkY9ERz4TRKEsU0000 | FEU5ctknkMF3F2m50000 | WaRt1E6xV53G5WwQ0000 | vcjA2mIDWgQn94bo0000 | JnOMuqOimpr5adG30000 | pKnH0QKSA3fvrmys0000 | Xqg1CWW4IsAkdJmh0000 | M8bO98XPBH6sjbMc0000 | lSp3K14DMcFucW2J0000 | AkXnPhik80CGyYPW0000 | NzSMtzbhnMTHAPfC0000 | 7Fz4PTfiNrUPFRcO0000 | dqs6crIJiMFkGltk0000 | 59Jz623Qnc806xrJ0000 | uUR5Xz7KuArYrgGi0000 | dt3F3l6DUuVwvQim0000,jkobject-vs-main-v1@2026-07-11T23:11:48Z,jkobject_only,False,working_or_historical_not_in_canonical_cleaned_layout,True,True,True,unknown_requires_link_readback,False,False,False,False,catalog_record_requires_structural_readback,TODO.md accepted OBS=10/70 VAR=8/70 @ 2026-07-27
prism_collection/GSE243244,Lamin catalog working/historical,False,0,0,0 B,False,0,0,0 B,True,1,0,unknown,prism_collection/GSE243244,prism_collection/GSE243244,branch_revision,,PoKv0xguO5fAakHK0000,jkobject-vs-main-v1@2026-07-11T23:11:48Z,main_and_jkobject_with_jkobject_revision,False,working_or_historical_not_in_canonical_cleaned_layout,False,True,False,unknown_requires_link_readback,False,False,False,False,catalog_record_requires_structural_readback,TODO.md accepted OBS=10/70 VAR=8/70 @ 2026-07-27
prism_collection/GSE246714,Lamin catalog working/historical,False,0,0,0 B,False,0,0,0 B,True,129,0,unknown,prism_collection/GSE246714,prism_collection/GSE246714,added_dataset,,NABspUZjTiw9Rgxe0000 | 3TqHffzjqvAVqtop0000 | ynGQpJSVliyCl6zw0000 | NsaP2aLPO2xv8loC0000 | kXN37tIdaC340dWQ0000 | 8S1IRYKNH3o7UmqI0000 | 54iZD6XQBgAZoCDM0000 | 5RuvJD7UNOgXDjb50000 | 9rmeNE5W6TYft2vz0000 | A4YuETuhWm09Oq5m0000 | CwawmEY23eLKH1jD0000 | 77i2YXD5mlBaHm290000 | N5fMJBcyqrgkLvwU0000 | z3SlQqhPknCiqPA30000 | LnXqlEbCEsS8a98J0000 | f8S6DVErsxMy073k0000 | NnNgeHWpk1hmGfU80000 | xMa442bjF6ju4TZU0000 | c6ZR8Cq9yQgpfEE10000 | vCGpwt4Cc4foYwA50000 | KuZa7Jo13K7a4gq00000 | 5QQPA32JbkHMDwVy0000 | mWMVbiNrnmQpmjbn0000 | Smu09AmEq5s5Kn3U0000 | w2vHrKLe5tWvUlDr0000 | pMMCPqbJEjODv6WI0000 | PsC9xwMyVzfep2MS0000 | deO4l4BZTNuYyi4M0000 | uOFNHn2FFsXnmvAO0000 | C93DUp3BtDEXfrGJ0000 | Pwn8uWmPJv5Xsnnw0000 | nGoEtugDZYl2lc530000 | 3toKA6RBlTtdGHkf0000 | AUc6Yxae7cjAvhRS0000 | Z8l6ejEfPPj8CVLG0000 | BJ89QnkTgztc50bu0000 | rn30pT9D8B84kUQF0000 | 9wf8seoGtfd5gRCe0000 | VuivJ2WIOfGxfaQu0000 | Vk2rVbkUWSMVFbAB0000 | 4K4dcb4UOub4KQy00000 | iJrjst01UlXgXhjr0000 | UasY5xYpGNvPOsNH0000 | ffqZBFMDU8gPiTBW0000 | gJcmT6fuCatlVGuy0000 | ompczcxHfgkRPXru0000 | YYyztYYFnmwR5guy0000 | LVPZ1mOG3pBBTjfQ0000 | wUiC43JTX655579e0000 | YZqrfICTS8vIfov40000 | P41ZuDHQYHiNklN10000 | cnFKXnSGD6CalO090000 | Yqhlij9zk0lQFn4r0000 | vP7vyE70q6ECENqw0000 | QQGCOPb806NS2pgv0000 | UKwZDsxkE6Z43Tmt0000 | Tuv48ANnBIxTZMXk0000 | ZHBqqtK9NhqFK8wi0000 | R9o42DNIqbP8H6TE0000 | e7bj6cBUTCcqXqy20000 | DYAsa7ESpax9RACo0000 | ylkKSB4zqspwgX1L0000 | bDfgaozvvc4kEf7q0000 | 8NXC0OT3M9rPe3IP0000 | u6NDm4XBNmpWsoeE0000 | GhnMN09eyPY756n80000 | xsVdrgNNDP3EpS2M0000 | SSJJppYiuI3KGalB0000 | 5Y0brPexMf7Kw4Cg0000 | 8GMEXcy9VsO1U6UB0000 | 77dsBljcEZGDETsF0000 | 2FQ6BQBrHeR4HtvF0000 | KoZwhx53LdXQ8RLK0000 | RxFyLVM7V6aT1zQe0000 | KeGEzWbTTxmESgTo0000 | sQMKudVKLum7ZQo30000 | 3J0BzChyj0QKphEm0000 | LuIKEMnsv4h36UTP0000 | DOgJ7abtbZJeot1q0000 | Q1TgabDSa90xGEdd0000 | 8kesDZEWgdo5R6Qu0000 | VHJxH4R7JbZKkKTE0000 | rgSX8zVCPK4oYCyd0000 | L6kXwX9sQNlEGLdf0000 | TkBdmVnce848ns6X0000 | 4mJYFrP5aIEGLh3E0000 | cOW6nQtQFos4cEEU0000 | Q3OBWsANVPrivJrO0000 | qkzqvfgMg7zahXyh0000 | j2AVjrxsvGiozejU0000 | 77GMXNDMty8GVd590000 | vbs8OQY3RJc3iKNQ0000 | LLtFw7xvpypbpdM80000 | s9fiDb7UrMj3GmbG0000 | v5OJUCEEPnAksmbJ0000 | z5ulzIahEEV0Abs50000 | IPvwK01HO9jrACDx0000 | FjkvSVH06k3ddcrF0000 | VV4qEXFWJxTXAAcK0000 | FxwmT5onIpJiRaKE0000 | VPHTFZCn4Xajgb1l0000 | qt2IRKmtr4m8wXCE0000 | QikrSCaYAshYyTRW0000 | bW2BOXoZ0z3dXz4V0000 | opBlMT8edYiHgljG0000 | 1ZxtZCBYkA7IG2i10000 | SgtHABbkaeJ0wZCl0000 | B37Kas0JM0tgTdLS0000 | 051qFgp3KFPfzAHk0000 | q6lDNVFQuBRGbc8N0000 | SRRfreVWsQvkOJzk0000 | MWnLvdEEzmeP2VY90000 | DGwoAIrauTMGkqVn0000 | Wl8qsFE34lYksxcL0000 | YzOIT2fN6uEoev5R0000 | CRAuebqnwsV88Bhp0000 | gqaFc1cO1sCvvYoi0000 | S7GV5LhPB2IeVASg0000 | V9qYJ2n8KS8jOjgK0000 | hm86ZMuCPPnDYsTl0000 | kBMKtsdLzUWGIK5l0000 | m6URGCGlqIKrsRCI0000 | wlfHcXEokmDjqYqQ0000 | 5Yl6lMGn2d1A40wl0000 | YKK3uXL8aY2XUFNX0000 | iVHQpGyBrOqBFzFJ0000 | LrTk8w230aJJuE1r0000 | zZsxoFvY1f6UM7230000 | Y0cJnpQPDlShdLix0000,jkobject-vs-main-v1@2026-07-11T23:11:48Z,jkobject_only,False,working_or_historical_not_in_canonical_cleaned_layout,True,True,True,unknown_requires_link_readback,False,False,False,False,catalog_record_requires_structural_readback,TODO.md accepted OBS=10/70 VAR=8/70 @ 2026-07-27
prism_collection/GSE247274,Lamin catalog working/historical,False,0,0,0 B,False,0,0,0 B,True,210,0,unknown,prism_collection/GSE247274,prism_collection/GSE247274,added_dataset,,2v2bNBZwGMKAeypr0000 | GSaGaXOoMX7Fjp2J0000 | Hx7sXM32T2OGk4Bk0000 | UmDGUph9wLHy7z8X0000 | o7nd4kGQTrladONZ0000 | WU2AfsE59tNpDLHa0000 | OzkLlEBKBzcFSzs50000 | L3Nf60LUHD1ZvmDf0000 | E2DqYVvBw2eC8X800000 | of5k1KyVVal7RDgi0000 | wEags6emzmERipX20000 | LQPJsQNwT8JezstQ0000 | ODHs1SaWLvPoWaYa0000 | D1oB1vwQuWMni7v70000 | 99tBwZATEsLa9PDY0000 | yNfyjmVFLmf2RNq60000 | q42vtUIpQb2weNCu0000 | VYCSbYwSd9yIE1M50000 | Oa0ARfTqmMCQRz5V0000 | p0MjOoQyroJjMCv60000 | 166vAMpNip33AVGz0000 | 5DiGI0ukFf4vrRel0000 | lyfBOFmNFVbqNMqk0000 | 8Y2wY6LuyGf16uGE0000 | M5h50rLZ2niezuBd0000 | GYcKveVgTqpj72DB0000 | qLFu70pu6pcSeaym0000 | 8cUXV6IPbsNkKd0g0000 | RV6EbKEytp2q54dw0000 | DGIiMm14ni5hT6Ii0000 | 4dHJgUTRi12Zm3870000 | fNQ9tnC3WrzdgogY0000 | I4r9xWxDfl5NOQX70000 | EhijuLTdVVV5M2SX0000 | JrykQw9RBYDHJgjO0000 | H34G0Xm8dsjK9UL10000 | jXfPrswGDV2Shif40000 | RAz0yDa7LPQ9HFZN0000 | VlYPooCtokVx64lR0000 | m90X3gJAMCFz3ecy0000 | YnGu7yqJzmOOYcDm0000 | sphhu6w8d9EZVZ9M0000 | W9nFu3VH5SVMjGtB0000 | PE6ydQn5CgjPp2oQ0000 | 05h22AKfJH0IzfY90000 | 7EDPvcwEGuSM6Ch60000 | omZsiP5iNw38bnzR0000 | 9benWPQFpxqq6h560000 | XHTcIBKlotkOqWe10000 | a4GK1mRshsRD3xC00000 | HDXEdcgbzdXOVE9E0000 | jIs0bql8k09ZG4a60000 | oUCxhBHXry0cCPCb0000 | 4nNOsJW50c0an66u0000 | ZOMObdzFK2e1beM10000 | 810odtQQiC9Gz2Sj0000 | BWSlcD6vBaeSsThQ0000 | OGt3wBRgmH1OFVwg0000 | PbIaLsuW1BesBqx90000 | zshmvRvXIfvJGa7l0000 | Dg5JRyD8bKvhhZUD0000 | O8EYLM22te0E6fzH0000 | vWNBJSt9L7R2jKQn0000 | yXW9WSNEe8hdxwXF0000 | p7SI77eeD3mDCGT20000 | cdLVfG5b7oRfPMr70000 | OLmoMinSw2P15B100000 | RLUOmrU16dRq3HSf0000 | 0fwQaNnbHWwU9UZg0000 | jRSUassxYDQrOXlk0000 | QQKXJ2gstB4uTef30000 | TzBAv5JTvLSVrKQo0000 | Q4v61hPJIq839fHd0000 | uBGEJKyBGiq5CxS40000 | L6123tObSFI3TZp20000 | thOo2ZjZyyKnbCK50000 | KuacCRFOYXTjoiFf0000 | F8s4jOZEgwCkGZnG0000 | btMYbasUqYz8fN4m0000 | SQaePyChiC76YbzZ0000 | 8Yjrak3fTCzfZZ0U0000 | lf0WAuH0VGxXWmcN0000 | Y5nML9OJvq5UHL230000 | kqEtkWOcpK69ffox0000 | jnRpqqMxMoVgHfUH0000 | 699E4gcprDFXiONE0000 | AFWejblBmBA8GeWo0000 | ETM2tLTQRlQddFrr0000 | rK6tKcbMb3eO26su0000 | rnJzciR9l5THNDhH0000 | YrRBpMxWXoFWWWMr0000 | OxxecpM8ZqYj8Rdr0000 | xwEQlQWYL13WWf0N0000 | cEMk5FffzeqtBvAv0000 | UMvpPO3JZCWMbxkD0000 | V4e4197CiXF0pDjS0000 | jYRf76JlpMgvRbkR0000 | 70O6kQisE6jTpOLn0000 | kFUUgf64tzR3rUii0000 | buJeIHc014DsGlhv0000 | EaVsgFXvYz6tvPxQ0000 | zAzyBNrLMQ5kQrOI0000 | UssxbVzkCltdqRrJ0000 | s2XC8XAXAkZkSprG0000 | oCM97ER1aS7Ha8Oi0000 | tJ061YkkRcx9vNvA0000 | BdogAxnmLMiYBgp00000 | dx2aXJssXAQ4Yn500000 | IpJiQpucY8lcGdVW0000 | nTZZbjDDRvgnrtMn0000 | 5C93uegWut33gjBx0000 | ewD1OcNGRL4Bda9i0000 | KAQWFzTS9IK6VQnB0000 | EiaFATsGfoFhlh230000 | CtnvELei5Y1g86BJ0000 | sMSWqYNv4lImDRcW0000 | 7bqvSZkKF3hvedPk0000 | SalglDk0ggl8sKDt0000 | REW8dmYKZl1nj1Ov0000 | O6TMw8sg5BN7I0GH0000 | ZBZvqKzt6uAnf46y0000 | Nm05ve47j4zwSAdG0000 | sLJ3YeISJbGIxJMe0000 | jXVuMKSAX6JGkrUn0000 | 2GxCPEOAcC694JeV0000 | GGu01K9t8ZMvtiI00000 | pno7xdJVAHtWWRIB0000 | i1Gk3dC6JhgswtwM0000 | wZ1VZNqaClt4gf0N0000 | tR40dCVpkS1NiLHL0000 | bd5Oshf9AOoIfN3F0000 | wu8Za7C3dqT3C4gB0000 | PbfWLDVtNBm0um380000 | JrjUgoPJhJHKo2Xs0000 | vY1sjbPJJV6CcnS70000 | Qg7U67pNN7YeWfks0000 | nvT9dQ6n7OiZwHX10000 | BmsxXgxMeogU3ES50000 | nXv8Nb5qOZgIhAsr0000 | kJc76OXUhDzvFCTc0000 | DehzwNQQOZvVTPDZ0000 | EQv3nVozfRR82OXO0000 | VXLUHo1RVBrgpWeK0000 | ODbdd0hyGladBlCi0000 | bdNlZJOM4K5eg4C10000 | EVSmzURjoDDmrXB40000 | 5ppeuQFqiVpYZbFt0000 | 8smDXqGpnL4mmpLI0000 | 4PyhkeHIb4AFSEjA0000 | L14ZX6skOCRK4pWn0000 | zNH0Q34Y5sA8LyCj0000 | Z0RzVRMETeVUcsME0000 | oW0ucXlICRQ3l4XT0000 | PP1wvqeCZkFAsyYw0000 | 1xfhWBktPKK3RbY30000 | Ipw2WJwlusiQ1u7z0000 | STVNIAntNqnNdkLM0000 | cik6zM7d4dLRLC3i0000 | isU7MFLZWQkQWqRi0000 | TRHJkn97HpyMAIJc0000 | Tubny7AyduPze6nx0000 | rawkAFV1FwRUZJzU0000 | yw1MdyszZP0VffRQ0000 | mPkSSngCcPIyUlcE0000 | HoVFdrQCmowEgLfp0000 | dARWpZ67GAhV7nfb0000 | y3YxsntA55vhe9rD0000 | TjV0RWeJzsKLuHvF0000 | gf8ModN9ojyoj0tc0000 | u4qm8I3L728VlQx40000 | fyM2VDEAGAG2ay2f0000 | 988cd3mX1WIymhW70000 | bVJfVMk0uO17n7Kr0000 | mcbeXbwe8aWGfP9A0000 | IrEsJu9qvCQzJxse0000 | HJiAd4y4fZyhlRh00000 | PhMqpSdQMSZQo0yl0000 | PP5hAJ90SfNmgj0M0000 | aNd9NKZMKpRS4yqw0000 | Oa90vs512DU2i8yt0000 | taguo7g5dsz4L0qK0000 | MPnRTj51cFOL8ML70000 | uhaWcfxwXsboK9s80000 | kdVNw4r8LqdEfcrn0000 | a1ZkFNUnbdzvoodp0000 | qvKScZIQQ4Iw63tg0000 | zlRZQwLHl25w2WKe0000 | 6gpBPs1tUswV9APs0000 | cVCkLhmhR7eWsJnD0000 | 8JdhiKREQAm7tZ050000 | Kl5PpiOnbVq2MIts0000 | 6LJhbYLUS3JoRdEf0000 | JCDHYwph4GvUv6wr0000 | 6WzJLIldOMZGM0ID0000 | 0rqeaFrCGu6QqTsp0000 | NVgH8YAUuzqFN8eU0000 | 3QsEHmeaoCpSqsyQ0000 | XHD6HOY8j7nCahm70000 | Pnk6NmFDOZMbKp5b0000 | tdoNEuZJz6dLB9p50000 | jzfb9c4E4E2iWxT30000 | 4LMZGY2mVnH3mI4B0000 | 1PNoqLZY171VHx5P0000 | seNrkK2k2gmddXfb0000 | VylX5QC0VLnw9fk40000 | BJbGaNREskzJSsRd0000 | DiKj0YyYCnpuXY2A0000 | Y7yca8wpWu8ozTxm0000 | hZdazmPxjqNSzOTK0000 | 4f1M3HUG9s1Ds8s60000,jkobject-vs-main-v1@2026-07-11T23:11:48Z,jkobject_only,False,working_or_historical_not_in_canonical_cleaned_layout,True,True,True,unknown_requires_link_readback,False,False,False,False,catalog_record_requires_structural_readback,TODO.md accepted OBS=10/70 VAR=8/70 @ 2026-07-27
prism_collection/GSE247599,Lamin catalog working/historical,False,0,0,0 B,False,0,0,0 B,True,75,0,unknown,prism_collection/GSE247599,prism_collection/GSE247599,added_dataset,,tztM3JadVTbxMBz50000 | FmsSAUnsT9EFcdzb0000 | 1y3fT7gGVgqAAgTY0000 | VyQwWXTU2u8wRAK60000 | qvd37Tlf5gdyiaSZ0000 | Vksd6ZXAynJIK0HN0000 | 0XAyMa7YmSApUvum0000 | DzoG5xcuO1fVGer60000 | TRApQ3EuuapzmrXv0000 | 5H8T4zWNFp1NnriF0000 | 3vBHY1r64lQX4fl70000 | i0u6uueKBtoIiiS40000 | UV6ATaHyO6u0Q5Ub0000 | OubT9ONPVO0HeoAX0000 | gsEO6rMRMF2HKcV90000 | kdsY1CLXZXQ6BEB70000 | N9RO63e0ixew1dPA0000 | pIsk4f1SD0TMIU420000 | zUj4FvasOPJ2azwC0000 | KOXXJ64kjmZWcf1z0000 | Od6eSZxW4DZP59px0000 | 6X1zhJ5OB9MwZyGG0000 | lo7AXRB3DXdiUrAq0000 | ZJhs2hgQbsq1b9sc0000 | 36pLrVwc6oFJsxjO0000 | JmghTc1pUd7AaXjx0000 | UmPBmNz2pBqqh2KG0000 | p4H47o441bXXJ8Dc0000 | AeaHAJzAEi6Pvbxj0000 | o0jFJafdAI3BpkcG0000 | 1dKq9q5Ul0OeQ4o50000 | cL0QdWi3zbWMOI240000 | oaI46nIBHCM7qaXz0000 | VDDfnSCZ4NVLh81N0000 | LT06mri5SOnWkadr0000 | JaL7uzEDjT0spoHc0000 | 6B15h83CuHjXzQz90000 | RgCzye8UTJ44QVgE0000 | bjiHKQM4edRDPaKr0000 | 7VIuhb1MaJtnm3M20000 | NBDSjuWuRFLHgXRc0000 | jY2mNwlulZx0u5Rk0000 | 2iMgfbeHINBgDRgF0000 | ZQwGzKet2Hnb3ieP0000 | UDpR0ovW36jg6JNb0000 | sk95FOZRu2TN76Sc0000 | BKEwjbmr5ddD1TPb0000 | b4SR2GC2oQu9o2ei0000 | oaUna8UIqsyDuBTc0000 | p04w4WK1QIwC2v8E0000 | Gg2iJ3FvQMk60l7I0000 | IawiFhrWt3IBeLcd0000 | gXFc6ypmWf4prOqa0000 | FT9fS0uFXTXKdCSl0000 | SNTte5ZTUhPHFcoz0000 | ehNHfCFJPMGY9FN40000 | 6nCxUtUyUhT8r1BL0000 | VF7iIc2XOnQ98EJO0000 | A0IBYIrVr33oMVHm0000 | GQsfBa8uajcjps600000 | ftWfVQXwuOtMMc6d0000 | UBj15jG5m4JqV9ch0000 | e1l3OAhgPejt0iRT0000 | aP0S54F6GWrpXIZH0000 | n83zypk8SRv3r1l40000 | cORr7DZHqtjNguJ80000 | ldIJ81trroHm4HXY0000 | yxkXJUXkPsnQEz9v0000 | 7jgAqfzgnUVRdNNV0000 | aKkh5L1ziBJjcFxR0000 | 6y3n0nKcI7H8TS1Y0000 | 99S63NMfNVuq5HNg0000 | 5OL3yMldvF6cYlGq0000 | 8menOFiXMGF9vrYc0000 | MHPpPqTCyzzuMzRH0000,jkobject-vs-main-v1@2026-07-11T23:11:48Z,jkobject_only,False,working_or_historical_not_in_canonical_cleaned_layout,True,True,True,unknown_requires_link_readback,False,False,False,False,catalog_record_requires_structural_readback,TODO.md accepted OBS=10/70 VAR=8/70 @ 2026-07-27
prism_collection/GSE250378,Lamin catalog working/historical,False,0,0,0 B,False,0,0,0 B,True,3,0,unknown,prism_collection/GSE250378,prism_collection/GSE250378,branch_revision,pert-gym/additions/20260621 | pert-gym/additions/20260624-tiny-tail-minimal | pert-gym/canonical/20260621 | pert-gym/canonical/20260624-shared-var | pert-gym/canonical/20260624-shared-var-alias | pert-gym/canonical/20260624-tiny-tail-minimal,iRhYZ4LgZX8Fz3ZT0000 | DO6X3TmZWZWFrnVh0000 | iRhYZ4LgZX8Fz3ZT0001,jkobject-vs-main-v1@2026-07-11T23:11:48Z,main_and_jkobject_with_jkobject_revision,False,working_or_historical_not_in_canonical_cleaned_layout,False,True,True,unknown_requires_link_readback,False,False,False,False,catalog_record_requires_structural_readback,TODO.md accepted OBS=10/70 VAR=8/70 @ 2026-07-27
prism_collection/GSE250558,Lamin catalog working/historical,False,0,0,0 B,False,0,0,0 B,True,180,0,unknown,prism_collection/GSE250558,prism_collection/GSE250558,added_dataset,,as6vAt6NcdWFQd6K0000 | FaJGrDiVvV77NBoT0000 | dJmCO2XirRu5PO4K0000 | dECzYJ0uIq3MX0CM0000 | AhYajFQjHNdfoL230000 | KjBCVU54iqriSOKt0000 | G7ipFOt42AJEF6UI0000 | w5qWbsAXtNu8aS6f0000 | deDUcPMqh53MaQeP0000 | wdOh2G05YIDQRDa70000 | WRLbU1WHRI1grWDW0000 | cI7xPoJI9CehO0sS0000 | xCsLmEkSyg1dmZdk0000 | uC5MzTdqwgTL7tMo0000 | OISV1LoElbdmWVtK0000 | gjCFt7e6ZyJKNrzx0000 | JLSpp6VNAqevZusm0000 | BEQhO0MX01K2bNSZ0000 | tG3Fddu9nGXDHgJs0000 | QvyVBaPUYZUN6J0j0000 | awSFYnalaAPDINr00000 | U3RuACsQn0iaNBVn0000 | oEm1OpszgZaymcqD0000 | yNTvtoFQCyMG7nwb0000 | 433wem1EuZNvLfg50000 | xSwobwQuRQJdK7xq0000 | bciWEAkT4cZChEI80000 | AmPLdaMUe84OBUno0000 | DheWNEP3lkcT9SBS0000 | tRKW27128qXUBhtj0000 | hjt5ISY7MGGnKog20000 | zv1CMRVwRECkJnTc0000 | YvsNy7CodH9oeCGe0000 | GfH9HOrHsfgf48Xa0000 | V22TxMd6GD4hmEEk0000 | 4nlKplEPAnEF1r8w0000 | JjXkYQCt03W7OFvO0000 | pyvWUnh2f0VvNFvn0000 | wvnhwepdXcqb4VYr0000 | QCQl4bdvA9IOnysR0000 | kWgdK4AkX4stge810000 | gqNBeOxgkpIbwulJ0000 | IU9LE5giL1zO9q0V0000 | 0OqCCDFn9gHfgvyQ0000 | ofd7rkIzeMeGY3860000 | VNEKWfMXkIsgWNbS0000 | ICMg3CFYDvLwdeNJ0000 | t0ohpVFcHMvgKwrb0000 | zaw0lNMk5w2OxIkT0000 | pEwppjQblBtb6x2l0000 | a63SyHrKu6G0i7W10000 | hFgJxFnLquRfKKbb0000 | C60mKwhb36gHVAJI0000 | QnbeBCDxSblU2kqj0000 | UhT7dl9JsPgb0WTd0000 | 1o3cbyV608chnVNz0000 | LHEdeKe8G77swFYs0000 | F5tGGK6fPmrVVODT0000 | GDbUqCtsHkCHhOYk0000 | wseSQvHWxDGLqNf10000 | 8N4PmQXqWPfJ8N7s0000 | b9ACvJbFDrSPuogP0000 | rIRNrMigkofJL7et0000 | vt2KhRbr3fhyUzmV0000 | 0EVkulI3oXAl0I170000 | 8Lg1naLMqtaSDLEW0000 | p1SvFOX8LPMnodHj0000 | qhV9fZPGwsji4n5i0000 | w3aHg3k0sgBHJM720000 | nh3Vbmhrp0dNjt1b0000 | WEmlug5k2Zesjref0000 | AIkdisJjdeNEvKcT0000 | lHvIuTMF8R2mopsH0000 | EpV0KljJXe64zdwv0000 | e8q55hFjla1OzIBq0000 | WrdDLaaVE2q9DG920000 | 9jCYf8shuSIbGMHu0000 | Mh5cTHrMInN0g7AK0000 | wzT9wy4OPwXti3Q80000 | DAqt6Ie7LsR845zV0000 | AgZhmgETBWq8nSVS0000 | QPVR9Xq9pITpPG7T0000 | 2yFO3cDCYuxzX0mV0000 | tM7s9cXvo3FtdM8d0000 | U9gwtAfXxOJnsYTy0000 | TWO3gTPZMXLIPQG80000 | VsghTWEloTRxRyWf0000 | 9G9cNbmFtU0SJGLT0000 | NJxrm8kzGRLmmVv30000 | McBKIhHn1UMsehP80000 | fVWi47KzNvuJ9GoA0000 | k27uf4l5kBUVmZPh0000 | vwOucrqaZUaMThGC0000 | IpZXISfvUAd5ka2t0000 | 2JqJfZTFidTAsBzs0000 | qiGou9fDsXUqMxOC0000 | luFeG54pW24v2fhd0000 | 2nTgduTTMLTZwtJp0000 | bBPdLSYzlPvijNnE0000 | o1MiGhCaGE8nFnoL0000 | csPpb4ML8qBDyLAR0000 | Y1daeaFzKmeU6r7W0000 | Q3LvOd69KKum6scj0000 | egWNa9Xfg8gziKEn0000 | UH46emE21s9QiwA10000 | 1Sy2hI3gxgnXtZlm0000 | 4rwKcdEjWiJB9fTa0000 | 9IGnZAZaLZoTxPYY0000 | 2JfoFjzUR6keLb3b0000 | ZOLhObp142E7gHjk0000 | Z1JR5gGhlNf2M5FN0000 | vtfS2UYrDTkNxI6d0000 | IcWCm2GiWvzNkaXe0000 | Zg0UlnLnBecAqHnu0000 | GZ4pvyLZO06rGuSs0000 | a68vX0rC8d8OeFh70000 | 73UquPOWikp8uJxT0000 | PDvHxtxN0HDKsi0Q0000 | QYJizvzrpCNhKqFw0000 | 2LUIKuTw8a4DJLru0000 | 2hJVuN0LMQ8qcMJq0000 | l4nCM3OSiqEpER1j0000 | berd34yW03oiZTUp0000 | zbKHhDqMG7I1CaEC0000 | zeTNda3BcmYNrtbY0000 | XPiApEiMZ243ZHa40000 | pVsQpy1DyP2GIwqw0000 | k2St91MtLGBjfuUk0000 | c1SKRvlBq5tDxbd00000 | t830NwH4ExBAOtXI0000 | sLnjOsSagKDXUUuJ0000 | hSPA9xYxRelk1qqG0000 | R9L5tpnyaDu7oit80000 | kioIJROUs1Udewz80000 | pAhjQQDRWwQpBUfr0000 | cUBhNSrnt9iMvpGc0000 | AYWg78V2vesZBaBS0000 | fZzDOkVYpdYaL5WO0000 | Pdw80pRaBR0Ey1st0000 | brya3IlV4LgwAEgT0000 | xYTen7WbDlZrCpyX0000 | eni40ZMEFSEROPIS0000 | aonologmC4jNn0qD0000 | B1UXhXvvoKT1Tf5I0000 | eocLHQjwGtJFszeB0000 | aetLPpuOR77j2rc30000 | NDRxH0P634pb9Xpd0000 | i2Uvc0NGYVW6wZje0000 | rc9pftEBUN7cQB4u0000 | i0iOMZKrTw5t09an0000 | 1M1W0rzH1XJmBZxh0000 | c4vaQ1cyWLTV12NL0000 | E9qMAi5s1VZq8bSS0000 | wEpnaM04AelOpgoX0000 | MjgiaKVycSkyY05I0000 | GC4zxQ8xgzQWQinh0000 | 3zyzBZXp3KbN20pk0000 | AlvIQvJCB5eXE1WN0000 | DC1YBapd2MVNBogU0000 | CKiODSpnOREQdW4b0000 | tVSrFjs8rWN8jLdv0000 | m9nwYHCHuWzwLDj10000 | qIa0ttmpPKyfAI900000 | TdTniS0mTCPHuy1m0000 | Kyi8ADUS7PsEIpNH0000 | xy5h4vgIrWfT8j0U0000 | KTPJ96Tt1ByhxgzN0000 | 93YqT9zkKVRqUUcA0000 | bpii6GFfMSOFZvsu0000 | xl2AQenYsA7x4WIO0000 | 8yWKTavWx0HtwfDu0000 | CucFkTtr203brOtM0000 | WofCZxgDgL4bQhHD0000 | nRRCc9amZAXTSmNM0000 | xvqQBKEe92hbF4u10000 | 97SIifsV1s2umgfP0000 | 4gQtHjHsfglP2Ogq0000 | 3VsDOOuSs44eeiTw0000 | s61OljokcyjBDmp70000 | zP1nUOinvznLfuAr0000,jkobject-vs-main-v1@2026-07-11T23:11:48Z,jkobject_only,False,working_or_historical_not_in_canonical_cleaned_layout,True,True,True,unknown_requires_link_readback,False,False,False,False,catalog_record_requires_structural_readback,TODO.md accepted OBS=10/70 VAR=8/70 @ 2026-07-27
prism_collection/GSE252589,Lamin catalog working/historical,False,0,0,0 B,False,0,0,0 B,True,72,0,unknown,prism_collection/GSE252589,prism_collection/GSE252589,added_dataset,,628QbDcsEcZkOt0Z0000 | zaqXqx7glRdqVjVT0000 | LfWQSPVbPzFsNn860000 | L2JNoAnLCfqW4YoA0000 | 6kSjTEFwn1Nu6apk0000 | rRhuMAzvkYVJVjVc0000 | r0982IJ5ZKTk5PVC0000 | V4i6rt3m0rQ8hMft0000 | PgNt02rsLO6W9Nbd0000 | 91lZHTp8eXpQsjfS0000 | AoFRVHwy9ENvxWCW0000 | f5QYDtdnqBp0ErwB0000 | LhIOPGInqVm9KY2L0000 | sdzzOf8s8G1GtoqW0000 | 6C0tTV6qC4SPKesk0000 | jYFu63L7CMj5VL2l0000 | tpQfUKMY1pRtp6pU0000 | 4leGkDbD2oMHGenq0000 | lDejIfLbilQ0R0Rw0000 | mdtxRblgmusDuaFU0000 | 43i939CN9ILPouxy0000 | zgh212pHZ2BvJSB00000 | Yic9hWMdBFdQ8kDR0000 | mbQRNDGPaHgOlYIb0000 | BSeRlaWvCm9Nl1my0000 | 4dSS5qJwa7lTA9nA0000 | 7k4Hg8wGHWLJyzCm0000 | LqCGSPywYUpb56HE0000 | dG5aDRImwtXiRBV80000 | JybwoM5RG4Pgjc7w0000 | Nj7toJCBCqy1VPH60000 | CEHAVv28HCW6NQnq0000 | LMGoaJBoAve2LpK80000 | fL5QyvzrZBfXIpsC0000 | UB1rjXwpXkhfHX3d0000 | Atdfrg5nhOrBS3Lv0000 | 1SLW3Pt9Std4s24F0000 | MGz6cZzsIDkIzEsk0000 | vc6VAEjnlewQTKEq0000 | 7JmXlfij1DlLKvVI0000 | aer3SedGHq7hrhjD0000 | lSfJJyctXiFCnIzJ0000 | bJRhse63FXx0MVuf0000 | y3utGqv8rBKULxAV0000 | VRZ6QxuBKxH9P61E0000 | b1YNNJMtwS0Rl5vD0000 | z3cWCeENxku8GQwV0000 | ztFz3S8OCskK1lt80000 | zVv2JshfYnUveg6c0000 | Yw6RACCy2HIF8kpy0000 | sl06Ho1QsxR53Z3S0000 | Y0uJDYtmOX5ZUqvE0000 | RtPCKqrRwQRovK0Q0000 | mGhU1vvAKnMWMFHi0000 | yqMJy1kFNVfY1VL30000 | j2IYbWaJO24lK6cW0000 | lpEdlVrkg08YB4TJ0000 | evqtLVvIH3edBjfy0000 | I9KPEMndSyOPo3op0000 | SjJSqbYltVofulu10000 | qVdZPq80t91psZfN0000 | shDQK69KS6tc5vTW0000 | Lo72oWH4R2CKYPnv0000 | iZN1q2xoFAJTtiQF0000 | kpnGTmdjqeZJpfil0000 | H19NM68l3jHWDLmC0000 | ZRQNJ50wN2QVfFp40000 | QfL2x2hBOF2bi6360000 | 1xLGC9BAKBsT3VRH0000 | es4aAC7H1CDTBLPc0000 | 89lKW88cakYiydXb0000 | gRUTwKkJ4lLI7p0a0000,jkobject-vs-main-v1@2026-07-11T23:11:48Z,jkobject_only,False,working_or_historical_not_in_canonical_cleaned_layout,True,True,True,unknown_requires_link_readback,False,False,False,False,catalog_record_requires_structural_readback,TODO.md accepted OBS=10/70 VAR=8/70 @ 2026-07-27
prism_collection/GSE254100,Lamin catalog working/historical,False,0,0,0 B,False,0,0,0 B,True,15,0,unknown,prism_collection/GSE254100,prism_collection/GSE254100,added_dataset,,4xfQmh7k5YY4IUIY0000 | dkpvnac8tU3RiIYd0000 | 0ejLWMmi2EJEaHrd0000 | rLMAOGrXQbFltxR70000 | UieKkvFdPtGzsAKI0000 | NP9wCb6wh9tEnts30000 | rgzdxvXDSMXuBctF0000 | DCgl7EGlf6kj8qlH0000 | TZrTOpAKnTJ45yXb0000 | ZbK4373KWFYjgRxv0000 | O0OpXdJuOE1KoAjN0000 | wGw677YLZF0c1uzQ0000 | H0CsvFLy8s8zPeMB0000 | 0VWLXht1uUF1xKpz0000 | vbrer3StteSobj0c0000,jkobject-vs-main-v1@2026-07-11T23:11:48Z,jkobject_only,False,working_or_historical_not_in_canonical_cleaned_layout,True,True,True,unknown_requires_link_readback,False,False,False,False,catalog_record_requires_structural_readback,TODO.md accepted OBS=10/70 VAR=8/70 @ 2026-07-27
prism_collection/GSE255832,Lamin catalog working/historical,False,0,0,0 B,False,0,0,0 B,True,84,0,unknown,prism_collection/GSE255832,prism_collection/GSE255832,added_dataset,,rwH499NyjKnEDdMc0000 | oZMJmiMv453VwUVB0000 | GUfQyObef40MDxcV0000 | CtIrcQiTlJN3Uo4i0000 | 7774ntQrJAxAiudU0000 | yHjDIZvMgzR20dZo0000 | 47vcmHJS3sJ74nwm0000 | nrbPVUzd5SPObI1s0000 | yMxg4dZmeOS1lxY80000 | q9dlB3lCaOx3lssk0000 | Q7bSxL2A8Tt3uk9L0000 | 1P8BeborsOTecIUR0000 | FrpQo6eRaVlcyGJl0000 | opw4pdTL9Znbyjla0000 | SKrpPGJkQGf11ocv0000 | q52rqnsKdVbZxooi0000 | mjKJ0XeLfVqqASbp0000 | QTucWo8Ti9CeuZOt0000 | DAkWELeDbp9F5ppv0000 | rsTeMPimf7XKlJJV0000 | uAQzwARRcuD3IPAV0000 | GT0cGrumGzYJWtrY0000 | gl8wEXWJV58SHryU0000 | PHhKoqZekR1wQ8dq0000 | qO7hZn3jvwQ6i0HX0000 | wp0Txxzz2Qy9NOWi0000 | IEWQPNrB2IGrvSx90000 | aMnzG2nGwyN5vlx40000 | aklmCyiPFUNcW49i0000 | eQZ0P4TuZ1BJakDz0000 | zjPg4cHOeFCxRXRw0000 | rnDKqESPHkxxvqg30000 | sZ6S2Ad1CPoFwpXE0000 | BsHb37uiygYXx6qP0000 | rbwxqPKBiKYt1vhr0000 | JyhryXqBy9OgLv2f0000 | m54wbh2NTEGGohTj0000 | 7lWOCdsxxeRp8CZw0000 | OrDBwj8Sn5EckZ130000 | HqLnlW6cH81ZfogT0000 | eWPl5QNlUy7uKwOS0000 | glE5vlmz04ijN9CL0000 | 1hZqg5LsERQJKSFz0000 | QYEoGBvcOR9mYLpj0000 | DOgbPh9H4RC9vWoj0000 | 2hm9XS16XBdjvZN30000 | ezdmoOIbX5Kcp62a0000 | KzcfDiPCyQ7Jw4zb0000 | 8SJE3z0bvqxim5zN0000 | dx4tXdPizK9InFrU0000 | DPCsL5Rwj7fj8utN0000 | q5zBj9SdynK94eBd0000 | d9VfUpaBlPbAGYdC0000 | 5qCvXxTY1tScyuhe0000 | LQQxKcOX0YKMbgTA0000 | 5YGFgpLcy83HNttM0000 | ZFyAbNHUveqitSGX0000 | IwuNh0TZEqkwUpbD0000 | UsPP30SMyLmLqerR0000 | 7grNoUDSuGwaZmsk0000 | 0hOoMa94nxrYfhLt0000 | BXocrB5im6tSlr6Y0000 | iU245h45QX22DmNf0000 | qyX7zDqBwFgIUoEO0000 | boE1jwK0JdEp4ips0000 | OgmV5GyjED4S5Tyg0000 | bEs9smVQt098KWZs0000 | 3j2L9PeecacHLzZa0000 | 6XJIntTAZoxkTmNO0000 | 5IuN9qOP1ripKmVw0000 | JZ86eNByzHJJV1Tb0000 | XrbnDraVaFc2LzSh0000 | udEUotbUKHCr41nc0000 | NzHWuPh2VOnBERa80000 | TuTXq6jy1yOdjFOM0000 | Aqi4LIQfg3OSb2Hx0000 | s9NMaOewnCqgvJYs0000 | MsqE5eSB6uy32T4c0000 | wwRtvHoe2jN1Tn2g0000 | ZTZnTOBZu3jJsMZ40000 | ymCrr65WpFsK964M0000 | 31oBYuSmC7RjUPJC0000 | zIDVqkmQpQ7P7r780000 | 8b0gDEiDamtN7Uus0000,jkobject-vs-main-v1@2026-07-11T23:11:48Z,jkobject_only,False,working_or_historical_not_in_canonical_cleaned_layout,True,True,True,unknown_requires_link_readback,False,False,False,False,catalog_record_requires_structural_readback,TODO.md accepted OBS=10/70 VAR=8/70 @ 2026-07-27
prism_collection/GSE261283,Lamin catalog working/historical,False,0,0,0 B,False,0,0,0 B,True,3,0,unknown,prism_collection/GSE261283,prism_collection/GSE261283,branch_revision,pert-gym/additions/20260621 | pert-gym/additions/20260624-tiny-tail-minimal | pert-gym/canonical/20260621 | pert-gym/canonical/20260624-shared-var | pert-gym/canonical/20260624-shared-var-alias | pert-gym/canonical/20260624-tiny-tail-minimal,n2cUJ4ZYa4lwfKlR0000 | LBKLBdNc6Gzusni40000 | n2cUJ4ZYa4lwfKlR0001,jkobject-vs-main-v1@2026-07-11T23:11:48Z,main_and_jkobject_with_jkobject_revision,False,working_or_historical_not_in_canonical_cleaned_layout,False,True,True,unknown_requires_link_readback,False,False,False,False,catalog_record_requires_structural_readback,TODO.md accepted OBS=10/70 VAR=8/70 @ 2026-07-27
prism_collection/GSE263524,Lamin catalog working/historical,False,0,0,0 B,False,0,0,0 B,True,129,0,unknown,prism_collection/GSE263524,prism_collection/GSE263524,added_dataset,,bIDXcf4AjtuA00br0000 | xmv3946E2vmnaTcM0000 | h1R84vpVueyEVbBL0000 | jqbk8Y0E5oiugNeF0000 | ZOoHYRHjNXUMT1cB0000 | 1SAbjfqldVhJcViG0000 | nX3r2tEdet7gLoJm0000 | TKYAOrzLNpZGbXw40000 | otFZJhhWYHTBRD770000 | hpasGptMrEqjCtPy0000 | Fii3XMUcMNFyBheD0000 | wkZ3aC7i9xanJcug0000 | bF2RhyCflXtq7miV0000 | ZfwatRMQ0h0vZxLF0000 | D1r5cEP9j01ji8WT0000 | e0q90KTIWXO1M2F40000 | a9RAB0DluLRErvlZ0000 | qfFV7jpzD5KqZZqu0000 | IbGGnIH16daTksiw0000 | oATO2dIo5qo0Sp1r0000 | 5n5LEgjAMQHw5TJG0000 | XJdCFgLKAX9Vudqc0000 | ViOdwOjufYTkDJsu0000 | 4Imd1ApfoLX9uHEL0000 | sokE4rueHKVbQ2Ce0000 | SPfbkgtxbJglYr7j0000 | paWXNVCqLgNixTG20000 | v4EozpvymrTkFsjf0000 | r9lIgZXpG879uKfX0000 | nuhUDc9HyiknnAAE0000 | tRjB4gVJEwECbD7W0000 | 1HpY3izfGFye4AQc0000 | GfOEwqcTzgmzvAzH0000 | yLsTikkGrJbiC0wd0000 | WxYN8JNF2DXiFGJC0000 | sqpkMVM6Bf9ImAxb0000 | ZYhmr6tFOodpxocD0000 | XGGpNdGCfaXD8TnK0000 | 1He1hyXEvwD9kIzs0000 | 6GmDJOvJAsGHot6D0000 | yZzpBhJZPHxBQmX30000 | K1SQAnENpa8xifIw0000 | h6lLJGPMID126XVS0000 | lLzHeCz9rKhNV7Ms0000 | SO2XLeRL2IkdLYJG0000 | vimbmLr8hCWi73eV0000 | ma4DfFD5BdMdfnHq0000 | HvXweOj7Z3E7M7d00000 | P6ZSPkVzTJRzL0Ir0000 | N5fta94zRlgewZsL0000 | Ta0NwUQmIT5LKsWS0000 | 4git0SZNfNtQZZNu0000 | O72d5nhF1sMTe5RI0000 | teQAFzWTHJjuCPg40000 | cQ0xRVJPtTgoade40000 | 6V87l6ZdsnS1WGSc0000 | pyozxJrQOQ2ubo1M0000 | 6AaCy7zShTPFSnDC0000 | GCqzCtFxvDydjqoX0000 | NddbZIURtrewifAG0000 | YIM6l92Xwm8xJeOk0000 | zgr3GWrvMYwqUSXJ0000 | UOZCAR8MiwL3EorF0000 | 1tnNmyCTCVBdO5Xc0000 | 0zXaKVFLTWD5gL7Q0000 | ZSQIRbEKK9S1WqEr0000 | CEjvTO4qu2hUq76T0000 | DRNL2rY0kc52Wd3q0000 | bkj2lNx2d4VHqJpN0000 | keMxSAWjro4yaQZ50000 | XXDet5PO4eLJYrPX0000 | fpuBI31JC0XYDCxl0000 | ZiiHpcBEE13Dri130000 | c6dqJXmgMg9LIusV0000 | 9CXdkQ6vPuvqWdhp0000 | Wu5uuccZSZM4TkrS0000 | 6c19SoUTz9UuMLLG0000 | JxlInOB7TPEyt7Ne0000 | sGHlMLnNtVJt6ZeG0000 | zhRTchbSReizhlIB0000 | c9k9LehE1GYlbOuY0000 | XvlsrgJbVUllSGax0000 | Wbw2XYnxydo3bufl0000 | aXivD2yUk32QU7GF0000 | 33zNsB4QQSKUqkfA0000 | ddYkRgnkzTRaM9k70000 | FOfZGZfujyBPCB5A0000 | 07wFSS2g8LPgAO560000 | CsYqXPZ0ih3UCTwJ0000 | abFMn6dEVNDu4ALP0000 | As3hkIkMJuZi1jKU0000 | YCkqNJtllfrlyRqu0000 | qddkxJhCTkVyAb5A0000 | RMiwwSfL3dFoUoFC0000 | vDMAgrSq6zYfJJdx0000 | FYxIWBWSagg4DdYq0000 | CHpsw2dJsLNKkVSf0000 | UPeWoRXB3zTG7gvY0000 | edlpM71lcHqmalZJ0000 | zUk9OW8c2sS3xloQ0000 | YdwBZN2H2ZZo1Xly0000 | I8D3OGyMQOG1kRDb0000 | QTdn77nCetls8e8Y0000 | o0mIBdztAmCkS1cP0000 | NOiPgnqFrYwmAykC0000 | LoKe8cDHugX3NQkD0000 | YYOfuQbc7NjZodme0000 | tvcRv9ipswBWQW1U0000 | bhGPLMLMrrJ3Lho60000 | qKttYIudTqHbJEVx0000 | jrBC70yURXrqbkYX0000 | 2zqrS0zQW9vMntcb0000 | OrTRXpU1LDk5CMqx0000 | JZiHREX4jrUewGBf0000 | fCtXzXLT8M5KWxYa0000 | s6iS5XrbsANyyYCs0000 | 4tDylwetmmaNKNL80000 | D3ZQsTwTDRuW818P0000 | ZS3G0NDW6Bpds6pe0000 | 16AMcRdb0wgIEPUD0000 | E2TG3LviPfxJP0jO0000 | BvDVtn95y3A2WsLr0000 | DSG0rBdeEyG9RlYR0000 | bZK4MYkvzMWZruje0000 | FAeKuTlJYqBgIXAw0000 | Cs18NqptbSA8blhy0000 | h6Op7HXsez21vvjb0000 | FzJTxIK3NwruNnr70000 | Sk91wmjmNdzC4GeB0000,jkobject-vs-main-v1@2026-07-11T23:11:48Z,jkobject_only,False,working_or_historical_not_in_canonical_cleaned_layout,True,True,True,unknown_requires_link_readback,False,False,False,False,catalog_record_requires_structural_readback,TODO.md accepted OBS=10/70 VAR=8/70 @ 2026-07-27
prism_collection/GSE263747,Lamin catalog working/historical,False,0,0,0 B,False,0,0,0 B,True,3,0,unknown,prism_collection/GSE263747,prism_collection/GSE263747,branch_revision,pert-gym/additions/20260621 | pert-gym/additions/20260624-tiny-tail-minimal | pert-gym/canonical/20260621 | pert-gym/canonical/20260624-shared-var | pert-gym/canonical/20260624-shared-var-alias | pert-gym/canonical/20260624-tiny-tail-minimal,sDTTjfAzLBytAyLM0000 | htq2idKCObpBNZ260000 | sDTTjfAzLBytAyLM0001,jkobject-vs-main-v1@2026-07-11T23:11:48Z,main_and_jkobject_with_jkobject_revision,False,working_or_historical_not_in_canonical_cleaned_layout,False,True,True,unknown_requires_link_readback,False,False,False,False,catalog_record_requires_structural_readback,TODO.md accepted OBS=10/70 VAR=8/70 @ 2026-07-27
prism_collection/GSE264667,Lamin catalog working/historical,False,0,0,0 B,False,0,0,0 B,True,248,0,unknown,prism_collection/GSE264667,prism_collection/GSE264667,branch_revision,pert-gym/additions/20260621 | pert-gym/additions/20260624-tiny-tail-minimal | pert-gym/canonical/20260621 | pert-gym/canonical/20260624-shared-var | pert-gym/canonical/20260624-shared-var-alias | pert-gym/canonical/20260624-tiny-tail-minimal,SUq9XvWhXealFZwu0000 | ligmAvGHJX9C7l3G0000 | SUq9XvWhXealFZwu0001 | ryH1WzdkUR1Vn6e00000 | P4Ia1oaEbfa6wJfE0000 | yNa2j4pNbUQpewo60000 | 8eGNTb7UsJiw3R0Z0000 | PjO4EoBNBxYYgZFR0000 | ppJ10NfXvHF5t5jP0000 | F3xVzcBHApxs2xOI0000 | Q2goAlUUzXdWu2y40000 | 7fNdYgAGZHo6bB7K0000 | lHJrFjLVK4whGxRJ0000 | 9xMYi2tflky86jOu0000 | UpDZ5jlHlmhJtzSr0000 | 28NSp00UbLIy6eY90000 | jyHKjh7auz4M4diI0000 | U8A1ThKeVaC02Lxb0000 | L5WRSyLNjZJkmAU20000 | fGxL0hkBlPmE9ZjP0000 | sjeqx73kGbvtXy9p0000 | nEAe5iiN7TRccdnb0000 | 4mx6gS7r9rYgmKJD0000 | qiadrHrmKXNWs40G0000 | qjMDVL40AaVriy7X0000 | LpvL5DTTotwzNytS0000 | mVVTz7WOnri1fbdO0000 | nT04GFwlT5ufbViK0000 | shGql7084C03fSqV0000 | 9YJOiabRLr2c4umP0000 | bybOVxAco8b1MZ820000 | ElhCbCUDMcGU26PR0000 | dul2DGadloH4rN9J0000 | P1SAqhW1oBzTkHcp0000 | cNydsPQOSvvaZDxo0000 | 048vZmeZ9GaUhXX10000 | hkSCLmSZG7M6H4Gz0000 | TB0SUpS0R4e5X8Le0000 | G3XTwAbbOrM9HkWa0000 | pveuFXmgSDf7Gs3Y0000 | YV2TQM8KjIjAfatk0000 | dwew0jl6REEh6Jjw0000 | AkCevwdFZHwcKsrc0000 | 91vSRjPVgrbtzmZT0000 | fiEnBZqJANc6Cnm20000 | yMyAJOlw9Yo3L8KT0000 | 4udShYStDJ1pCuse0000 | SeYDPcs2nGqx4Bht0000 | Xsr8CsueKNqn0dQa0000 | kjlFFCrfYEl2jEzr0000 | wp4YjBiMJBPyikiz0000 | UEwKmDnibRNBQ9b00000 | FspffFrNvwucI5jR0000 | oA7FJMumBHxGMxXc0000 | 0LjiUM311iiqbiOq0000 | pJf0hBdAtul7yf9l0000 | 17N11f0sHlJPZPSs0000 | 4wLbzF6BDK9eQyNO0000 | TSTcUt04FD2QsB2h0000 | XMrUJV9kRMasKKBB0000 | d6cokBPHZzEN71Gm0000 | uHxuauqR1HRDLOR50000 | 08g7Cl2GpInSrEoj0000 | YR5euVLaAHbsllts0000 | D2i9iBrX1rGbCqDh0000 | bpPdZ2I77HnXBXDI0000 | nYsveGke8crQYVgT0000 | EzzXWaaMoX4BWmjX0000 | OjefuCVDSwlL8XWD0000 | PcRTmbau75k5NeaZ0000 | T8LCsybA3knfIGop0000 | 279rOL55FvH2xePn0000 | P4NNjn7XCsjCaVjy0000 | PVytcZh1G19OTfCv0000 | ZmywcCO79WErLZRF0000 | mPzDj3JFg3sEF77j0000 | b4W9QFUVFXULYH9p0000 | 42GPaEI2esein7yh0000 | UoX0napYv8MWE29z0000 | cF2bstA2KKBXAMBy0000 | vAhS74RDbJQuJOgS0000 | 0ZkZXh8fpI5TN7TJ0000 | 9Gi8Rr7oYk5tky710000 | svsVltycSXE0QJ640000 | 8QiTfLYvr2e9Heje0000 | V9cLkciJDgdp2drk0000 | E1YopPQhuqAHHAOt0000 | xI8Xl7Uq1zNmtkl20000 | JnGt9d5TF11CsJw20000 | 1cLmWXIdKPcvErJN0000 | 44kz2BpWtbLBotIp0000 | lcUUbdaRH9uXVMFo0000 | iXj5j7KE40ubdsgL0000 | MZQP79M4lIHSAwsZ0000 | rw4L12N904H2TVXf0000 | jIRTLdtbalDIgzY00000 | vWD7fkP1l8aPc0uR0000 | Mb1PhHw3vwhGYBlw0000 | KGkgdEpn8VeXqkmy0000 | 4b5X788FpPx0xAWl0000 | tta2lYlm0IX9tEjU0000 | fhmGtnm6MmIsxvrV0000 | e1nIi6qN1kMPNRdM0000 | n3TAXAVCjcutmnoT0000 | 4DeYkeBizStPNTsH0000 | Jgrq55O5TBNdDiYN0000 | 13JCefksGFxSnmdH0000 | RbaCVmG5HjmScY1B0000 | wLWeqfC1OJq26Eb50000 | d80ddV6mw4h6281t0000 | JHdg0NQalYP3VR2u0000 | a2TshcbzuJi3f48D0000 | qWj8m6ocOM1F7N5t0000 | qwP7fb6dv2o4g0YV0000 | iW7aYz8CIgCUOZ770000 | QQgsMI4cCUxrCVMD0000 | ZVcMYq8qmjYV1qOP0000 | Q6ihHrAL61vMRERt0000 | dVkzEoCFWP8Zrt740000 | Ewzky41LDL0Z4zO40000 | UTuUQ7sVHjLcSp2o0000 | VaP5fiVF4NmRgul00000 | XCsMsdYeSQpsHcTE0000 | fjQv9SctmwE0dHkH0000 | 8rnfwqrW1b3sEOnl0000 | EpYINeIOdaIzXgzY0000 | 0J4hgqoN9gL2zisi0000 | YdHUcOZ41WrMTDUg0000 | 1vJjd1LsUlIqN6tC0000 | hgPevnrwlFGfQz0W0000 | 4juR1KRzBVIGXs770000 | UJiI6M1MFlU6AqYH0000 | og55ICmCu3Krd8p50000 | dVJk0RGXLUSRDh6z0000 | UgvaBuyj51uCwdry0000 | 9aKeiXInd9MCDO9i0000 | nHDuqNAdGSCIcrV70000 | QSAPNb9o5ntcaDzO0000 | YteWZHbWJUXJjRq40000 | o2H1kemd2EOX9ls70000 | X93naxK7Y5gfIenf0000 | sGdv8v3kXtckI4HD0000 | 3LHevPMbWjIysK5c0000 | 38iIeBmWooLvwD4x0000 | iu0Gz3ciA7bOFYII0000 | Tf0BUCvTcbOlcVKc0000 | DnAnWQf9Fy2AM6nv0000 | BgZssKLz0NIvDXJU0000 | nZfWyZvDmnCaPKYo0000 | 13Z4UYf5uLAQxSfZ0000 | GwqlK4YliOxjdIxv0000 | vrPjxYvj9ZrcNlbF0000 | mVoMoBMyZotqG46s0000 | Uz5lHrP8RWwifRHt0000 | yxHahmzeJKfk5KJq0000 | efo2to4u6q3YnW8E0000 | KKvZU3MWfdF0q67E0000 | sUiuOZHzCxOwv7N20000 | 0ep8oY3sVRV1EvK70000 | KjCe2pE0K5WPOBOq0000 | 0PJbrpVofW4hgR8A0000 | LMHckFXq9D0aMhga0000 | HFBd8tKi07VegivX0000 | gZeowFxHnu7TIyau0000 | t6oEaqSn9qyIfr120000 | BdL7ouag1SimNdeH0001 | SUq9XvWhXealFZwu0002 | ryH1WzdkUR1Vn6e00001 | yNa2j4pNbUQpewo60001 | PjO4EoBNBxYYgZFR0001 | F3xVzcBHApxs2xOI0001 | 7fNdYgAGZHo6bB7K0001 | 9xMYi2tflky86jOu0001 | 28NSp00UbLIy6eY90001 | U8A1ThKeVaC02Lxb0001 | fGxL0hkBlPmE9ZjP0001 | nEAe5iiN7TRccdnb0001 | qiadrHrmKXNWs40G0001 | LpvL5DTTotwzNytS0001 | nT04GFwlT5ufbViK0001 | 9YJOiabRLr2c4umP0001 | ElhCbCUDMcGU26PR0001 | P1SAqhW1oBzTkHcp0001 | 048vZmeZ9GaUhXX10001 | TB0SUpS0R4e5X8Le0001 | pveuFXmgSDf7Gs3Y0001 | dwew0jl6REEh6Jjw0001 | 91vSRjPVgrbtzmZT0001 | yMyAJOlw9Yo3L8KT0001 | SeYDPcs2nGqx4Bht0001 | kjlFFCrfYEl2jEzr0001 | UEwKmDnibRNBQ9b00001 | oA7FJMumBHxGMxXc0001 | pJf0hBdAtul7yf9l0001 | 4wLbzF6BDK9eQyNO0001 | XMrUJV9kRMasKKBB0001 | uHxuauqR1HRDLOR50001 | YR5euVLaAHbsllts0001 | bpPdZ2I77HnXBXDI0001 | EzzXWaaMoX4BWmjX0001 | PcRTmbau75k5NeaZ0001 | 279rOL55FvH2xePn0001 | PVytcZh1G19OTfCv0001 | mPzDj3JFg3sEF77j0001 | 42GPaEI2esein7yh0001 | cF2bstA2KKBXAMBy0001 | 0ZkZXh8fpI5TN7TJ0001 | svsVltycSXE0QJ640001 | V9cLkciJDgdp2drk0001 | xI8Xl7Uq1zNmtkl20001 | 1cLmWXIdKPcvErJN0001 | lcUUbdaRH9uXVMFo0001 | MZQP79M4lIHSAwsZ0001 | jIRTLdtbalDIgzY00001 | Mb1PhHw3vwhGYBlw0001 | 4b5X788FpPx0xAWl0001 | fhmGtnm6MmIsxvrV0001 | n3TAXAVCjcutmnoT0001 | Jgrq55O5TBNdDiYN0001 | RbaCVmG5HjmScY1B0001 | d80ddV6mw4h6281t0001 | a2TshcbzuJi3f48D0001 | qwP7fb6dv2o4g0YV0001 | QQgsMI4cCUxrCVMD0001 | Q6ihHrAL61vMRERt0001 | Ewzky41LDL0Z4zO40001 | VaP5fiVF4NmRgul00001 | fjQv9SctmwE0dHkH0001 | EpYINeIOdaIzXgzY0001 | YdHUcOZ41WrMTDUg0001 | hgPevnrwlFGfQz0W0001 | UJiI6M1MFlU6AqYH0001 | dVJk0RGXLUSRDh6z0001 | 9aKeiXInd9MCDO9i0001 | QSAPNb9o5ntcaDzO0001 | o2H1kemd2EOX9ls70001 | sGdv8v3kXtckI4HD0001 | 38iIeBmWooLvwD4x0001 | Tf0BUCvTcbOlcVKc0001 | BgZssKLz0NIvDXJU0001 | 13Z4UYf5uLAQxSfZ0001 | vrPjxYvj9ZrcNlbF0001 | Uz5lHrP8RWwifRHt0001 | efo2to4u6q3YnW8E0001 | sUiuOZHzCxOwv7N20001 | KjCe2pE0K5WPOBOq0001 | LMHckFXq9D0aMhga0001 | gZeowFxHnu7TIyau0001,jkobject-vs-main-v1@2026-07-11T23:11:48Z,main_and_jkobject_with_jkobject_revision,False,working_or_historical_not_in_canonical_cleaned_layout,True,True,True,unknown_requires_link_readback,False,False,False,False,catalog_record_requires_structural_readback,TODO.md accepted OBS=10/70 VAR=8/70 @ 2026-07-27
prism_collection/GSE267982,Lamin catalog working/historical,False,0,0,0 B,False,0,0,0 B,True,138,0,unknown,prism_collection/GSE267982,prism_collection/GSE267982,added_dataset,,JEEh3gSHC5ReMEbK0000 | jeiZfqmDWHgnbhry0000 | a3JEhonsUbSUCxig0000 | nhuhl56DqgbDiRnk0000 | wpXe5a4nPFO3itpU0000 | 4DvPeSGTHrKkJjNu0000 | qFWv1FkerEMjWCwM0000 | qvzvCr944mOEUfun0000 | affq2BimbMhYFzkB0000 | xpHaeAALlNYg1P6z0000 | Rk8nVQnV1mi1wl6S0000 | P6KSva7mH5wjZfYs0000 | aLYtCA6frkfV8bdv0000 | AdDf9VTFzPK90loB0000 | rQD7Z06olcgqIDYF0000 | HlvpkrY8DgdCnVEY0000 | qghxB9YexWf8n7AE0000 | dchlTjotEn5A3Slv0000 | PKlfVPSfHmehdzbA0000 | Bv5EjOvrgj5BRjMG0000 | sJ3cdOqrPtjTS5VG0000 | eort200q0R1gck3F0000 | vxw7QlCVtSWroSGg0000 | l6DjSF1uhXNaMQF20000 | Ep2IxRfiuho6jTsa0000 | GKtK1p93RAJO7Tfq0000 | i970JCKjLMnhXf3M0000 | ciGdlsE0NUOB7miG0000 | rIGsl3blEl5B0n6S0000 | stqpud9nF6Yeg4680000 | 9Aht3fBfRECSUJkz0000 | OSxEdtC6PFOq9rtH0000 | IxHrO5SjkOWftsIr0000 | dRLcwUChb9TKFPq10000 | tvWtKMxJH9pSzuXb0000 | 7VEcuZUXIkBXNh2a0000 | mTr1WDjnAERoI1Sv0000 | S6Vg2JD8dbkmYbjO0000 | 1iF14tUA30G0bRp50000 | fgrCMJyfMOd1Yqq40000 | 9p7Gk2BN58eoLQyz0000 | 18IM8GceRWIQuQ700000 | x54y8oMhRs6ah9J90000 | kbVeCTwqZPlLzZsO0000 | kAdu9v7d0akjXLt80000 | XWqoIXedG7d6bVWy0000 | im4meVz9KIdPkUP40000 | wV1SxH3JsIRHgaz60000 | N7zsAEfcokkzcKru0000 | cTIWMVJ2IhxLRlfm0000 | Vr32v9x56ZMyzaZk0000 | BaDnrHVeBvat76eq0000 | klYkxu6EjdNvT2kb0000 | GKi9h5WQpIdKqDja0000 | eeA3dAcfy3VLJUnB0000 | 0wckqhCRCWuBHnt20000 | 5HNv2NdQTyoHxBg60000 | uZSODitHBPUc9saY0000 | lverlvmdynMZz5GN0000 | PUYRTScvMCkfbs1E0000 | RXNGP9qR6XPNPqLC0000 | N62AOwcrKVN0Kvja0000 | FlH0RYRPwLO59Nld0000 | jXJwdpIxnkru1EUi0000 | Crm7yU7KOHlWpZvA0000 | 56h5f3QIfuE3hnkn0000 | iE3NOHNtp10Ttftw0000 | dF7ryxtK46eyaoAA0000 | 3uCYQzMRmgm7Q5le0000 | x124apz5aa0J5RG70000 | AXYaBr8Saw49AP2o0000 | TUQ4u2QAbHIit4Xi0000 | HF65D8bLmFXPGUDj0000 | JkK1b36vPJ6J5VQr0000 | Vt1nsHWQkagrMHYw0000 | ZaOCHNdjLPDKDazC0000 | 8cgoGsxpSpNs4nFG0000 | 3snSw6XMHp5cYTLd0000 | 347gAs9DWOOTQ8CT0000 | hSArLgOQZ24KLDLc0000 | QTfMX7jE4MJRseVd0000 | D6k8jh9gxHuffMfk0000 | HNcBfXzzOeiPmdES0000 | K4WBSDLyzD94r7RB0000 | hioMq42nKsvhhAEp0000 | QyDZGU1xiV81m1Kd0000 | M1pflulluC3fPERA0000 | lUjTjHNkbtOtIiPA0000 | QkfjKGfybE7YmDkW0000 | 6OLmCi9bIpl6UXFf0000 | dXpnd86X2Hyn4ly90000 | 16zqJ0OhGvMYNRh50000 | 5m5ZPMTqD7WfgRBO0000 | fiH6Tz1WHvE8a5Vy0000 | 5MIlzrgmVA3wEGs80000 | Izm7CmLizWnaNvrz0000 | RVVVpVX0t2OsnJT80000 | rbaKbzqxnRWlpvbc0000 | opf1FKmRTrXUt55q0000 | FVWluhZaWlHmWAuj0000 | wGOOgyG9SRkHPWhv0000 | 6U2CIxgn7sUQQJRH0000 | FFcJlT9MlPEjpQfH0000 | lQ6ytBEN7pI5xgIW0000 | 9czfZqZJTNoQ9Lt90000 | r4mMVBn5KTqXQYNO0000 | QUoOtQ7twcLXiLe10000 | frQ9rC0Sw71eY1ex0000 | EfOlHbE7JiVj7dGW0000 | JxTQnoz4opi2VHu30000 | ysY43E9ugbiBTr1d0000 | G58z7aqlPBnCwGs50000 | nx6E5WrZJSoKyoGL0000 | dgWcv3DzkT3gxbZf0000 | zzGyqCdDHDTZIBkI0000 | qAKFi0s3CFOSmfyn0000 | ENaOIMmRkrC9XTJv0000 | q5Di6pQ5SVGU31Wk0000 | BHRfNh51rxJmxT3r0000 | v37QJWUqPvL9YDGE0000 | Hlduf5XUThrTALpg0000 | EGfBtNLsc4G4EE3M0000 | hMJJRgjmDhsnAG2n0000 | R5J1v6W15PIBlaOp0000 | LOhwAhyAzKB9IDXv0000 | 8DQ5NOK2tSKmWxlX0000 | LbJTtNywpHTDvOQw0000 | rkj4eRMaI7nphfHT0000 | ZLrNB3YYfkrAD0ES0000 | sKyMk5aNKLeRT4K00000 | 10nv0XGBAzYffKGZ0000 | mDpfOsKIR8qtRs1M0000 | JSm4FfoAk78Ywi9n0000 | 6h58si7q5zov7V1O0000 | duYWtaIfQxgJX1AB0000 | apMVjXx8Fl4SQfbm0000 | sex192351jHxmkL70000 | eQ4mEKOwmEqdFQdc0000,jkobject-vs-main-v1@2026-07-11T23:11:48Z,jkobject_only,False,working_or_historical_not_in_canonical_cleaned_layout,True,True,True,unknown_requires_link_readback,False,False,False,False,catalog_record_requires_structural_readback,TODO.md accepted OBS=10/70 VAR=8/70 @ 2026-07-27
prism_collection/GSE269596,Lamin catalog working/historical,False,0,0,0 B,False,0,0,0 B,True,75,0,unknown,prism_collection/GSE269596,prism_collection/GSE269596,branch_revision,,bplFGb9hm6QAr6HA0000 | 4DlnP1ScM0x0fkUp0000 | sqey1zthSTqAGxuD0000 | XQIEkO77lHa2yOCK0000 | pGGQ4BTvFsjUyf280000 | 6DdFsAbUn2ME4z0N0000 | CkKezN5Klut0GeHS0000 | oCFncyFVI3628Yq20000 | hYjDdid3CuOELM1J0000 | ie9r2bnktaOu0wsU0000 | 7zNUQWJ7GO2swR5o0000 | OpPLsrGsdoUDdGni0000 | AGYDmltODlNYMMwL0000 | iWR4ZsPAwO5ciXV30000 | 8fGM1RhbDbMG7Z0p0000 | u5ispamIir7Fmgnn0000 | Xf538tRuYR7pNtYy0000 | 6LzkhQeYDy7IeRdk0000 | 1iOYEq7lWtxu63OJ0000 | tzaiQNCRhfzexiIP0000 | RE0XwdWyVZj72ph90000 | kY3VqfRFGJXpr6Nb0000 | iNRxEcXtEFz5enq60000 | oJGFGFdvwQfM4Vkh0000 | MBMmhtEdcWmhj2kI0000 | tTi4lFhcuhmVVvo40000 | a5wZmWD9HOWVYABM0000 | wQCrIvtvMbKuIm3Y0000 | HChoeVTZ6QtaBkt00000 | PyopKbOgwX2NAJ0b0000 | 49A9lkiP3EDVRvOX0000 | 5h26023NKCPO3ufG0000 | SSCKu6kkXBkHzyHo0000 | 3Zc32jyReMgMiSLL0000 | 3cTqyAmWTnq4wVCb0000 | IPmvRxN172QrzJBN0000 | Ze0XlrZ3njUJGLay0000 | aT204d4afUIPcl9v0000 | gdGQjLNWIEXVHYJH0000 | LajO8B1FP9M24CKh0000 | XJviLkvdY110sBHN0000 | XXxxvbLvRn4JVyvl0000 | W4mTktgPqgffT1hu0000 | 5BGwsht48OmdvWDk0000 | BgrwRUO09CRF9p2S0000 | Q0usVGsF7eLe3ynZ0000 | pBYUYS4xl603rI1z0000 | IPUIafyWF2JnqM9a0000 | QnB2Ar8e9WOBfGLx0000 | fYe8hkZYXpWlSoWd0000 | sCZRhSikR4CsTh150000 | mqSNDm7KIrvIrFYe0000 | 8HTKxo43NYUHbfGI0000 | MrQhgITTnlBOzRZ50000 | IJgKk7S0aDs7AaVM0000 | PuGBGY9468hAvHfk0000 | btfLrKDihmjSkrXX0000 | NfMTbKUgNSQXkHWV0000 | oJMarUPm4wpJ1gza0000 | FQZ3nvwUnpjx6PVc0000 | 7NK8OI6a9tvucZk70000 | 3TcX7sevc40joj6F0000 | nJYUlxalwYlA9QVk0000 | 7YaU9A2tZWPy198Y0000 | 8SQNYnxfMJuhIsVP0000 | 5vzzsXte2Mq1Uk9s0000 | ZZv6hq7L8pqCwWae0000 | iQxcmIjd9wXntP460000 | a0EZhQonecjzhu5S0000 | KKhnmS9kv9vu2wYE0000 | UbBcOr0th7zHknq30000 | MvF3QBQKONFCTNLc0000 | QeR2KsSDyZfMwZsq0000 | Ag0YGmTmexgZblaM0000 | PipEFlkdceMBTm5w0000,jkobject-vs-main-v1@2026-07-11T23:11:48Z,main_and_jkobject_with_jkobject_revision,False,working_or_historical_not_in_canonical_cleaned_layout,False,True,True,unknown_requires_link_readback,False,False,False,False,catalog_record_requires_structural_readback,TODO.md accepted OBS=10/70 VAR=8/70 @ 2026-07-27
prism_collection/GSE280767,Lamin catalog working/historical,False,0,0,0 B,False,0,0,0 B,True,741,0,unknown,prism_collection/GSE280767,prism_collection/GSE280767,added_dataset,,caRHeCqOxt3df9uZ0000 | DDbVIyrplpm84eax0000 | 3ug1ZTioQbWs1bw60000 | Cz6SCaf8dvhIxezQ0000 | PxIhaD0kqRIRzPp50000 | D0av4y2nzfzHC2Zl0000 | ppztJ05bTUMF4FOK0000 | tktpoSbFvkAiodCJ0000 | sm1dWCKklOaXfNml0000 | XMC5ucYfhYeKykeo0000 | Yqn3oKDbV7ejeWq10000 | c9hi19IGgFHsnY250000 | kYooT5xZOVsJGy3v0000 | 9vToU2ulxnj2cSJ90000 | bvP2qJyih2dE3CRc0000 | 4RGjRxkyk7Fxpozc0000 | PujfSS9LleXxaues0000 | dHTY4iPtlgwyYCac0000 | 3YiLC3l7KbNHBnIf0000 | IDmYyuTuQXBoagBU0000 | ppzU9GR47aoZ4sF10000 | WvaEOTDI7gakaB580000 | aXpgCHHqLHpoFDZR0000 | VplFyfdLaYqi3XHV0000 | kt6HKryrKxlRYZLX0000 | AkPa3HLrJCyGRJw00000 | Rk4uyUi6QxiyO2CY0000 | Ls3YVDDQ7s01Q7QL0000 | DvTP3JM4wu0B8hKA0000 | YJqM0pdL257o28gE0000 | FoEZRM0rkM76O3vh0000 | FFRcONzadUBn6sW50000 | OEWyEqqPo3BySPEg0000 | ra3jj7IOlLKE9MTv0000 | UoGBxYc8FokxD7Oy0000 | rx6d8JZbjNmDKeMK0000 | 6XNQspDvfRgVsXWY0000 | kQGI3IFlzWWco96m0000 | ZETSdb1qCq2qNqIV0000 | pldj5zQ2Bn3HKr820000 | 0K1XSUurHGeTN7Aj0000 | XgHAAAjYwsDX7pkQ0000 | HPFbhQ4UHswQ2dof0000 | 2G5GlC5WRwnpZZqi0000 | a5PDguEPJFFytByP0000 | FTVeqdKc3zFPJoQ10000 | ruazVTwjrtxA2VWL0000 | Fpa1hcA0cNeZ67hA0000 | vjxlbnavb17Ff66K0000 | SkoTiQZFVTq3XthQ0000 | DToWjhtj5lXeLSMi0000 | 3wbLYuUjDLkDetcQ0000 | sElRSIngrSpSoTKT0000 | aHr4YSmak8axjCgs0000 | 6kHOcogRywGHRVgc0000 | bkxdp4uqB9VxIGui0000 | aUW93bvRhdbCfzH70000 | jEQUV1jC2l3ZFAoD0000 | DUvNwjyden1Tynii0000 | 8NcUfPvrDyhbhm480000 | vOuNVAFRSTtQkr3D0000 | OwkLdT2U8tsoTXCH0000 | AH4hhW4mVxSUQ4xd0000 | wYXVtj6LSV6n66sb0000 | 6tOBrL3hV08fLg7x0000 | EN4A4fJHhzTMHbTs0000 | zPuPFZVPdkuDHEEb0000 | 4ErhnU3sta4zHLA70000 | C82L2uLVq2VScnuD0000 | H5qTwWxZXKcGi21U0000 | I7VJ1h7Wv2ElRwZl0000 | 1xSmYZk6v7ZSLKLI0000 | SHDSmC6bc8EaPwch0000 | Hl1JVAsEG8eoSRXV0000 | reHHsDAYYxpU9gyM0000 | b4cBD6XCTdPMxyR00000 | BauRtrMkpr1Faaqy0000 | rmpbkVZMb3j98ZUc0000 | CseJqAgaCbXZTm8r0000 | Gwfs1ypbZSvhSwr80000 | obiASzAxyZfeCTR50000 | mtYf2uZlz75vEnG40000 | WfcCL4WDes5gBJ2j0000 | y09YobrVy4HKZGCW0000 | FGn79QhKeO8o9yVC0000 | z9cu403p5XVtxOF60000 | az3OV1Mv3qFmFMRB0000 | K0A4IJWu4JKRxARi0000 | DyPlFPqOb9ixKRMt0000 | i5bdeGHQ4dz0olEh0000 | XSqQEkDSFE1gnPwk0000 | FvWohALoSGI75mmx0000 | CmyobfzrdWYcjPj90000 | gI12SO9IAyOZCOOp0000 | d910pAXKwWqHHP4Q0000 | i8ByqGmQcsj1HBVf0000 | AFUfnrxY56UlgJjn0000 | kYsYjglS6d7HKMvA0000 | LuWyUWAdOuaLTWbU0000 | eTKpb4bJS2I1asOg0000 | cylQcsaKygchCIPw0000 | 9RgpKP3QYHlIqYjy0000 | c1LxeuWIaH5doGZD0000 | 22RTmXMgWEukPSzC0000 | kwFrHNnbOfqQ2SIm0000 | f1Aw5HDjHnm6R1Cp0000 | hyUWIBrQdOvcod8v0000 | JXsB8ytjsmmDhI4u0000 | VynPJHOi4wg7X0L40000 | c4tcAR0SKWzIOC9C0000 | gWXYoBwMKQRMKJxm0000 | Tv4pUcpGvFkKe5LY0000 | KeTwlQhJaSGO9V1n0000 | mZ8pR1R61zOBhpUG0000 | ETdXsqJ7WWOtoPV20000 | 3DTMlfeNfMAPvdNb0000 | vGpqJskhw7vEwTqy0000 | r2VdWe8eXuNFLb170000 | jX2XqOrFKtPk2p0S0000 | A0M935ekJ56CCa7j0000 | IV68OPu5BVA0uN7X0000 | 3pZ57sO8ukbvnllN0000 | BjlHBcNHbEuOpeZb0000 | JZw2sZVsSvntdUYX0000 | gTk1y0yvhXMHVNit0000 | guKs3eibJkEY82wk0000 | oIzu9M8c4oIpmdbb0000 | 47LxjUBdv069X0Gr0000 | LZIQjlHJaOkkU9Yl0000 | sElagc1pyD6ql2nu0000 | 2DNpiZOR9EdEXhnw0000 | 7UsM34lMbcEleIyU0000 | 5UzpneYZIuZztkbI0000 | 3KWWrjQWD84vnPa20000 | gZdQw0CHUzFXLzvY0000 | gkhEy9J21WWTkbKw0000 | g81rH2XLYxZiDFju0000 | bKvdUjO00Z9yhtTd0000 | UDBIDlpxKebtyBA40000 | uBXgDK1s5D0FfBAX0000 | AebEMd1VWHathU7H0000 | z5AetVBGalG1VuaM0000 | yH1pVL49o9j60i0L0000 | HN9NAQGxyQ9M0Et60000 | Lp4NfkK2pcyyHm0p0000 | 2vSpSTw3vLMzMDhI0000 | iDj6XkOogT81Jp4k0000 | XQnfGEJRseyUyiqh0000 | 0Un1lf7JBj5pALgj0000 | GQ2ckScV2V5oHriN0000 | bIyjkM1XEVTIhhit0000 | herpN26U8sdsK2G00000 | tTodXyEid52h04Gp0000 | WQbJrJrAK3UjlpSG0000 | fHcJZ3FWc4zhvc5g0000 | KfZsq6WIcQ9gs5cY0000 | 4i2QVrJGA4dbxZ300000 | DjkU42tY16G0m88e0000 | E5f6fRgrZpg0hQxV0000 | l1wAp8cpU5EL4Dxv0000 | uFA3td8CQJapg7Bh0000 | b8QnZCEn67SG41fz0000 | 7UoPgKZWhJ0Zj0Eu0000 | XfNSt07Os6vg6Fo30000 | VbFOiWltpxAnEQq60000 | 6ZyO8vcIUndEkRiT0000 | i7xMm0xbdS75aP5X0000 | JR8HKBrBKn3hRNT10000 | rjnrJjVwmsGhxCEs0000 | fJkhG6fBebcLdK7f0000 | tfLb3qqNKhsvYpd30000 | MlFBrpAbNLRNDtt50000 | Z0lh2SIMENYkTmrG0000 | akRlvToXP7bHxCiv0000 | lt7qdlT62SB5NlYp0000 | 2JrZmZFKSC1US6ks0000 | EKkKaMAbWZBAzUWz0000 | Je0TcF9KjSNxTV8F0000 | D1MmYsIFdxTBlt1F0000 | FnpNjTFaNVMBM7z50000 | SwgYCfe0H2yNQAnE0000 | 6YgrsDYh2QDtKYBd0000 | f1LGR2tNLm9ybi9a0000 | AGF8SI1jN03Y9sxh0000 | eK44eU7QTlzetMDW0000 | s4pjt2AXo4dN8jEZ0000 | 0tDKXLE4TZqbThyc0000 | 43Ll8uME3eileDHY0000 | Q6QgVZKgopL07CbV0000 | n2M1G3wGGISmd6Wk0000 | 7j7sKb2n08Xq0rEE0000 | WmHumQcQRWMoTyMK0000 | 2r72Xug77lxCBT0M0000 | U1a33Ubb4o30OOQA0000 | mwd5vDgq7941LNd40000 | u0MCOhoYIZ7OvqWj0000 | IvrClGD8reuumrgz0000 | KR1cnwBQLGoDeJVb0000 | xmluThswF9Bvsx4U0000 | 6KdbGBViNv89uFZl0000 | rBlyzWt0L2caPqei0000 | 8fo3f9nJcEdYIHD80000 | Br49d6XRcmBDss8x0000 | zmEkU3IK9O3jGv6r0000 | Lx7zfCfnDO6M9BTW0000 | xTZhgfg6fOa8bDII0000 | 0W6Ud7oSTe8SQyPc0000 | 7wOHLAKVQYnSCSDd0000 | W1S7RZPFHIAuXHPY0000 | oONG6uGApCgYVR2u0000 | 1lY435un7UsOUSnR0000 | grTXmqLIHKvyR8MU0000 | bJtxl9r0in5ZPpb90000 | nhbj32ZBHJExfVFd0000 | ZiiTanCmMQOq7clZ0000 | 96OUVeTb5XZrrxTU0000 | gZl4q3HyFeHzMGm00000 | cH4WDdIHItLIkhTq0000 | 83Sg6QtPdyF15Qlq0000 | us5V4kFkbvAlZShn0000 | qA3dNptlUWMk6aQM0000 | KswsSQZ3eKsGFfef0000 | efx26jzyEOqK02y60000 | wXkfHKDzSc10UbTa0000 | q3iYmjJ4lI2qRiKY0000 | Xwc4KnoOC3DVf2sB0000 | 427pYeAhzaZv45KI0000 | duG7HD8xmkKLKIca0000 | vsi3w7gT7I5gm4ki0000 | 6oXKTTr5QE8p5yfD0000 | N0gLjD5HeTwnARDm0000 | 20D99CS8oq5Wxfex0000 | MLS8ykvrQrsTIYm20000 | Xjbb3fhjjHqc79gu0000 | o6j6GXbyq38EJ9bt0000 | 3leV4MKCJKnuHwGm0000 | H6YmqPPI72zvk1ie0000 | nZjmCJFcJhMZPWGS0000 | 2pb8UQg1toTmceXH0000 | HSXYfcDTejFCeEpK0000 | Pniyd5FIK6NxEM2I0000 | 3Dmy9wGpP0zOytON0000 | vlyRi3lIZol76IPN0000 | khWeH7vQfKti4fhk0000 | Ip3wCyKvUvKic96t0000 | s71zhArytutltbzJ0000 | WfhNCOAcCzPllNWH0000 | qMzI4Jzvl5dRo4rH0000 | 1lvOhd4pWFG91NSz0000 | jZDBHa5H1dhvV9pC0000 | tzHdrgO7FILTL84C0000 | IFSoDwc3iwiiHY8l0000 | i43VsFDkg9hTdbOs0000 | iqVQkXOt5BI3a5GM0000 | SV5RCNf38evRTsZm0000 | xzoCBkbysWwKkw9W0000 | EGVduCBWKVXbTWM80000 | GaG5uRp7QEBp1nGz0000 | mlJ8lV63oORzc5u80000 | HY9GgXX51x6kmRcg0000 | kI6d1ac6tz9U0xSf0000 | A7ZP3GTT5nwr8KNv0000 | RMArOin2aNxYakXt0000 | SmYJXNp5TZm3ztsx0000 | ucCDQoNOh4lwkQkv0000 | tsBe6gjEqe60cVpS0000 | fCXkSZy2oOgKdXEx0000 | IJU6hcHbxaOo5wO40000 | f9eJNEDavAIXyKsi0000 | df3jweFPSWUvMgMg0000 | kzM1j4nwcgoenuB50000 | ttuPdROF6ZyjBbkg0000 | JT0YURrbHP5iAovE0000 | bKfQuedQIkeSSBMZ0000 | Pg0psbZXGgCbt4WO0000 | ZyBil2VvlGLx1ZEk0000 | Be88c1Y87PzvFAKM0000 | RnQF9ciBKLYB7Wii0000 | jjJNYIoAyaWJVPlD0000 | 6GPLQm3pleqZJ6wz0000 | SDilaH68wl8rYqx60000 | Gh7YpjfiA57TE7gN0000 | HLP8gW7CzqFBECbw0000 | o2ZODbTDHX8b9xV30000 | K5YkjTOhecrhWcxJ0000 | 7mpiQOkjsmQZaidS0000 | FJmLGlJXyGWAXaUO0000 | GifBz43u4sLTW64m0000 | Zb4P3duPPs2J0iY70000 | M7vrjiNRS04GpJ6Y0000 | OzWxL9c9uWGyV2Sa0000 | vaD8TAuEc3Nb5Jmb0000 | xiBxqgnYLKyY4BIk0000 | cVQmZMeZANosUTju0000 | 0s3dHhY8ztuRxNeM0000 | AtvSGOUEwk737CsG0000 | eF0aFY6VdS6EHbur0000 | 9Iw6NWGNcRUyn67W0000 | fnxr9valt5PXH0x00000 | htI2KBeJIOhgwPNz0000 | UibFXuaiKeVGg2XN0000 | Ohza7rUj5WjConJP0000 | SjMfrPgl7adz5rAK0000 | pdnfoxTTxexJjavr0000 | NnsDo6sC5BdFwokU0000 | 9tzh6m6TyEpQFMnl0000 | g5d9qdyrWR7LU9C40000 | UvjpmTZsgr8tow0B0000 | OHh3d32HgNMYpouf0000 | fQJfV54Li81XGvNO0000 | iAO2Rx0jlsDqgGvs0000 | PcdZ11wLBm74JiLx0000 | 9jHO7MqdwSC4AHJR0000 | QWIkcVtwglnwLscX0000 | 7plUrw0QkVECYPV10000 | Kjyu5lRLnawajVMN0000 | oDJ62JD1TIRt92VP0000 | LdmTqO6C3vpsr05S0000 | FayW9ank5gbcwFRP0000 | St8JTvsNqQuVaJZc0000 | 9MCeBkvAC1cNN3qY0000 | dWb6UkdibhqpDE4f0000 | gx7ut44t0c6m8Qr60000 | d8R7iB8OtXI7eK6B0000 | ehByFhGGy2BytKYw0000 | zqmGWBz4heJysi3d0000 | lzjwXXFMgRSswd9K0000 | wEnRCsgqlf2FwIo40000 | HU3wMsVzg5JSeaOi0000 | K7TCZy5Unl64ZCgp0000 | AWnjeb620y3uPkIm0000 | ojuJSC0wMpEEKQoL0000 | uwn4qmxmQepOu09Q0000 | wZ8zQAO1HggXpOo40000 | 2ovRiOHhCLYhhZLa0000 | LSOz0gdzuOiHEBul0000 | 78odOQGReMPDEaAE0000 | 7ZTfv9x3iBqqnWn80000 | QfeQQDNTS29NVndu0000 | fsq8QgZWrOKQunR60000 | UhNoamfrmIdT4rwh0000 | BbXxmU41mRCG1xle0000 | TsZPYArmsLITifNM0000 | imy7RxGt7EhHc44Z0000 | BwASewO7iVZ7PsiT0000 | cNW4zxxMoLD91oQh0000 | cVmCyVALDEexetBU0000 | 4lcCLuBpFwHy3DrU0000 | pIPdXlYNbaFgcx130000 | f9FHRRZ075ZhOoXI0000 | r2AySoijU50Ap51q0000 | l9UWpXtzzC3iDKof0000 | IaWXcLMy3pUZ204K0000 | 7Oq5pejvIRml8Euu0000 | C8AjeaYaXXMSYbx90000 | lKwWe4XZFG0iSEZa0000 | o5vH9IJtaSeKQfDX0000 | udXTPYOaffVcZ4xc0000 | hHAf4zJLqt4dxeeY0000 | oI4JoaVZ54pIsMAc0000 | JgKMkaEAFCOEB1FK0000 | 3tdV9qG1ZQj5g92G0000 | mz7W4Nw6DlOGfQmv0000 | VuJpfvZeXOchWSW40000 | U61XP5cYHqubPQ8G0000 | MfBkXFXdvch4n6150000 | aBs4DOnHCVGaHSx60000 | VAxUzZgeoycizDXM0000 | 13rHCnpTk3ce1ca90000 | 58YyRURFstxnIUd60000 | uBReDZjAVPRdzhrP0000 | hr0x6rL0xowsl4Vv0000 | d9qctkeATJzjNHLj0000 | yFc9LluFysHe0pJC0000 | Hw7f8wgaeXRVNayd0000 | 7xKmAsMgPSzLLnvN0000 | SVEHzoY7mHcPXBO40000 | U8XAMMlAsjJAerQ90000 | 3LIOigUpYOHEPtzL0000 | EZ3M27CWI3NP5fOD0000 | eqTxq0ABbihHWBfr0000 | DQGJF6kZApzXGeaR0000 | OHnoyWKRhjUECnGX0000 | fA3DZT65vHJcIJZ20000 | HRQDOKJWOdlAsol10000 | FZ1514EdulSZRvt30000 | vOm0v7fY5WPeKf6t0000 | kYlBsKbaWR6XxetA0000 | AQaOnDUdOl69XPRG0000 | 8GmiSGY9K3Q5XjtR0000 | V0R2argv29yHspHE0000 | 4IiZXIbE2Q4dqI1v0000 | t8zOQk7Ve7QXs3r10000 | LHtOGZ6ts1vATKei0000 | 5xHmXiw5l0I0D8bD0000 | FTDnhVXOTG0lS01R0000 | UcLLjH4ySApII1MK0000 | bwfgkF0AoAj7jUB10000 | cWPseMqqW5U79dx20000 | fAwbIMIU9efrPL7q0000 | yIzaGvVSJMxN8qKx0000 | aQijZfvxfvMoZheJ0000 | lASpziikR0nJKcX20000 | RrvNMDtj1feZx6KN0000 | UwRfHWBHwWW47MOA0000 | 031zHdLTvnjye2w40000 | uKSXLaLBAliXHaUa0000 | zpOC4wZlLQIx27G90000 | x8KJHbLl0X1dsYTU0000 | Im2CnBu4yV10lRyx0000 | syjsR5J34ne43frs0000 | eqUVbkEYupoN7cgX0000 | tRlR47y3OSRDLvAX0000 | rxR1d0QqO4VFe9fB0000 | fNDqZRhy5iEIYCGJ0000 | CXctrd09iP0Fu5aE0000 | 3zxxA1hxShso7X2p0000 | Ofyhn9lmfgOWRs2d0000 | T2wdIl38JHlwzl6z0000 | z8tCUg4MZgv5veZ00000 | pzpkRTEiqbkxJ8VQ0000 | 2leIQvrY2DHlG1WR0000 | B7PpS8yK4CRfw4TK0000 | zySc4b9bg3Xs4ODB0000 | z5CQngm0m1Ny2iou0000 | jctxsEmsLaM9aDbf0000 | ljIC6aGJHCAUCPLt0000 | AjEX1oe8IHOpx7ht0000 | p6uWTPQFT0Z8HNY70000 | LwVVwIuZbPX5YIQY0000 | QEE3KuSHuAd0DxQz0000 | RlfH68SBh2Kq502I0000 | as8cQYGaqGxyr95W0000 | a7AazOSF4oJIW5bp0000 | JUahT774Z3uv1ni30000 | BqnfpUPdAhRea4SE0000 | kZ4okKUT9oVPFWfI0000 | 3ueOIdFHdHBzHxEQ0000 | 6RxJAlBRlxnUcPkn0000 | DnhLzlqXrRYnLGyK0000 | NuNuSE0Bz7LH1Bzl0000 | AsvRcNgDvaYtksva0000 | 7ZrxczP5DbPm2T0r0000 | yuKPa2X7SW02Sqnp0000 | OB6xAV2KrpMpeJCV0000 | xNMidoxFJtJM1jWF0000 | vWuy2CXQg5SDqROw0000 | Iy7TvLMqooPUDP9c0000 | Lj6BEPDCk54WqnG00000 | lOhzxyOGOjuJl8c70000 | AlltwxoeywmlnhOf0000 | p1xwVLASzzPRYKct0000 | TeZBKxZl6WJFRGAy0000 | bjcSVlvKqVLZf0vk0000 | ffNhDMRy5UBEh2D30000 | 2JWZoYF0e0onup5H0000 | LBhaRv7zGgqTO60E0000 | UMKJbgA00YFZKYT50000 | pR7mjI72avzorQRl0000 | 3BKn69tiQvxrZ6mP0000 | UYCYPW0M8HTEGcGQ0000 | Fw0HUjSVMqZ4FZfR0000 | AAzMLtQbHBqb9sd30000 | ZIrAdZTifJBo45gK0000 | xfiNMN1NZpz4MZrX0000 | AArb9MwksyHVMChc0000 | tCx16Wm4kjeN4h3l0000 | 1m62cbiSXkjIiDHd0000 | SG8nfcy66FILtro70000 | xu8reULEMdLcMepO0000 | XQIehqtddznQtvm10000 | WQUHJlHCf7jeU1N40000 | deW8hCY7pDKX8HC50000 | ZoarI3Qqq59XBhoq0000 | gKrlrvcpfylejnR50000 | HSJYkrzsKqX3dN7T0000 | earkBW21fJg7TzDS0000 | 31c7T8lhrUq1Hhzg0000 | dEfUca7BF2bJzUPz0000 | LhGAB04lf3pTfEwx0000 | w6znPFtp3tkSH8CA0000 | plb6iv7IwNI6fYJB0000 | ieXsyi5nO0eT0Nqw0000 | Q8gk7OjKjZ0rt6GU0000 | OtPhSt5oi4ZTfHk50000 | ZRRXTIyKiCBfML5x0000 | VZQBFPkSiOaKqpaT0000 | vKgHjmRwMw42YJph0000 | UZc8vBPdU3oQcjLY0000 | pwLr1cr3zv1bHQIu0000 | Ln1vkHumRmPgwbmQ0000 | iJcRbQTUHSnfLaiK0000 | pXALvhSzlVWBkGnU0000 | DcxMU9hkwnkBe72N0000 | h0YAGmkwwAhMsKtW0000 | TTuodAavJVFp7vhs0000 | cB29M4nOzAphLmTD0000 | MLHjLF37UCekX57G0000 | UJxSswDzSr09zKCf0000 | GJpBWs4ib127sCm80000 | RZ222Dqg1pzHmp4m0000 | f1B5SpLig38XG1XK0000 | pLRBL4FOP2jUJ1gI0000 | ZrqoCNlpsFduNZrG0000 | WBSnFHpCw86GuQTp0000 | O0hG3TjY1fDURDRQ0000 | LRGJJMdw2aCK6UHh0000 | raaWJtngQQIAdlmo0000 | svqNQ44jpYF5NSqq0000 | DnepYXJzflonIVbY0000 | 2MVT8kAuv4FThMzH0000 | hGfp5PCkz9yMH96o0000 | LO0QySR4gtvYc8600000 | coSegXoLphOQWmeA0000 | qrWqc1s7ZCpwujLL0000 | Eq36845dBFCVM7ar0000 | ykpMCamB0Sb4y3e20000 | 3UXP4FUBylp9dbWQ0000 | kYW3vQTIhl724TTs0000 | Eqyq1B6Zkli5MHAp0000 | dB9UcEDFQ804wnK00000 | X8bpMlVd0VwjHpmb0000 | nxlEH4VFS9S4wqNB0000 | QoZG2Mz4hQLAF8p40000 | KHu3AnxngMnwTWXw0000 | GmAk4NChKT2xyQys0000 | kwYlhMcu7C0k9vux0000 | YlJTUhNyZ8BcEYso0000 | TxK9VYepqFCuLL0C0000 | phACMvNlwS5Nd7Qb0000 | w5s8tnb9eZyM0zkI0000 | xE8JlKtA0gmUZpj50000 | Qg0OheAJHpvCKmZK0000 | 1klpN5g0q7fORti30000 | BupRdBcKHO4NE0H30000 | zifqTM7KiiHSaOad0000 | 0RZm7pJBJvlhP0Lr0000 | fmDDbjZuX6YZ1qz50000 | hbxkq8bQn2ElHYZg0000 | 6L0ozIKnrTmv9d7P0000 | rLerOASsSdGB4QZt0000 | YnOASeJpJhj6ASIQ0000 | 2Ip79IIFwOzxeFc00000 | skuKNbrGQhbUQPzU0000 | Sft1TkG6HwdcEZ5m0000 | tThUTzwUghV2Wfzm0000 | kMgDyaEJypQfIFge0000 | NrgkWUrKpQJ57CxZ0000 | voXydsbrjLZCnpmC0000 | UYq9WY46oW0T5iJ50000 | gxGpzLGRgvtu5yxz0000 | mM96AQSZgYaEZWA00000 | gU1S11Hvehbgpk260000 | XGv08jtQFORfbYZm0000 | qWrkZW0N5t2w0MTI0000 | G00Gw3XMwttPquFX0000 | 6pnfJfMKiH40Bp930000 | rjbe6qLSCNQAs3g90000 | LpcFcNl4GOjIe4YL0000 | X06XUHc39iddU0r60000 | vZa3fuYxIBrc2n3D0000 | vatjqmeqv4OIjSnH0000 | LU84oWUnK4wRGeBj0000 | NHSIQX7godU1VhSJ0000 | 9U9QKNKA3uar40Kc0000 | Ed1r5XW5f3xEjPMS0000 | g4YvzsyKVp6WVSN60000 | DhTNvaqeroE4qxqG0000 | mPvXdF2T73j1xtNO0000 | Ow3YwvYrFHyZqSNX0000 | e3CLBwF8rBm6FcGJ0000 | 9cPYkJSTWl31gBcb0000 | mEP8Wq8wEnrxaFST0000 | cPyjaDbcrJO8Sobx0000 | WjDs6dFRA4hg0lDW0000 | gp5wItXwumiGOZE10000 | 8vQxLcHXhxJ7IHtg0000 | iDdcKj1El43KNPDa0000 | Tx2WXtv8pTcACNpc0000 | XJaMku6rfTUtUYAg0000 | uVYHLuhFZJLsBp6v0000 | He1Eg4xRuhCImuFd0000 | 2OrKkhTWcbAo2nBD0000 | TCLOpfet0NZCBhky0000 | KtteTrDrt5EZKypI0000 | pQURyKK7el7i1Mvf0000 | Svzuqaw9RL4UqHT00000 | RwRZo8kzynZaWkwv0000 | WU04MpRBNB8Ork6y0000 | MmSUIjnHFvsFNywf0000 | XqYO35MuCj7RghlE0000 | P4zEStFtI9EF8akq0000 | Bf99TT5ny4RZDQED0000 | 4IFlrjYaawDeUXB10000 | 4d8v5crBTWem3xIV0000 | eF5WN70TbnOB6li20000 | SIHDNCXUIY3OhCnY0000 | r2WAAdxgpFJ49sFB0000 | mmIuMegu4NpKdWkK0000 | vN6frUZ8CJYfX97L0000 | Et3Gu2QU4co1sQ4m0000 | XOSaQtuKGu9MhUTS0000 | WUmpScWLiTnL3N3Q0000 | J2JamkgSJb5SHipf0000 | HUdL6zr54gLdIA4i0000 | trfS6Mg1oTHiotpF0000 | hhba36PphJtJAVI30000 | 08jdWQoXrNkJyD2U0000 | Eor2duiUPSZBE4Ce0000 | naEhxbL6HvRI7OQV0000 | LT5qvdIkvOquR32v0000 | a88pozhnoBetgqnM0000 | j9D0KKMVX60DXJqN0000 | 015Evg7Ke0jmVAwg0000 | 6OGN20oZGp4fmwdg0000 | UtRTLIj09IX92hbg0000 | zxrQW9g6ACTnfAH10000 | n7q7BSWxHnRHaRfq0000 | c64JxfFHPQ7IEbzx0000 | fe5jn1Vm49httRcO0000 | Z0DwvdrIsNSEVJE10000 | qvu1enJthginDX400000 | CaXeF2ztmzJ3tSyN0000 | S0znPrtFYhsJTSzb0000 | 1NcsHmxPk3W1oh7j0000 | koDXOsPLsAQKUkdS0000 | Fimul5IUfd294QUB0000 | 0f4W0LTOlosTNRTm0000 | ewAE63PkvBWBKPlW0000 | 2LHk5iaLGWjXhCDq0000 | IhQgiBWc64QyFZRS0000 | 8neOlLXk8X36jngL0000 | 8iZwADwjHpY1i63P0000 | oJnzYhwQuTMUMU6x0000 | 7IPejEdoP7Y5d3030000 | 1tektwGjGXXX5Gw00000 | GgwJCxKY7dxDhH1k0000 | 4X42OGCpir9L2BG60000 | CM1WaGgrYGzmehhE0000 | xQeCyyaRoCpOXZtk0000 | y17nBOn2nvRiJZ0V0000 | r51Uqox9f8vMhtwC0000 | iGdPdq22bJ0YUUfV0000 | pGBId03ef3ktDcj20000 | rUY225gK46aYxcOr0000 | hVm2aEy93m1AfHAq0000 | v81kKZvTjyGn0dOr0000 | NZ57iXdr14RHxjux0000 | DO6QXWSancw73UP60000 | RsVvTlXBC8ooBgMy0000 | hwCJs5gGeiw2jXmz0000 | oT6SgvfrJaiwJfTX0000 | tMLDtCooyswhb5tF0000 | uftJDlSWsQhV0Jbf0000 | 1S1ELK6dbL1YdFD70000 | jjY01ljjzJiCVGLQ0000 | utyE4RbNHcFdp7zT0000 | 7comRraDiqeCCkB40000 | rUHqHwrIwNhcShGN0000 | ewGJ3z1C5617YCvz0000 | q8q9PULF1PFdMqLm0000 | InU62kp7CXRx3OKp0000 | 6eyS9HDT65bHJ6hR0000 | e5GDnF8X56zC9aA30000 | L3vlpF9K86Qz6bd20000 | FkDLlky8nUba2H5R0000 | f434dnDjArVjwYKa0000 | mvdbd2NdEDzRYzRu0000 | si5bU52fpyCpFIgm0000 | uq8kRhrJNn8YJaOs0000 | m2Sosmkht58Yep300000 | jSk8B7hX4YhTeuJC0000 | w9lS7WDYHJIBpbrK0000 | hq8esArLSJ01HXrz0000 | KYsdufRAjWer5mn10000 | ouqKC6AS16zAzPNR0000 | m5ywsl5zHVfpM4wV0000 | r4dJLVHHolzMuI5I0000 | F9LuyND8FSjReEQi0000 | 6cudeTLiXKIkAiDa0000 | rGf7I4YJ5g3zaBK00000 | 3e8UqhjA5tB0Aikw0000 | HAvPzjc2jLbc4A2D0000 | YGOMmRkH1DCOFGZU0000 | w70HFGUylAYVhwk40000 | 2XIYCvnr8PRcikTP0000 | 7tkDoCEwfwVwdbao0000 | t0VyQ188AbPnb5jO0000 | RVSaa5O1nVJoeCgM0000 | mHrXoezZPeDxaoab0000 | PcI0GIUp74Yld8820000 | L1sjAkA6XZXHZ9Xi0000 | rIG72YLEcqkeYamV0000 | b4rQhDGNV17ifKI90000 | Y8KN9cBDuuZzrbGF0000 | SXIoKmYIUehQaFk20000 | NYUDN6QkNGbiyOBR0000 | XYe95EXXWGeI4Jox0000 | IUO7UQrEEpVObDhl0000 | pAsyrCL1DreoKax60000 | 6sL0oPmpqyOK07J20000 | 9fWqVUUKKhikRGKG0000 | z9361OvBbwlf2TuU0000 | kAjhMzwcLsn0vVo60000 | k4r47FTorZPmNL7o0000 | Z6Cq1FQTTpBMPrLv0000 | GPXbyKxo195xL8ec0000 | n80fcCFpmHt45yNc0000 | u3YIIjp9Bf5dPMh10000 | 8VMkZjBh3w14Ocjj0000 | jgWzKfTJCvolw6Qe0000 | s1zCY1BdsiGNF2yc0000 | 8vTC4WuIg0LzUa330000 | w3q918ItfQYL50NA0000 | S6kBewJtTcYhtWRY0000 | KM67lVrHQJNODqRH0000 | Ay7cMGXHtzUT8ZS60000 | 5I0sQKxzHJMYPdBj0000 | SgfBG2BviEQEJkOO0000 | AtIIrfGJ4CtI21hI0000 | 9RMZ6Uo8PdKNWuns0000 | hfxP4ngT0TWXOBtd0000 | kgZb6Rm3yECenc9h0000 | m6wraV7SbBx3Vg4Y0000 | LX4UcMEvj8H1dBSd0000 | EoL254qBl9lGc2Oy0000 | JNayhb4q1vqTfpGk0000 | zLDVD3LLwbxWg56p0000 | jrcdy59RFZHMa3de0000 | HIDchO5zHrfCrHGY0000 | uU9Ke8jgnq5ibjpr0000 | tx51cgDk61kmL3SY0000 | 4SCBaL2v2ahCcrBI0000 | UOrZrS4T1cAHCtPP0000 | 2wGebbQlEd3eWBJV0000 | tZoOJCT3tgIPganP0000 | Ojdu49hUuW1yu0qr0000 | u7cXJfTeqoGQU1280000 | 4X3kdpInaskJDrOk0000 | nOYhAIP5a38g2ciP0000 | 6wPGw3vppwfp2wNg0000,jkobject-vs-main-v1@2026-07-11T23:11:48Z,jkobject_only,False,working_or_historical_not_in_canonical_cleaned_layout,True,True,True,unknown_requires_link_readback,False,False,False,False,catalog_record_requires_structural_readback,TODO.md accepted OBS=10/70 VAR=8/70 @ 2026-07-27
prism_collection/GSE281048_TGFB_Perturb_seq,Lamin catalog working/historical,False,0,0,0 B,False,0,0,0 B,True,711,0,unknown,prism_collection/GSE281048_TGFB_Perturb_seq,prism_collection/GSE281048_TGFB_Perturb_seq,added_dataset,,GmoorGHQvIfeq5yL0000 | uAh4gYMPbN6X5Fx50000 | C7Shs8MY0Vr0SWx00000 | VpKmnvsY69qtuWbX0000 | WSca4WMForjIZkey0000 | s8ishnouNZVecSve0000 | DSPMTY3uOT0880KQ0000 | c1sHferWDXicImkT0000 | oXgMFy5u4E2gNI2N0000 | vCi7QEJhBsbE65jS0000 | VLDf6kSG7f9AjX7g0000 | aMZaSMoISxfaMDkH0000 | JC9yR4hbEqFbVsBx0000 | EBjJavFF7L0RbJnU0000 | jPeecLrz1IR7SdxY0000 | MyvdpPnzHYu1B97Q0000 | 9Nm9HiYAe7VvId5T0000 | 3tNaNm461fzkRZ9F0000 | 4xPj1BKtk6VQwvMH0000 | 8rLa39aIto2XDtCn0000 | CkdmONYnEPPR112A0000 | HEPaEivJ1CXCt8eW0000 | J0TT5EFbzRkQQ7Gq0000 | 6oSnx0lPhhFDoqGd0000 | tnPHDYM5BKA4aK5v0000 | sn877ETDMtnhH83I0000 | UcCbopVbxgF9NaG70000 | xMBSr6VuezbBmBsx0000 | lTBvqFYARRKrXc8J0000 | lDsWJ89bYZrStvfT0000 | tdAnRnlB30LMuoE70000 | v7u1NKvL5STsiSsD0000 | ek5V0ZgQzT2X8Bn40000 | nyWycP3dHS7wGQcX0000 | DzPHZOXOmLa63zdu0000 | F76RUZObwi8rEVvI0000 | StE7xk2qshQ4Sju40000 | BU3NwKHpP0bClBCP0000 | rUHrDVm7t4nEa6HI0000 | KQbt3ufu0m94BekG0000 | Eypdn1i1YmLXw5Ld0000 | Chp0ULh6XRxy5uCh0000 | kToPvXrmk4t11kA30000 | snFa832Uhefxs1A90000 | zoFaf6rBHeKMiFyh0000 | TN7cycCkPPIzxKwh0000 | 9zUZhFNuo7m1w4Ww0000 | HPcNtnvPWbkQenCU0000 | tVwoJIj1nwuUPna20000 | 3CIoqLtRmpbUp8Ud0000 | 6usmpIJCXgZF7Hze0000 | vTZlZzsJcJqDW9u80000 | yMMrth7nzAVvqzVs0000 | P1ZEBeeK1Cd2L3320000 | KQ0TmDSQrPIU2z0S0000 | 4qNrrAfFsnQdbaA30000 | igVZjxPU5aSjU18e0000 | 6zAEV9la1JDE8GkX0000 | gwKmi6s4WUt1ix600000 | ZkWFtQ8cwSMhqVoG0000 | upDdqjM9R6xXtbBt0000 | uXpjZOfAsPgKtRhO0000 | quGQHv2hg58D7UFu0000 | 2Ldd9lCvPNuhWk690000 | eZ73gBuoVqjb2lEt0000 | guWhVcRQDyt9jpdC0000 | vj1IcSnE9Y4pKDMm0000 | EzsQY4kMSTcQmUPY0000 | JrZhPO4ycJmh6ZzZ0000 | ZRymYAvXODOjqyJG0000 | oomM1DgzajCp42uj0000 | 5KedCBNvgtGeSeQ50000 | ra2oQcRaMHvgerlk0000 | U5PsfrLtkQOXToHz0000 | Sp3KozS7wxXtvsam0000 | IF6Jjpexndz5H2gh0000 | ib5I2qpAuJewFZDW0000 | 8SjbmqHZ2fh1e4Lk0000 | BeMeb2JPaNHSREg10000 | tapzaIxKJ6yQxQyk0000 | DZegczpeQBfjluA40000 | Q5bOUHSOZNBbehdI0000 | qdxdlHPPuO7H1w9E0000 | m3P8u27qnPFD7afO0000 | aPehCcItrpufsWy70000 | z4iM1LdT5Bxmxh4I0000 | YMztSH89lUs20q610000 | 01duoKCBERc6T1nD0000 | ZPgnnvINvq8TcvdP0000 | yDZBnLe3v6gQdJsi0000 | vwqonB7CPq9QnBbk0000 | QnSX1mY4qsWssRoN0000 | 2AxHpAnMRMERxAHy0000 | SlGWLfTfnwXv3qrr0000 | GeyAWD5TbzPhbHvQ0000 | iF0oDTVhyfuc3TPe0000 | VzKuAKjOM4vy9znY0000 | Q64tcuyoETN4L5k50000 | e7UPywfrAaobGskd0000 | hNuFvkSDxijttvHU0000 | MsHHXauF8FsZG5f70000 | nJSI0CVt7FSw61zs0000 | QnPMaRsfrcf736kN0000 | 1KFqWzF8uPb1QahF0000 | NbY2Y8NNGva4gAlI0000 | ewRnYBhxL3pWe5fm0000 | 2INBUgXoqL0PUac50000 | 7QdYec3JaDjhwtho0000 | VnvTJyQIKqXRSAhO0000 | sXgHOOQGTt0cciTg0000 | fdZuUfuzYj991FbH0000 | lSOPvtbrifVoXKGC0000 | bLKMNyK0itEjsCyD0000 | zf9i9shmB3hmuyov0000 | NYzz0C4TIsTfNk2f0000 | mtubmwPwuR0CwlAt0000 | XustQwVJaW1wRKbn0000 | 6vaH2XiVcwUS54Z10000 | e6ox9DUcbSDZJyNh0000 | jrMvRbswmzxYWPgP0000 | LxFLrQEaNvTPgsws0000 | DFQxm5HUGAfXNaz90000 | jOplvQfT5F7dTxAB0000 | Cohd5YRF7efF9x2z0000 | Xno2ILTfoUDHcczj0000 | gT8yjKU5Iulx2LBS0000 | yJQULVl8aKO9kRaE0000 | foeTK5k3MyCrWttR0000 | gYpp7W28FkdiaNEh0000 | OgaEOixJRrExRwwF0000 | DqW3qRpnSdyzIPVH0000 | xqwZEGR9VNNTTJW90000 | jgvKN8pWR3Bnn36w0000 | knXe6RSj7QROEBbg0000 | NdYjyi4gzKf9du9m0000 | HW8fqqUR87IxenII0000 | jQEBEgYMZlvxp9Bt0000 | NYc4v748qUHTYTmo0000 | Gg9lfgbMsaVo4snO0000 | ojOpu2jgOTXvyVDf0000 | xD9FX65bPHIIP7if0000 | Cn7cwKrO1aJFtqmX0000 | 5nl2SgxyMPSK3muS0000 | UWlLv6x517CwwCZs0000 | HAPyeah3K6lRpyjE0000 | 8UjuHuBiqkkSoJmI0000 | jXyqv9AjXYWdpxV40000 | DssJ5lC10PHYmnMk0000 | 7JNBnuA6p3iZJxUC0000 | hvQfVOyq4tgtS6XM0000 | jKX9oKlspIqkAJ3j0000 | ly64kCS4FolzCwXG0000 | tppTE2joodScBSKJ0000 | V8mTXkRItB2v6kQW0000 | 8PA2tJTYGf3aJCmP0000 | XeKg8nP93zPc37XS0000 | QrkhCgl570To8Lif0000 | 8r2pTZ1aKWA8vexu0000 | 8QM6P8HB3geLxwfj0000 | D37gQo9Uq354GoO70000 | Cz9BpPwxtjKCvsOL0000 | N8SG7sd41uRwfNsV0000 | USglB3q1M7tm42PL0000 | XA7A2apu7IzLHMUR0000 | JUn6Mvwyr56qlKZU0000 | eClTfRJ8SXNbl2JV0000 | 3fFwzz2zHvEiOZCY0000 | QRJm8dB9YI1GKOqc0000 | 8qucaACxOl5ndUDI0000 | dqvd8VYpZCsCbxsr0000 | pen1tf4uOKUSI10q0000 | mRb22ho5sIFNYrQD0000 | fmWxZyglaA2E4sHw0000 | MuyGLdF5N5td0hOp0000 | MSLIRVb1g8bTMpSG0000 | MYslXOItn8CHQ7lH0000 | oq1gRcEXcMRlENX80000 | 33YFIlN4fZPRnWUF0000 | 7au3bC1sec1FS72K0000 | qfCOBGZ6znKDMezN0000 | jA7HI7tgr6fxXXB60000 | dTFABrxosv89swQe0000 | C0s9tZp7ixSztdHD0000 | ACLC8HWefIBByvrU0000 | Mmo3nN21RsTTEjFM0000 | K7aFPQldhN1YX4TE0000 | e4vpIf3fnGhgDcEx0000 | UJ5Ra866Y4VA4FTE0000 | KEnHDLvKUSyrRt3B0000 | 12LcyF1oWfCG4dWA0000 | vJhiXISwPlu4zfkI0000 | BguJr0rY9j2NZ2Xz0000 | b32hd6w8efKMj60i0000 | cSSYZ32k5RPW3qlj0000 | tx0JlugLkNRaV1oV0000 | mvcQf5Vpwej09rb20000 | zZNOxR8e5EWjdwCG0000 | CaGG3TJPn2ovNH1O0000 | yKMJptvwCIvoDUp60000 | MsJHdBd7BrBsYcgD0000 | d7HbyU4hiA71fTh90000 | cKPKOpHzx9DSWXf90000 | dUkBRV111f2cDbSJ0000 | vLvt7aL4gHAxiliO0000 | YQupLMXwPkCtBe540000 | zZaddQt2RsMrrnAm0000 | 74JUBwJk8fAUfAMX0000 | 6z1nhUHGaTTZdImq0000 | knDkzLpDm1NjXqOy0000 | Cm93QLQj0jZLKUQb0000 | Lu84sdMErrKoeLdg0000 | XQiBxpOX31Fbvq1z0000 | hVcwhax39yQTdNWE0000 | 15DET0PKyk2kUk8B0000 | hSXQiLIC9BdgfNA50000 | IePZzMm2gZg1o26B0000 | BLxjYDzJeNvAdypP0000 | Xp5eyjnJ2qymcJcM0000 | KsXHsFQqnOhhnQNz0000 | LXHUKEr7WCVGMOPT0000 | M44BVcO19v3dimTe0000 | BDu7LQAjZ83nidxL0000 | NWvfQ1BldAT2Cmju0000 | BqdcCA4AhxxR4qy40000 | cz2kGB4RULYiRY4a0000 | K4miRZflW2BwOCCZ0000 | hqjzPwhJ8jKjETKe0000 | DxYCuKl0RURkz2B20000 | 8Ann1TOnwCXwjvkC0000 | mMsRJucsYvbbNIZ30000 | OVuIxiYQqrETGnxO0000 | ltOIlxtrJtrcU7gz0000 | HttEaM3HTdFm2qmY0000 | YKWq3M7gAupV9Xi30000 | 4XX4paLNg5o2HhFk0000 | s8e3dmUWLVej3G3A0000 | cQ3xgWVFIrQmy6Fo0000 | ts7dF4egn4msTeKk0000 | 87z0UTA3j55bh3Xb0000 | KaLJ4tyzYQVe24Lj0000 | SLIsjkcn1LrBwzmh0000 | vUAU8IPaEA79o3010000 | 1C1Qkc2yljlX97590000 | FIAfX6E0wzZoty6s0000 | MKeOJAG6SemvCEHP0000 | dBjC11dadLJiy5Tp0000 | NMF16ghQFG4uh0xO0000 | eWamhSUkgbSRweQk0000 | BwntIhfBVHbQUsyK0000 | v2mILW3MTwhp80fD0000 | 8Uwav3uTifXTFqB60000 | crh4VlpRdhZR7yeG0000 | I9IeeJdyP8N3jHr30000 | zNkh463vL9qRJUwY0000 | Kd1zahONlHpkVHR40000 | gFSstjgdzWmIvEXw0000 | AdeuhDBUslPaXZwf0000 | 4INuvwQ8EWXAOJZR0000 | RQnSkP2gG6Pyd5Oy0000 | L511eKGmU6ITf7Gb0000 | wwYSlPIeqjKEHPnv0000 | gdTrCA8WlbemO1PR0000 | YtJbz5ERHOYeMcp90000 | 3BdXKzlAlyc0JaNP0000 | 41GGCpvMlE4wuUBr0000 | K0SR3a6Kn1LWPCwy0000 | QuafPnaeiq7Ejjhj0000 | IUh3f8HO9cQZsNTS0000 | Mg9qiArvbD7JgD7o0000 | EObBFkZBBubw0jKE0000 | REpcqlr4EYpDHvti0000 | lufLD6dNyueDd25N0000 | kvFKK1n97AdDQ9Qu0000 | deZT3TAfo7TlWCsJ0000 | HFwCl39KTrpEIfkU0000 | DeawKn6dE4wZFB7m0000 | l9FapnPD6z0n861y0000 | czYEbYKIGJQY19hg0000 | 8hTNC6nihXhFjyzo0000 | a0Z86XBKK2jQhJk60000 | dTzUCc7nytP3orjt0000 | RmUFJKeOvf2rLgAN0000 | AysQysolIwA7eWJr0000 | GqkmgM0GhNNr1jLQ0000 | rB2BHz31DLVt53Y50000 | RJaSB96ygIpSEg2w0000 | 2ozK03AodK80l5a70000 | YS9ZlPvwLv5PqnYA0000 | N3bRwmOCNwxKgQKF0000 | 6KMKbnUjZ8KBkDjS0000 | cwayR33VIiuqJF8i0000 | wQBiybNlimhXgRn90000 | sn7tn5XVXh9upyh80000 | SqoL0oM8NoZU8LCx0000 | cnrq4MRB0wzdThWs0000 | 23IIPvf2VzqXwhlG0000 | ZAyg6YWZY8qtToGu0000 | mh3AEqtHxzTCBNvq0000 | a9CDE8fQlJDILYNF0000 | Toc5NxT4jOnnQrkx0000 | OqS8XkEvcwRGeKTu0000 | RSRq9mjzmQHCF8oU0000 | 0sx7uKUHrGch42510000 | 5dejJIw4bMQMEVVY0000 | sG484JhT60HFohd30000 | 1YofjDStqC3O93Na0000 | QJdqpodWvJROYzo00000 | 04X8pEA1A14ZhyOf0000 | hWr2Db9EpixDPlnI0000 | 3sGjc4oZZPiSwo2g0000 | IzOwbV9lbgntUfiz0000 | zzkXhiXfUSYuBCAG0000 | YP3uN5Hz822pK0Nw0000 | 3zOfmVQbUlUaiW340000 | c0A59wbSGe7GxYpA0000 | 5ZLmuGoZySyWYmkI0000 | ewNhQTo854vZiydt0000 | dvt9eTbnjxb0952G0000 | nvJqvJnmTIt5U47H0000 | SamJ0TTNKSaKpicO0000 | hYZhnSsArjq4bmZf0000 | toNKC8z8c58BMsyW0000 | yExCe5pCfvV3mK8F0000 | WnATg8kR14m1Xdff0000 | zZPOVhoWDo9Djxbx0000 | HBDwUGjs3OokinAd0000 | Y8Gd8rSR9OagrDM40000 | INwlY2q5tm9msUc30000 | JbyNhxn3VbcvmLNf0000 | nBTQCE45fq1gSqHO0000 | Ca84aNpd3cWc12P50000 | CpwEcrUSWn13ffFw0000 | WTUOa5lDR4qNQgp00000 | TogkUTRGE3SWYUy30000 | Lh4HNHgPQolXsAxB0000 | bHpi5B55S2p1e6gc0000 | jGLaVsCmxbs5pCGO0000 | SqVrxLhS6MQtFBy80000 | 03BQktbCMHNaJBvy0000 | pDpdBW5xF1yQnEnf0000 | WnyUFiXm9Q1wVqT50000 | 9SkvX63kns9DvVtj0000 | sOTu0Uvvjj4jhefW0000 | GFjMsaoihjWAYChc0000 | 4EKLevSjO8O98vqA0000 | aG1zmd4KodfQYxiS0000 | PuBPgNEfyYLuHpos0000 | QcaFzk2KuqjgS6OL0000 | lVBaZjv3egOjozyq0000 | aq2hemCdPowUKqsr0000 | 0IPNI3oQzkbvmtDh0000 | aArEW9w9fNlcF7LH0000 | yOL0lcpm3eJR8fwb0000 | l4m7LOdA8lNDGr8o0000 | sNMp3g1nZEWzAieF0000 | W60B6uQoNpPqZOy00000 | RBxTdimSoj0Q6xLZ0000 | 9JPefC2aupELpzwF0000 | N9MYzZUvZKOvTgvt0000 | 9CeuWgqpWlajO8Xv0000 | UbIOpTqNzkKO4mdS0000 | D5C2O5aUwSm7YySU0000 | ntPM8nIxaTSlJM0E0000 | Y0OP0hylaDoR63XI0000 | 5EWs0K8vTUg88eww0000 | gJFlv5meaAp01AjS0000 | FZ8TErX1Rd41jhO40000 | CYlHzGdPcgGgaR9K0000 | kPzT5jqHKIF5ePeq0000 | GcB18ZY0Gy3XUkTr0000 | nW0eCKWD2UwHnXJD0000 | GWfp0Y3o0Gsjcuy30000 | uUUdCG2VXSoNXy9P0000 | xZDLxAefDzpS6wd00000 | 0T1QUmxP58WExNrK0000 | LCEwhj2kBdctYL5A0000 | WNUMn8HwewQwRbFi0000 | MiPyf25bgAyZx0g30000 | Wohik5KwTOp206qD0000 | jEJga9emiZ5BxqgB0000 | JTYZjGlQUy9DLZmx0000 | paGrhj0C7vdDLVwt0000 | 0qatLHy5a1sp72qT0000 | 9t65fV5sqxfJSCcA0000 | FtxqhwSF94BdqsAs0000 | mlu5JIFvayX3b98l0000 | f1WerLTZjw6UDbvL0000 | VAL7cwGOiCCpmGnJ0000 | C0uEFKXOqRMOz3nZ0000 | eMnRh5OgoanyseGf0000 | rFG5Lgc5dwjTF02h0000 | xRs1Obr5t7se5fRe0000 | IGATvTJVSIh35R7M0000 | hh8Qf79TdhD6yUBA0000 | onHYNkE77aFgRiY60000 | idwHJgGUNO0NHNDy0000 | AwSm640caVrAwqlY0000 | LYmYKJaDOzaV33Cb0000 | i5LgTiqb9QuxarVz0000 | ErODFtg4eU04EAdd0000 | lWJURx5qWB73EXzL0000 | cmw7FHOcTx8BNjkO0000 | ZqmBpamjrR4TtCMw0000 | eHHWLlWr8TK3HXFz0000 | iIPRcJnlCgzGMxwa0000 | kR9i5cXL2e0nUUjd0000 | Gr7nnXSpGeJ63o6u0000 | 5w9OVGWFvwlA07Tj0000 | WZ6Vh1rRNPVWwzSG0000 | fOm8E9cqJRJuwH0m0000 | tlUSlN3DZeWdkTbG0000 | 2wj0PIo4AuTjvq710000 | lQKeEdvfF26Gn5IK0000 | yRC3nyCGOnBSKrs00000 | zsNVBI8sEpkUMuBy0000 | DD2bsz4BC6Mkb0Kd0000 | L34qEdb5TvrAqkO20000 | eyifigPkX4AQMYS40000 | Qr1nT7UOMFjG1cZP0000 | MtZgx4nc5JHn4RRC0000 | xwGPWWypvVBcAgMz0000 | 5nPrISEZRQvxjbet0000 | 3oUtr2Y2ssTaFaNo0000 | xUq1YmSaEMU4XDI30000 | 31Gwro4XyOIO9Emy0000 | 42pxVOFCysmc99ri0000 | HHmIvwOZqNBpFnNB0000 | LmbimCzwjR6oEa0o0000 | Y0i9Kx5zxY90tROV0000 | 3LWGiZXLx6O3xLS80000 | HhS9KJzmYMHmgbwG0000 | yf8KwSdX3CM9uBc10000 | fccAHHvwQsB7BCp30000 | Ktud3NNtHS2xKC9a0000 | btr9Bx9HxgnbLHis0000 | 61WAxG7QxBvufFES0000 | V0rS0Vz8M2oaECMM0000 | XHtSGHpdyRfYC5LI0000 | IIDhDW3sNvkJHkbz0000 | IV5VJsa4Z9Ou78oq0000 | P5HQPckCAAVoStZV0000 | ll8t08ynVcxgzT440000 | vNN4u9VWglxJPyVk0000 | KzzYKY5ta0zBncwC0000 | y2G1HF7gpbx2Jh8S0000 | V3PQHCHjKErUEJ6d0000 | sjbCKWzYJBeVBp7p0000 | WHkJe4m1GDkmuUAU0000 | G7qBSRqxOJISR52u0000 | 6URGjDDUoKpYxZOj0000 | uspnJaV2VID5PR6b0000 | juocjIsEqdrSrdZ20000 | 97gICG6gwm9xXDNr0000 | WP2dD5oJc1AFmtWs0000 | yuZu60w84fubRT3l0000 | qhmjOtHU5BDp5q100000 | o1O2ikVhrbpPKKjF0000 | 0tBeYqJttPSs8uM30000 | fu0gneQHPMnGwW6d0000 | ZoqLuTKqfKH8URUY0000 | frTSKtfd5U8zQxRf0000 | LDWeQlnhndrdlx7J0000 | kkI4uAI9FjBLJyp20000 | e3PnKFocFYpoeKtf0000 | OFOV7ckB8X9LRRZS0000 | xOFSLqCasTmFxVli0000 | YxHylktDTlL2TkR20000 | wKHzAo6lGcxanyt90000 | zZI9jBPersNGHQ9K0000 | YXeyXepENsmeJCCQ0000 | MH6XgEwOQn86ZQqE0000 | Jb3HniHPJ9csKBJ20000 | uu7JEydRfPF07Z240000 | bH2X8J2IdKD5kIkW0000 | FvSwkZglIoTC2Zyb0000 | S7ZOyMEiNcaLBGSV0000 | aZ0MhOeixXkuOnnm0000 | k2hx4PF1VkUu6qv50000 | fEc6Z7fQA0aYuY9M0000 | 01Z1lSXh2LAxsPTt0000 | N0NHJCibiQk7aMXG0000 | zAvVeLRRLmot83Ho0000 | bGvKWvDaTv0mh71E0000 | sTfsLYR7ep6Aeqpy0000 | TzbJgQu64zRHYmk40000 | k1PrVFrvGsfu8esg0000 | NHJMRKMTU1R9g3rH0000 | Cr9CoHkwcQ30o71w0000 | JEzk5q2kVZgpJuHt0000 | qAHQYNzL6BRTrkE60000 | Ow759dGjWlXwq5fn0000 | vJnqO9vhwUooGIqy0000 | TlUGT2VGcxo09Akp0000 | aFO5rTpWbAKBqNKo0000 | VsF9PeYjBo1vijxl0000 | N2W3iil0qeRtJeNr0000 | 1KLlkcmPzjoOVLq10000 | XlFugix56aZbeS0R0000 | TqgUhDO7xNSwIA0A0000 | Jyh0vx8v4nhbsgd00000 | GBv0kfzhbtciBEGm0000 | YmdC1JsqDJkYtA8d0000 | WxNp8SCLzCqxP4D80000 | bGcXAOCt30Kvf8Ye0000 | EKQMiJQLZETtMoGq0000 | Vt7g4U474l662Ow60000 | rhQxqF1z5VTNenAT0000 | lzrG7M1AS7ScQuEA0000 | qMgSSkHD7Wnir0uF0000 | UI5TO2ia2PCjcHCK0000 | wvyAJq5tDRMl7THH0000 | Cw2TJMk55ljod16H0000 | kNQD6D9Y3yXCVeiK0000 | 6emotfWMpA55Lm670000 | X3W4kNvRTwdipF260000 | QojIYSj1puTEAft60000 | fP4IbADzdWfU8Gj60000 | CKbW3m8LJ5txZ9hl0000 | JwZbNgcS32wa2wh30000 | G2GeU3utbHA2R0pS0000 | cttWBqIGQSAV8khg0000 | 2agz065NdIU6eUoT0000 | Evxma2VdJqGvOTG80000 | 565HH7zGty33C0uv0000 | 41up4ghEfaTm6RPm0000 | GPAoSnNnw2UJiTJa0000 | LgxaMJaQ1y7Bvl670000 | Kk94U1b5SvmLuIfT0000 | GciXWwBlLV6F6pDl0000 | PfuKJNfvu0EG9urV0000 | AixhDMR1zXfU0vnR0000 | LMXQDPXlzVNk5hrg0000 | 6uYOx2Al0Ouyfuh40000 | wYyUCaN2Mm7uCwNW0000 | CrYi0yB2uG5wOt7q0000 | EuLzCn637N9980gZ0000 | Q18PxA1p3SPs6kLG0000 | Wgfy0xsMEK0EAoOt0000 | ey7eN7MFykXuQ81c0000 | W0ET2hBrfyJhoXkf0000 | 90vq1jHQ9N31wl500000 | MZqX065VEEKRzsZA0000 | hmuDj06WNa8riRmY0000 | jU0XUGkzcp3rgbyY0000 | SNmgWEYU2JJMxlz70000 | xFRlelGwDDmswhLA0000 | owdhYHFBF5LTgXcI0000 | iZ4fGkwkhgvqtCSh0000 | bdj5cUkOHmOCmJR50000 | dSCaG0wlFSzzGqKj0000 | 1qXcQgEBvneLzeto0000 | ECWU8tOH8M1K7ewq0000 | u7JxVHJiCFA9nRuK0000 | IBsJGhqVbhLPWxNX0000 | FfoQurYKPslpt8vN0000 | SzDybALXaRn0D9lp0000 | yDayNg9u8XwDmmNR0000 | c8UTQKB6HSvxY7lA0000 | FX4FwwvtIkM7rvga0000 | qHz5U30iYR8ZnTaw0000 | X8vee5sQsL58Bv5q0000 | e1NdKQetXj3AbIFe0000 | pwYQFawETgg4mNpp0000 | gFlIT2y5JS9dbXt50000 | B9VJNHE2VxpWbD430000 | 1vNaBB1YLLmB2mEW0000 | FzBMCcKUUTlJIj2M0000 | c83fBJk4kSl7Fb340000 | 6e7XBxdrioEHGJCw0000 | aon3QaVw5rJiSgOM0000 | zj8IxqxyovsTMh0A0000 | DrUsEwbuunMP9XUT0000 | 5xhicMps4Vptvq4J0000 | goNQUjTX1leZmCFS0000 | iqLWtczfecJmyHBw0000 | jcJqlVjEzjNhEQG70000 | CVLx5roxZ9SRHE0H0000 | 8bmxiG5CkKLapBtm0000 | 6Ru5DbJ4McIq9EXP0000 | sK0knlU1GYPrUBUN0000 | PZM9rRuPS6hOqjwj0000 | QEdyrMH990uakOu70000 | ZOAGI66LwO07fp6W0000 | 2CH7yV58Cc1YTmsI0000 | OMMj48LNEeiKaTcL0000 | X5lIYUrS2WHduoL50000 | SndMkTdm9DW2kV340000 | 7UgHbNckBOp6bCc40000 | 0ucf9M0tybKhUinx0000 | bpOT7yN8Rzzn4JU10000 | BVrPcve4VA8eqS4V0000 | RedEbUjmQR0T2dKQ0000 | h6o8m0jPg31KRs4m0000 | 59H4GQIhW73kSXa80000 | AHf5jYlPWGIcmmjk0000 | jWtQ62LhVjHSVmRw0000 | Eo67tSYdBo5gnHNF0000 | VTXpU1IDpYkZnOJf0000 | ucJIPpxwNQsKJ9Na0000 | tPyIoo2ARHwlzzTq0000 | XluHXizqzKPhlRKh0000 | RtwomIEzfweDpNzY0000 | epe61wvzqSdbnbne0000 | U6wHeNnaupUr3aK80000 | TNoBEulcVwKNKzB10000 | sPdRbAZDHZmmbAc50000 | QeXd9s2y2jm5cE4s0000 | Kfj7coRthU10fAJc0000 | eoRb7rIvk8MCRIv50000 | UWKLIsMv94bKzC4H0000 | irjWxdsXSPkgseNx0000 | Ks3eqBAVV4JGQHKE0000 | Ra7Oq7SGOsBQCM8X0000 | 2Z0cmChGbdEnltG80000 | qg0jhk9plkjebiaJ0000 | INWyQq2EFRQWBDen0000 | 09CtbXYzv26mDB3O0000 | k2ztuJyD31eSRpYN0000 | zXMdIicSJbHjFY100000 | oTKfvp1F4qP3vDi40000 | YH40SrBs6QCFLge60000 | J2Ae5AxDqX5CXPtI0000 | UykwXPHKA2isuoyC0000 | kypotCh1p3dzUKui0000 | Xzbu5JGsBBlnCRi40000 | Ij2ehTT3IczHVxmi0000 | OoYEmknydtRMuptO0000 | hUx7QW43ZdTEPEuA0000 | RklhIpX27VL0xfle0000 | 0IKgygjIDw7jmCeW0000 | bUOvN6VnAO0InLe30000 | loPIhqtZdq5JU7KW0000 | qvyKNB2Pq1mAM7Ou0000 | Gn5p6YR07vvaLDL00000 | JHC8c8IZqvi6GkRH0000 | 1Wm09NO3b5VlzGY40000 | 4J05OPGwKsfAikQf0000 | wL4pU8EgEpMfVV5M0000 | XDn51tob75GwH4Yj0000 | v8abfrp3C9weCOS60000 | ZqvtJsCD2gjr74SF0000 | 2XromviOLcA5TH3c0000 | jBKgiPdKyifyTT1P0000 | kPZse6q7yW5A0b4Y0000 | Ua2WL0F03xXMHxys0000 | oYEcQL5YPrtZTQO60000 | Ewuxg6ydumUtn6ml0000 | BzjfJuaJil4sOR030000 | 2bu8Woz4IErZ5BUx0000 | 0A3xqtWKSbzuwQC40000 | HGlXGBzlEreRA8SG0000 | js0bTznTnd8v8Aba0000 | BbKAkg2jzeEErxJ50000 | It9glkvNtYJkD8cY0000 | Nggx0xDGpkhEB31q0000 | IBSlxuihBQRSYqT20000 | TGQ09ecHtxe3Rqza0000 | 19GYmjTOqjC13itE0000 | BOgMM1KqVzqFQ2pz0000 | nOJ3lAH1TOTRk9Av0000 | e0FN3Lb4JVTaIRrD0000 | eIi03ZEAHqZnAvZz0000 | 4qcPGTjg2fKA75LR0000 | GNOku3kaNC9IEax50000 | 0re9uqxVzI91HnnY0000 | qlXruOCYpGXDDb9h0000 | BK49gpW1dzZItPwJ0000 | HroP7lGWqQrcF2Gd0000 | 0xMKnfsedW5EZYYI0000 | aCqL1nNaQ0yLFXN60000 | 5OIndUgPKjPJUywT0000 | z32bb9zrcGY1AD6f0000 | o8dxmFyllkJzvRfh0000 | CI6W4Z51rld2vuOF0000 | C9LPVh2SidYVQHLZ0000 | kpPei70dVI5lpGOS0000 | KJmooQg80HfD78B80000 | 3vfpshrDxOM1jYOR0000 | iRMDj0E1x6FRXCpt0000 | ts7UezPMR3jY0aQu0000 | 9PWFTn1rvRQ6mGDv0000 | imxRrN6VXDwm2bUH0000 | rLqsn6fwLFwSmpjt0000 | wzsorFENvnQRfzMY0000 | xBDrLbgOLSTPU3pg0000 | hlHMUhn08Q5duESj0000 | Q4xAI1OUNYA5YoBt0000 | PwTtJpUj67N6kG9C0000 | gAQnTRxuwEMclIwv0000 | tIav4NcYkQLNaOyf0000 | Epk2trWzUhv56X3Q0000 | HGx27vUolwW55dzA0000 | vdRbX1iBClKhiu7t0000 | hOjh8UhOplQTtz3s0000 | NfzqL5hBFs6nkXJR0000 | ahR1R7yKwt2Gjlen0000 | h01S1oybmVnPk3Uc0000 | hZ7Ojvh3EedCCQGl0000 | pLnPolx7XeQR9vPw0000 | pKwPjYWBJoSTpT1P0000 | vIk8qBROkH0p2tFF0000 | oJxbZ0SuDl6glGWG0000 | r7TjRrA91Kr07W2H0000 | 2PiXiBmSYkntlhJO0000 | nVCMzjlgIyv885m60000 | 1vKJmRVedTCwTwYz0000 | PHwnGX5mjVIlmdX70000 | bnm3JpI7oLNIu5Vx0000 | i3Tgtc16TmrDgSsX0000 | ekKlZ5XNCoR1mxpT0000 | AmmicslxGfyEqfPD0000,jkobject-vs-main-v1@2026-07-11T23:11:48Z,jkobject_only,False,working_or_historical_not_in_canonical_cleaned_layout,True,True,True,unknown_requires_link_readback,False,False,False,False,catalog_record_requires_structural_readback,TODO.md accepted OBS=10/70 VAR=8/70 @ 2026-07-27
prism_collection/GSE283614,Lamin catalog working/historical,False,0,0,0 B,False,0,0,0 B,True,39,0,unknown,prism_collection/GSE283614,prism_collection/GSE283614,added_dataset,,nDEnQ1Mu5SWYEm4l0000 | UtvMpFuYCOQWI2dV0000 | rtNlEunZ6Cum2vB60000 | iTI6apDmp19GJMrG0000 | Vcl85kaX46AJff7O0000 | yieJwGiE71jGYMlZ0000 | 8ywv9K8V65AnYUI60000 | 9bhxsv9YF1TOMKv40000 | PCbKOlVtdKlPE06q0000 | Uk8HE3nK44xDSGkp0000 | qUW90V34SHhFTT7L0000 | wWQTxHpuvBPeZvGc0000 | J5fSpFSva1mWFATL0000 | S8ePh55TiOMAPY4K0000 | 4lybCwsqvd1DYc230000 | iJArkGRyQvmV4wkI0000 | K1ViHjR4kSS9ILih0000 | WvXws9IUoVUMWUAq0000 | Rt7smvxXEYDVbaKz0000 | LyT521wyoKaWaHtN0000 | ksMeLxhRHum0w3oy0000 | H0GjqAofkwYLG8zi0000 | LLGJZGBVWNkXPAI30000 | QyKOWg20YdEods3q0000 | 33KhIU3Z03m5iPug0000 | ve3xaJ7A2NHdkZhU0000 | 4HcQEfkmPpO7kdyp0000 | 4SOpu86z4Bg6zocJ0000 | EFK24jpIRatwOiMN0000 | F3tjQFwpQJZFwtuQ0000 | pghxO1aFSOLQRybF0000 | tQbYH9ei3pp26qjc0000 | UuivsJUb7EZ25xa40000 | EMBbaKrGOLSqeE1h0000 | 3v0n110xISM6kyBS0000 | KRDXJM76TJ6DmWAP0000 | 39NgrW4eCfz1R0gY0000 | 6hXUcHlNDJyoGyxK0000 | NGSCkLPlzs2GGFh10000,jkobject-vs-main-v1@2026-07-11T23:11:48Z,jkobject_only,False,working_or_historical_not_in_canonical_cleaned_layout,True,True,True,unknown_requires_link_readback,False,False,False,False,catalog_record_requires_structural_readback,TODO.md accepted OBS=10/70 VAR=8/70 @ 2026-07-27
prism_collection/GSE90063_mouse,Lamin catalog working/historical,False,0,0,0 B,False,0,0,0 B,True,3,0,unknown,prism_collection/GSE90063_mouse,prism_collection/GSE90063_mouse,branch_revision,pert-gym/additions/20260621 | pert-gym/additions/20260624-tiny-tail-minimal | pert-gym/canonical/20260621 | pert-gym/canonical/20260624-shared-var | pert-gym/canonical/20260624-shared-var-alias | pert-gym/canonical/20260624-tiny-tail-minimal,XlPda1kuyPxWSZVr0000 | AVzQjvGFSXtJZkjB0000 | XlPda1kuyPxWSZVr0001,jkobject-vs-main-v1@2026-07-11T23:11:48Z,main_and_jkobject_with_jkobject_revision,False,working_or_historical_not_in_canonical_cleaned_layout,False,True,True,unknown_requires_link_readback,False,False,False,False,catalog_record_requires_structural_readback,TODO.md accepted OBS=10/70 VAR=8/70 @ 2026-07-27
rxrx19a,raw,True,2,1483759172,1.38 GB,False,0,0,0 B,False,0,0,0 B,,,,,,,not_established_by_branch_delta_snapshot,False,no_canonical_lamin_evidence,False,False,False,not_applicable_or_unknown,False,False,False,False,not_structurally_done,TODO.md accepted OBS=10/70 VAR=8/70 @ 2026-07-27
sanger_dualguide_crc,raw + Lamin catalog working/historical,True,1,1153775580,1.07 GB,False,0,0,0 B,True,3,0,0 B,sanger_dualguide_crc,sanger_dualguide_crc,branch_revision,pert-gym/additions/20260621 | pert-gym/additions/20260624-tiny-tail-minimal | pert-gym/canonical/20260621 | pert-gym/canonical/20260624-shared-var | pert-gym/canonical/20260624-shared-var-alias | pert-gym/canonical/20260624-tiny-tail-minimal,O8kU82xrzfY7oR5s0000 | O8kU82xrzfY7oR5s0001 | O8kU82xrzfY7oR5s0002,jkobject-vs-main-v1@2026-07-11T23:11:48Z,main_and_jkobject_with_jkobject_revision,False,working_or_historical_not_in_canonical_cleaned_layout,False,True,True,unknown_requires_link_readback,False,False,False,False,catalog_record_requires_structural_readback,TODO.md accepted OBS=10/70 VAR=8/70 @ 2026-07-27
sanger_gdsc1,Lamin catalog working/historical,False,0,0,0 B,False,0,0,0 B,True,3,0,unknown,sanger_gdsc1,sanger_gdsc1,branch_revision,pert-gym/additions/20260621 | pert-gym/additions/20260624-tiny-tail-minimal | pert-gym/canonical/20260621 | pert-gym/canonical/20260624-shared-var | pert-gym/canonical/20260624-shared-var-alias | pert-gym/canonical/20260624-tiny-tail-minimal,nLNxKDfjjALYP6Ga0000 | nLNxKDfjjALYP6Ga0001 | nLNxKDfjjALYP6Ga0002,jkobject-vs-main-v1@2026-07-11T23:11:48Z,main_and_jkobject_with_jkobject_revision,False,working_or_historical_not_in_canonical_cleaned_layout,False,True,True,unknown_requires_link_readback,False,False,False,False,catalog_record_requires_structural_readback,TODO.md accepted OBS=10/70 VAR=8/70 @ 2026-07-27
sanger_gdsc2,Lamin catalog working/historical,False,0,0,0 B,False,0,0,0 B,True,3,0,unknown,sanger_gdsc2,sanger_gdsc2,branch_revision,pert-gym/additions/20260621 | pert-gym/additions/20260624-tiny-tail-minimal | pert-gym/canonical/20260621 | pert-gym/canonical/20260624-shared-var | pert-gym/canonical/20260624-shared-var-alias | pert-gym/canonical/20260624-tiny-tail-minimal,5Yr6dUZmPLAc56IV0000 | 5Yr6dUZmPLAc56IV0001 | 5Yr6dUZmPLAc56IV0002,jkobject-vs-main-v1@2026-07-11T23:11:48Z,main_and_jkobject_with_jkobject_revision,False,working_or_historical_not_in_canonical_cleaned_layout,False,True,True,unknown_requires_link_readback,False,False,False,False,catalog_record_requires_structural_readback,TODO.md accepted OBS=10/70 VAR=8/70 @ 2026-07-27
sanger_score,raw + Lamin catalog working/historical,True,1,198873260,189.66 MB,False,0,0,0 B,True,6,0,0 B,sanger_score,sanger_score,branch_revision,pert-gym/additions/20260621 | pert-gym/additions/20260624-tiny-tail-minimal | pert-gym/canonical/20260621 | pert-gym/canonical/20260624-shared-var | pert-gym/canonical/20260624-shared-var-alias | pert-gym/canonical/20260624-tiny-tail-minimal,2LizFDobdiflPEs90000 | sYxSUWFtfqu9chVd0000 | AcTddnuL1Wbn2wIm0000 | AcTddnuL1Wbn2wIm0001 | 2LizFDobdiflPEs90001 | 2LizFDobdiflPEs90002,jkobject-vs-main-v1@2026-07-11T23:11:48Z,main_and_jkobject_with_jkobject_revision,False,working_or_historical_not_in_canonical_cleaned_layout,True,True,True,unknown_requires_link_readback,False,False,False,False,catalog_record_requires_structural_readback,TODO.md accepted OBS=10/70 VAR=8/70 @ 2026-07-27
SchiebingerLander2019,Lamin catalog working/historical,False,0,0,0 B,False,0,0,0 B,True,3,0,unknown,SchiebingerLander2019,SchiebingerLander2019,branch_revision,pert-gym/additions/20260621 | pert-gym/additions/20260624-tiny-tail-minimal | pert-gym/canonical/20260621 | pert-gym/canonical/20260624-shared-var | pert-gym/canonical/20260624-shared-var-alias | pert-gym/canonical/20260624-tiny-tail-minimal,trSdGyVkTDn5ZkaY0000 | cw0Kr6j7qVyrDBP10000 | trSdGyVkTDn5ZkaY0001,jkobject-vs-main-v1@2026-07-11T23:11:48Z,main_and_jkobject_with_jkobject_revision,False,working_or_historical_not_in_canonical_cleaned_layout,False,True,True,accepted_revision_link_readback,True,True,True,True,complete_obs_var_structure_accepted,TODO.md accepted OBS=10/70 VAR=8/70 @ 2026-07-27
SCP1467,raw + cleaned + Lamin catalog working/historical,True,4,152971853,145.89 MB,True,4,7187394,6.85 MB,True,3,0,0 B,temporal_pretraining/scp1467_drosophila_embryonic_heart,temporal_pretraining/scp1467_drosophila_embryonic_heart,added_dataset,,b3LS4u34vrEaW2kF0000 | 9F9TD7KVelh7TCNA0000 | fdlYcQB2TU3tdiQO0000,jkobject-vs-main-v1@2026-07-11T23:11:48Z,jkobject_only,False,working_or_historical_not_in_canonical_cleaned_layout,True,True,True,single_triplet_not_chunked,True,False,False,False,structurally_done_scientific_review_pending,TODO.md accepted OBS=10/70 VAR=8/70 @ 2026-07-27
SCP1469,raw,True,3,327317988,312.15 MB,False,0,0,0 B,False,0,0,0 B,,,,,,,not_established_by_branch_delta_snapshot,False,no_canonical_lamin_evidence,False,False,False,not_applicable_or_unknown,False,False,False,False,not_structurally_done,TODO.md accepted OBS=10/70 VAR=8/70 @ 2026-07-27
SCP1549,raw,True,5,454531069,433.47 MB,False,0,0,0 B,False,0,0,0 B,,,,,,,not_established_by_branch_delta_snapshot,False,no_canonical_lamin_evidence,False,False,False,not_applicable_or_unknown,False,False,False,False,not_structurally_done,TODO.md accepted OBS=10/70 VAR=8/70 @ 2026-07-27
SCP1570,raw,True,83,2602039225,2.42 GB,False,0,0,0 B,False,0,0,0 B,,,,,,,not_established_by_branch_delta_snapshot,False,no_canonical_lamin_evidence,False,False,False,not_applicable_or_unknown,False,False,False,False,not_structurally_done,TODO.md accepted OBS=10/70 VAR=8/70 @ 2026-07-27
SCP162,raw,True,2,145615667,138.87 MB,False,0,0,0 B,False,0,0,0 B,,,,,,,not_established_by_branch_delta_snapshot,False,no_canonical_lamin_evidence,False,False,False,not_applicable_or_unknown,False,False,False,False,not_structurally_done,TODO.md accepted OBS=10/70 VAR=8/70 @ 2026-07-27
SCP1674,raw,True,2,13040161,12.44 MB,False,0,0,0 B,False,0,0,0 B,,,,,,,not_established_by_branch_delta_snapshot,False,no_canonical_lamin_evidence,False,False,False,not_applicable_or_unknown,False,False,False,False,not_structurally_done,TODO.md accepted OBS=10/70 VAR=8/70 @ 2026-07-27
SCP1846,raw,True,3,7296071471,6.79 GB,False,0,0,0 B,False,0,0,0 B,,,,,,,not_established_by_branch_delta_snapshot,False,no_canonical_lamin_evidence,False,False,False,not_applicable_or_unknown,False,False,False,False,not_structurally_done,TODO.md accepted OBS=10/70 VAR=8/70 @ 2026-07-27
SCP1973,raw,True,2,22149690,21.12 MB,False,0,0,0 B,False,0,0,0 B,,,,,,,not_established_by_branch_delta_snapshot,False,no_canonical_lamin_evidence,False,False,False,not_applicable_or_unknown,False,False,False,False,not_structurally_done,TODO.md accepted OBS=10/70 VAR=8/70 @ 2026-07-27
SCP211,raw,True,32,16354541339,15.23 GB,False,0,0,0 B,False,0,0,0 B,,,,,,,not_established_by_branch_delta_snapshot,False,no_canonical_lamin_evidence,False,False,False,not_applicable_or_unknown,False,False,False,False,not_structurally_done,TODO.md accepted OBS=10/70 VAR=8/70 @ 2026-07-27
SCP282,raw,True,20,8435121410,7.86 GB,False,0,0,0 B,False,0,0,0 B,,,,,,,not_established_by_branch_delta_snapshot,False,no_canonical_lamin_evidence,False,False,False,not_applicable_or_unknown,False,False,False,False,not_structurally_done,TODO.md accepted OBS=10/70 VAR=8/70 @ 2026-07-27
SCP3301,raw,True,5,616131912,587.59 MB,False,0,0,0 B,False,0,0,0 B,,,,,,,not_established_by_branch_delta_snapshot,False,no_canonical_lamin_evidence,False,False,False,not_applicable_or_unknown,False,False,False,False,not_structurally_done,TODO.md accepted OBS=10/70 VAR=8/70 @ 2026-07-27
SCP422,cleaned,False,0,0,0 B,True,4,55007767,52.46 MB,False,0,0,0 B,,,,,,,not_established_by_branch_delta_snapshot,False,no_canonical_lamin_evidence,True,True,True,single_triplet_not_chunked,True,False,False,False,structurally_done_scientific_review_pending,TODO.md accepted OBS=10/70 VAR=8/70 @ 2026-07-27
SCP454,raw,True,3,2112922510,1.97 GB,False,0,0,0 B,False,0,0,0 B,,,,,,,not_established_by_branch_delta_snapshot,False,no_canonical_lamin_evidence,False,False,False,not_applicable_or_unknown,False,False,False,False,not_structurally_done,TODO.md accepted OBS=10/70 VAR=8/70 @ 2026-07-27
SCP489,cleaned,False,0,0,0 B,True,4,77322188,73.74 MB,False,0,0,0 B,,,,,,,not_established_by_branch_delta_snapshot,False,no_canonical_lamin_evidence,True,True,True,single_triplet_not_chunked,True,False,False,False,structurally_done_scientific_review_pending,TODO.md accepted OBS=10/70 VAR=8/70 @ 2026-07-27
SCP499,raw + cleaned,True,4,40619742,38.74 MB,True,4,18310870,17.46 MB,False,0,0,0 B,,,,,,,not_established_by_branch_delta_snapshot,False,no_canonical_lamin_evidence,True,True,True,single_triplet_not_chunked,True,False,False,False,structurally_done_scientific_review_pending,TODO.md accepted OBS=10/70 VAR=8/70 @ 2026-07-27
SCP500,cleaned,False,0,0,0 B,True,4,126598464,120.73 MB,False,0,0,0 B,,,,,,,not_established_by_branch_delta_snapshot,False,no_canonical_lamin_evidence,True,True,True,single_triplet_not_chunked,True,False,False,False,structurally_done_scientific_review_pending,TODO.md accepted OBS=10/70 VAR=8/70 @ 2026-07-27
SCP667,raw,True,4,187203363,178.53 MB,False,0,0,0 B,False,0,0,0 B,,,,,,,not_established_by_branch_delta_snapshot,False,no_canonical_lamin_evidence,False,False,False,not_applicable_or_unknown,False,False,False,False,not_structurally_done,TODO.md accepted OBS=10/70 VAR=8/70 @ 2026-07-27
scperturb/adamson16_GSM2406675_10X001,Lamin catalog working/historical,False,0,0,0 B,False,0,0,0 B,True,2,0,unknown,scperturb/adamson16_GSM2406675_10X001,scperturb/adamson16,branch_revision,,2j6j7JDLkLjoRLm90001 | DpXjkZY6NCnsQ1L60001,jkobject-vs-main-v1@2026-07-11T23:11:48Z,main_and_jkobject_with_jkobject_revision,False,working_or_historical_not_in_canonical_cleaned_layout,False,True,True,accepted_revision_link_readback,True,True,True,True,complete_obs_var_structure_accepted,TODO.md accepted OBS=10/70 VAR=8/70 @ 2026-07-27
scperturb/adamson16_GSM2406677_10X005,Lamin catalog working/historical,False,0,0,0 B,False,0,0,0 B,True,2,0,unknown,scperturb/adamson16_GSM2406677_10X005,scperturb/adamson16,branch_revision,,wn8ozyDwXEXob7mF0001 | TuT6kabcWUTNlDw60002,jkobject-vs-main-v1@2026-07-11T23:11:48Z,main_and_jkobject_with_jkobject_revision,False,working_or_historical_not_in_canonical_cleaned_layout,False,True,True,accepted_revision_link_readback,True,True,True,True,complete_obs_var_structure_accepted,TODO.md accepted OBS=10/70 VAR=8/70 @ 2026-07-27
scperturb/adamson16_GSM2406681_10X010,Lamin catalog working/historical,False,0,0,0 B,False,0,0,0 B,True,2,0,unknown,scperturb/adamson16_GSM2406681_10X010,scperturb/adamson16,branch_revision,,5By6mLARgeYAEThC0001 | g4YM4QQh80HYmpde0001,jkobject-vs-main-v1@2026-07-11T23:11:48Z,main_and_jkobject_with_jkobject_revision,False,working_or_historical_not_in_canonical_cleaned_layout,False,True,True,accepted_revision_link_readback,True,True,True,True,complete_obs_var_structure_accepted,TODO.md accepted OBS=10/70 VAR=8/70 @ 2026-07-27
scperturb/aissa21,Lamin catalog working/historical,False,0,0,0 B,False,0,0,0 B,True,2,0,unknown,scperturb/aissa21,scperturb/aissa21,branch_revision,,dOW2BM7zHg2RTn8L0001 | Ft5nvmAl5El29VMV0002,jkobject-vs-main-v1@2026-07-11T23:11:48Z,main_and_jkobject_with_jkobject_revision,False,working_or_historical_not_in_canonical_cleaned_layout,False,True,True,unknown_requires_link_readback,False,False,False,False,catalog_record_requires_structural_readback,TODO.md accepted OBS=10/70 VAR=8/70 @ 2026-07-27
scperturb/chang22,Lamin catalog working/historical,False,0,0,0 B,False,0,0,0 B,True,2,0,unknown,scperturb/chang22,scperturb/chang22,branch_revision,,at5XiaeeKMALElpj0001 | ue1GWkOr29VoRN5R0001,jkobject-vs-main-v1@2026-07-11T23:11:48Z,main_and_jkobject_with_jkobject_revision,False,working_or_historical_not_in_canonical_cleaned_layout,False,True,True,accepted_revision_link_readback,True,True,True,True,complete_obs_var_structure_accepted,TODO.md accepted OBS=10/70 VAR=8/70 @ 2026-07-27
scperturb/datlinger17,Lamin catalog working/historical,False,0,0,0 B,False,0,0,0 B,True,2,0,unknown,scperturb/datlinger17,scperturb/datlinger17,branch_revision,,AYnivbGN3JCRzkN70001 | sitiyL4128YBC8BS0001,jkobject-vs-main-v1@2026-07-11T23:11:48Z,main_and_jkobject_with_jkobject_revision,False,working_or_historical_not_in_canonical_cleaned_layout,False,True,True,accepted_revision_link_readback,True,True,True,True,complete_obs_var_structure_accepted,TODO.md accepted OBS=10/70 VAR=8/70 @ 2026-07-27
scperturb/datlinger21,Lamin catalog working/historical,False,0,0,0 B,False,0,0,0 B,True,2,0,unknown,scperturb/datlinger21,scperturb/datlinger21,branch_revision,,96rLvg9zPTaC7yJA0001 | 23oQED6ZWTOGZdRV0001,jkobject-vs-main-v1@2026-07-11T23:11:48Z,main_and_jkobject_with_jkobject_revision,False,working_or_historical_not_in_canonical_cleaned_layout,False,True,True,unknown_requires_link_readback,False,False,False,False,catalog_record_requires_structural_readback,TODO.md accepted OBS=10/70 VAR=8/70 @ 2026-07-27
scperturb/dixit16_K562_TFs_13_days,Lamin catalog working/historical,False,0,0,0 B,False,0,0,0 B,True,2,0,unknown,scperturb/dixit16_K562_TFs_13_days,scperturb/dixit16_K562_TFs_13_days,branch_revision,,TPyFHdmI8oYUTdQj0001 | 0QoLFhF4WCQFhOmR0001,jkobject-vs-main-v1@2026-07-11T23:11:48Z,main_and_jkobject_with_jkobject_revision,False,working_or_historical_not_in_canonical_cleaned_layout,False,True,True,unknown_requires_link_readback,False,False,False,False,catalog_record_requires_structural_readback,TODO.md accepted OBS=10/70 VAR=8/70 @ 2026-07-27
scperturb/dixit16_K562_TFs_7_days,Lamin catalog working/historical,False,0,0,0 B,False,0,0,0 B,True,2,0,unknown,scperturb/dixit16_K562_TFs_7_days,scperturb/dixit16_K562_TFs_7_days,branch_revision,,yt55M4d4DYyowBI30001 | s7LwilrLRIShKRC50001,jkobject-vs-main-v1@2026-07-11T23:11:48Z,main_and_jkobject_with_jkobject_revision,False,working_or_historical_not_in_canonical_cleaned_layout,False,True,True,unknown_requires_link_readback,False,False,False,False,catalog_record_requires_structural_readback,TODO.md accepted OBS=10/70 VAR=8/70 @ 2026-07-27
scperturb/dixit16_K562_TFs_High_MOI,Lamin catalog working/historical,False,0,0,0 B,False,0,0,0 B,True,2,0,unknown,scperturb/dixit16_K562_TFs_High_MOI,scperturb/dixit16_K562_TFs_High_MOI,branch_revision,,q7dmvnTrWccCj9AD0001 | G3WetKVf3D9fD9KK0002,jkobject-vs-main-v1@2026-07-11T23:11:48Z,main_and_jkobject_with_jkobject_revision,False,working_or_historical_not_in_canonical_cleaned_layout,False,True,True,unknown_requires_link_readback,False,False,False,False,catalog_record_requires_structural_readback,TODO.md accepted OBS=10/70 VAR=8/70 @ 2026-07-27
scperturb/frangieh21,Lamin catalog working/historical,False,0,0,0 B,False,0,0,0 B,True,2,0,unknown,scperturb/frangieh21,scperturb/frangieh21,branch_revision,,nlEdRFfMkSPL3yjA0001 | FnkBz9aai7YkpEdF0001,jkobject-vs-main-v1@2026-07-11T23:11:48Z,main_and_jkobject_with_jkobject_revision,False,working_or_historical_not_in_canonical_cleaned_layout,False,True,True,unknown_requires_link_readback,False,False,False,False,catalog_record_requires_structural_readback,TODO.md accepted OBS=10/70 VAR=8/70 @ 2026-07-27
scperturb/mcfarland20,Lamin catalog working/historical,False,0,0,0 B,False,0,0,0 B,True,2,0,unknown,scperturb/mcfarland20,scperturb/mcfarland20,branch_revision,,3xk1DS8aDWE2NCBU0001 | PyH1TIYDOlMIRkNd0001,jkobject-vs-main-v1@2026-07-11T23:11:48Z,main_and_jkobject_with_jkobject_revision,False,working_or_historical_not_in_canonical_cleaned_layout,False,True,True,unknown_requires_link_readback,False,False,False,False,catalog_record_requires_structural_readback,TODO.md accepted OBS=10/70 VAR=8/70 @ 2026-07-27
scperturb/nadig24_hepg2,Lamin catalog working/historical,False,0,0,0 B,False,0,0,0 B,True,2,0,unknown,scperturb/nadig24_hepg2,scperturb/nadig24_hepg2,branch_revision,,UJ2unSLE5DMcsR2D0001 | PUW4F8IiaLUN081s0002,jkobject-vs-main-v1@2026-07-11T23:11:48Z,main_and_jkobject_with_jkobject_revision,False,working_or_historical_not_in_canonical_cleaned_layout,False,True,True,unknown_requires_link_readback,False,False,False,False,catalog_record_requires_structural_readback,TODO.md accepted OBS=10/70 VAR=8/70 @ 2026-07-27
scperturb/nadig24_jurkat,Lamin catalog working/historical,False,0,0,0 B,False,0,0,0 B,True,2,0,unknown,scperturb/nadig24_jurkat,scperturb/nadig24_jurkat,branch_revision,,t92cReAcF5bs1Aey0001 | FjsGUgiHPLT8gGUs0002,jkobject-vs-main-v1@2026-07-11T23:11:48Z,main_and_jkobject_with_jkobject_revision,False,working_or_historical_not_in_canonical_cleaned_layout,False,True,True,unknown_requires_link_readback,False,False,False,False,catalog_record_requires_structural_readback,TODO.md accepted OBS=10/70 VAR=8/70 @ 2026-07-27
scperturb/norman19,Lamin catalog working/historical,False,0,0,0 B,False,0,0,0 B,True,2,0,unknown,scperturb/norman19,scperturb/norman19,branch_revision,,48k7CsSJuJOV4qi60001 | Fny3t0fCDoXpUVze0002,jkobject-vs-main-v1@2026-07-11T23:11:48Z,main_and_jkobject_with_jkobject_revision,False,working_or_historical_not_in_canonical_cleaned_layout,False,True,True,unknown_requires_link_readback,False,False,False,False,catalog_record_requires_structural_readback,TODO.md accepted OBS=10/70 VAR=8/70 @ 2026-07-27
scperturb/papalexi21_eccite_arrayed_RNA,Lamin catalog working/historical,False,0,0,0 B,False,0,0,0 B,True,2,0,unknown,scperturb/papalexi21_eccite_arrayed_RNA,scperturb/papalexi21_eccite_arrayed_RNA,branch_revision,,1iIF2G9V3V4DcY0g0001 | z7feaA1EV9QEnnv60001,jkobject-vs-main-v1@2026-07-11T23:11:48Z,main_and_jkobject_with_jkobject_revision,False,working_or_historical_not_in_canonical_cleaned_layout,False,True,True,unknown_requires_link_readback,False,False,False,False,catalog_record_requires_structural_readback,TODO.md accepted OBS=10/70 VAR=8/70 @ 2026-07-27
scperturb/papalexi21_eccite_RNA,Lamin catalog working/historical,False,0,0,0 B,False,0,0,0 B,True,2,0,unknown,scperturb/papalexi21_eccite_RNA,scperturb/papalexi21_eccite_RNA,branch_revision,,SG6UG5GsDxFCIr9G0001 | 9kceZfXL9b21Nw8e0001,jkobject-vs-main-v1@2026-07-11T23:11:48Z,main_and_jkobject_with_jkobject_revision,False,working_or_historical_not_in_canonical_cleaned_layout,False,True,True,unknown_requires_link_readback,False,False,False,False,catalog_record_requires_structural_readback,TODO.md accepted OBS=10/70 VAR=8/70 @ 2026-07-27
scperturb/records,Lamin catalog working/historical,False,0,0,0 B,False,0,0,0 B,True,6,0,unknown,scperturb/records,scperturb/records,branch_revision,pert-gym/additions/20260621 | pert-gym/additions/20260624-tiny-tail-minimal | pert-gym/canonical/20260621 | pert-gym/canonical/20260624-shared-var | pert-gym/canonical/20260624-shared-var-alias | pert-gym/canonical/20260624-tiny-tail-minimal,Mjna2hbLNyWbKxj70000 | eltioup613yBgG8S0000 | 5KrtlOpAX9NcDQdM0000 | SPpWsTWrMOcsLaao0000 | 5KrtlOpAX9NcDQdM0001 | Mjna2hbLNyWbKxj70001,jkobject-vs-main-v1@2026-07-11T23:11:48Z,main_and_jkobject_with_jkobject_revision,False,working_or_historical_not_in_canonical_cleaned_layout,False,True,True,unknown_requires_link_readback,False,False,False,False,catalog_record_requires_structural_readback,TODO.md accepted OBS=10/70 VAR=8/70 @ 2026-07-27
scperturb/replogle22_K562_essential,Lamin catalog working/historical,False,0,0,0 B,False,0,0,0 B,True,2,0,unknown,scperturb/replogle22_K562_essential,scperturb/replogle22_K562_essential,branch_revision,,HCqUSmlbVbo86YeT0001 | CytSiJjA1Y4O0Jf50002,jkobject-vs-main-v1@2026-07-11T23:11:48Z,main_and_jkobject_with_jkobject_revision,False,working_or_historical_not_in_canonical_cleaned_layout,False,True,True,unknown_requires_link_readback,False,False,False,False,catalog_record_requires_structural_readback,TODO.md accepted OBS=10/70 VAR=8/70 @ 2026-07-27
scperturb/replogle22_K562_gwps,Lamin catalog working/historical,False,0,0,0 B,False,0,0,0 B,True,2,0,unknown,scperturb/replogle22_K562_gwps,scperturb/replogle22_K562_gwps,branch_revision,,OAOlbvGiYJVZ2N4r0001 | 38xl3KdA0eFqzjHx0002,jkobject-vs-main-v1@2026-07-11T23:11:48Z,main_and_jkobject_with_jkobject_revision,False,working_or_historical_not_in_canonical_cleaned_layout,False,True,True,unknown_requires_link_readback,False,False,False,False,catalog_record_requires_structural_readback,TODO.md accepted OBS=10/70 VAR=8/70 @ 2026-07-27
scperturb/replogle22_RPE1,Lamin catalog working/historical,False,0,0,0 B,False,0,0,0 B,True,2,0,unknown,scperturb/replogle22_RPE1,scperturb/replogle22_RPE1,branch_revision,,kb09sc6750I1euLU0000 | N6DlK5xChBX9bgwR0002,jkobject-vs-main-v1@2026-07-11T23:11:48Z,main_and_jkobject_with_jkobject_revision,False,working_or_historical_not_in_canonical_cleaned_layout,False,True,True,unknown_requires_link_readback,False,False,False,False,catalog_record_requires_structural_readback,TODO.md accepted OBS=10/70 VAR=8/70 @ 2026-07-27
scperturb/shifrut18,Lamin catalog working/historical,False,0,0,0 B,False,0,0,0 B,True,2,0,unknown,scperturb/shifrut18,scperturb/shifrut18,branch_revision,,gZVqbnOHVstPDdUJ0001 | 96SxYQ8Z48yc5e8q0001,jkobject-vs-main-v1@2026-07-11T23:11:48Z,main_and_jkobject_with_jkobject_revision,False,working_or_historical_not_in_canonical_cleaned_layout,False,True,True,unknown_requires_link_readback,False,False,False,False,catalog_record_requires_structural_readback,TODO.md accepted OBS=10/70 VAR=8/70 @ 2026-07-27
scperturb/srivatsan20_sciplex2,Lamin catalog working/historical,False,0,0,0 B,False,0,0,0 B,True,2,0,unknown,scperturb/srivatsan20_sciplex2,scperturb/srivatsan20_sciplex2,branch_revision,,Dk6xIe6SKQvCyqEM0001 | OdSTaDDs34n2J1YA0001,jkobject-vs-main-v1@2026-07-11T23:11:48Z,main_and_jkobject_with_jkobject_revision,False,working_or_historical_not_in_canonical_cleaned_layout,False,True,True,unknown_requires_link_readback,False,False,False,False,catalog_record_requires_structural_readback,TODO.md accepted OBS=10/70 VAR=8/70 @ 2026-07-27
scperturb/srivatsan20_sciplex3,Lamin catalog working/historical,False,0,0,0 B,False,0,0,0 B,True,2,0,unknown,scperturb/srivatsan20_sciplex3,scperturb/srivatsan20_sciplex3,branch_revision,,8H3Gfn0DotDoOo7Z0001 | jPyzkOTFirrPbik40001,jkobject-vs-main-v1@2026-07-11T23:11:48Z,main_and_jkobject_with_jkobject_revision,False,working_or_historical_not_in_canonical_cleaned_layout,False,True,True,unknown_requires_link_readback,False,False,False,False,catalog_record_requires_structural_readback,TODO.md accepted OBS=10/70 VAR=8/70 @ 2026-07-27
scperturb/sunshine23,Lamin catalog working/historical,False,0,0,0 B,False,0,0,0 B,True,2,0,unknown,scperturb/sunshine23,scperturb/sunshine23,branch_revision,,ACvoMJtGoMaTDAWa0001 | vRPr8HjnWsz5lNGh0002,jkobject-vs-main-v1@2026-07-11T23:11:48Z,main_and_jkobject_with_jkobject_revision,False,working_or_historical_not_in_canonical_cleaned_layout,False,True,True,unknown_requires_link_readback,False,False,False,False,catalog_record_requires_structural_readback,TODO.md accepted OBS=10/70 VAR=8/70 @ 2026-07-27
scperturb/tian19_day7neuron,Lamin catalog working/historical,False,0,0,0 B,False,0,0,0 B,True,2,0,unknown,scperturb/tian19_day7neuron,scperturb/tian19_day7neuron,branch_revision,,2XwJfWKX7rxmtpGF0001 | NsfeU9WqyFmlhVfv0002,jkobject-vs-main-v1@2026-07-11T23:11:48Z,main_and_jkobject_with_jkobject_revision,False,working_or_historical_not_in_canonical_cleaned_layout,False,True,True,unknown_requires_link_readback,False,False,False,False,catalog_record_requires_structural_readback,TODO.md accepted OBS=10/70 VAR=8/70 @ 2026-07-27
scperturb/tian19_iPSC,Lamin catalog working/historical,False,0,0,0 B,False,0,0,0 B,True,2,0,unknown,scperturb/tian19_iPSC,scperturb/tian19_iPSC,branch_revision,,sMkNYDhvDFW4uZRO0001 | aT2dp4hC6XDwrafN0002,jkobject-vs-main-v1@2026-07-11T23:11:48Z,main_and_jkobject_with_jkobject_revision,False,working_or_historical_not_in_canonical_cleaned_layout,False,True,True,unknown_requires_link_readback,False,False,False,False,catalog_record_requires_structural_readback,TODO.md accepted OBS=10/70 VAR=8/70 @ 2026-07-27
scperturb/tian21_CRISPRa,Lamin catalog working/historical,False,0,0,0 B,False,0,0,0 B,True,2,0,unknown,scperturb/tian21_CRISPRa,scperturb/tian21_CRISPRa,branch_revision,,Pr9qh1VOiYeYRHsJ0001 | BIla1bPtsoHZhVuj0001,jkobject-vs-main-v1@2026-07-11T23:11:48Z,main_and_jkobject_with_jkobject_revision,False,working_or_historical_not_in_canonical_cleaned_layout,False,True,True,unknown_requires_link_readback,False,False,False,False,catalog_record_requires_structural_readback,TODO.md accepted OBS=10/70 VAR=8/70 @ 2026-07-27
scperturb/tian21_CRISPRi,Lamin catalog working/historical,False,0,0,0 B,False,0,0,0 B,True,2,0,unknown,scperturb/tian21_CRISPRi,scperturb/tian21_CRISPRi,branch_revision,,9LafVlkDMdXRNdCW0001 | btZcM9OtTrzC9FX40001,jkobject-vs-main-v1@2026-07-11T23:11:48Z,main_and_jkobject_with_jkobject_revision,False,working_or_historical_not_in_canonical_cleaned_layout,False,True,True,unknown_requires_link_readback,False,False,False,False,catalog_record_requires_structural_readback,TODO.md accepted OBS=10/70 VAR=8/70 @ 2026-07-27
scperturb/wessels22,Lamin catalog working/historical,False,0,0,0 B,False,0,0,0 B,True,2,0,unknown,scperturb/wessels22,scperturb/wessels22,branch_revision,,jU9kmDloUfcqdAml0001 | 6OVULynrOUIJI7TQ0002,jkobject-vs-main-v1@2026-07-11T23:11:48Z,main_and_jkobject_with_jkobject_revision,False,working_or_historical_not_in_canonical_cleaned_layout,False,True,True,unknown_requires_link_readback,False,False,False,False,catalog_record_requires_structural_readback,TODO.md accepted OBS=10/70 VAR=8/70 @ 2026-07-27
scperturb/xu23,Lamin catalog working/historical,False,0,0,0 B,False,0,0,0 B,True,2,0,unknown,scperturb/xu23,scperturb/xu23,branch_revision,,McJJNOBkfdCZToLh0001 | Z7gUUcdGO9D9vJt30001,jkobject-vs-main-v1@2026-07-11T23:11:48Z,main_and_jkobject_with_jkobject_revision,False,working_or_historical_not_in_canonical_cleaned_layout,False,True,True,unknown_requires_link_readback,False,False,False,False,catalog_record_requires_structural_readback,TODO.md accepted OBS=10/70 VAR=8/70 @ 2026-07-27
scperturb/zhao21,Lamin catalog working/historical,False,0,0,0 B,False,0,0,0 B,True,2,0,unknown,scperturb/zhao21,scperturb/zhao21,branch_revision,,1wPNOdU5IHas8mn40001 | hbsbYafyV8CUGZUI0001,jkobject-vs-main-v1@2026-07-11T23:11:48Z,main_and_jkobject_with_jkobject_revision,False,working_or_historical_not_in_canonical_cleaned_layout,False,True,True,unknown_requires_link_readback,False,False,False,False,catalog_record_requires_structural_readback,TODO.md accepted OBS=10/70 VAR=8/70 @ 2026-07-27
scrnaseq_unravels_the_transcriptional_network_underlying_zebrafish_retina_regene,cleaned,False,0,0,0 B,True,4,43894626,41.86 MB,False,0,0,0 B,,,,,,,not_established_by_branch_delta_snapshot,False,no_canonical_lamin_evidence,True,True,True,single_triplet_not_chunked,True,False,False,False,structurally_done_scientific_review_pending,TODO.md accepted OBS=10/70 VAR=8/70 @ 2026-07-27
STDS0000056,raw,True,1,847172560,807.93 MB,False,0,0,0 B,False,0,0,0 B,,,,,,,not_established_by_branch_delta_snapshot,False,no_canonical_lamin_evidence,False,False,False,not_applicable_or_unknown,False,False,False,False,not_structurally_done,TODO.md accepted OBS=10/70 VAR=8/70 @ 2026-07-27
STDS0000058,raw,True,8,4384049017,4.08 GB,False,0,0,0 B,False,0,0,0 B,,,,,,,not_established_by_branch_delta_snapshot,False,no_canonical_lamin_evidence,False,False,False,not_applicable_or_unknown,False,False,False,False,not_structurally_done,TODO.md accepted OBS=10/70 VAR=8/70 @ 2026-07-27
STDS0000060,raw,True,5,18099955936,16.86 GB,False,0,0,0 B,False,0,0,0 B,,,,,,,not_established_by_branch_delta_snapshot,False,no_canonical_lamin_evidence,False,False,False,not_applicable_or_unknown,False,False,False,False,not_structurally_done,TODO.md accepted OBS=10/70 VAR=8/70 @ 2026-07-27
STT0000071,raw,True,138,4406943940,4.10 GB,False,0,0,0 B,False,0,0,0 B,,,,,,,not_established_by_branch_delta_snapshot,False,no_canonical_lamin_evidence,False,False,False,not_applicable_or_unknown,False,False,False,False,not_structurally_done,TODO.md accepted OBS=10/70 VAR=8/70 @ 2026-07-27
tahoe100m,Lamin catalog working/historical,False,0,0,0 B,False,0,0,0 B,True,28,0,unknown,tahoe100m,tahoe100m,branch_revision,,QmUzPZatyv8nLKS20001 | v1GaiduVpzTSSmam0001 | RsA8bVhGvvuvntJf0001 | ufI7UsAI9figfhpk0001 | EZNOaknZPqLurM1m0001 | zmGpXdYx6l5W6QkS0001 | qIfZvt0XsdA9QE1I0001 | myTz7jtsuLoKmzFx0001 | 1JfTFRJzWYgcjjXn0001 | jbR5RplxrD64qi9w0001 | rzEDYIB8ecrw1XEG0001 | 9BH0tI1uf0tjHe4W0001 | iu9lGuRUbT8ib2YL0001 | oXRVRcGCLraaNDGU0001 | o4c0PJ1lB02QwLBj0001 | BkGlVEce52rFQS5l0001 | PUBDwkCFl6mdOTYr0001 | PQSIhkmWMi38Ox620001 | rQMqaImEQpXVJIwD0001 | uOpawMuv6DnVIadP0001 | 6SHCMwyJFbvNgvqI0001 | sYsONFIQvd9Sh46U0001 | IOuGOf4GPc9KVBgi0001 | g8cnCPc2YwD9vfg60001 | TG9hJgIdaY8gKNe80001 | h8ML2WwxUgdT8Cn10001 | l0bOjTZKXiV8nmlH0001 | sTKrKPpB5QpIV4iH0001,jkobject-vs-main-v1@2026-07-11T23:11:48Z,main_and_jkobject_with_jkobject_revision,False,working_or_historical_not_in_canonical_cleaned_layout,False,True,True,unknown_requires_link_readback,False,False,False,False,catalog_record_requires_structural_readback,TODO.md accepted OBS=10/70 VAR=8/70 @ 2026-07-27
tcell_d4_rest,Lamin catalog working/historical,False,0,0,0 B,False,0,0,0 B,True,3,0,unknown,tcell_d4_rest,tcell_d4_rest,branch_revision,,qUJjdxn2JZOD8J8h0000 | ahDOjeF1Hg2fanoo0000 | 1h04sBsXASQYMHq90000,jkobject-vs-main-v1@2026-07-11T23:11:48Z,main_and_jkobject_with_jkobject_revision,False,working_or_historical_not_in_canonical_cleaned_layout,True,True,True,unknown_requires_link_readback,False,False,False,False,catalog_record_requires_structural_readback,TODO.md accepted OBS=10/70 VAR=8/70 @ 2026-07-27
tcell_gwps,raw,True,28,1735849970666,1.58 TB,False,0,0,0 B,False,0,0,0 B,,,,,,,not_established_by_branch_delta_snapshot,False,no_canonical_lamin_evidence,False,False,False,not_applicable_or_unknown,False,False,False,False,not_structurally_done,TODO.md accepted OBS=10/70 VAR=8/70 @ 2026-07-27
temporal_biostudies,Lamin catalog working/historical,False,0,0,0 B,False,0,0,0 B,True,1,0,unknown,temporal_biostudies,temporal_biostudies,branch_revision,,6Pq5DLY0dEkapcQ60000,jkobject-vs-main-v1@2026-07-11T23:11:48Z,main_and_jkobject_with_jkobject_revision,False,working_or_historical_not_in_canonical_cleaned_layout,False,True,False,unknown_requires_link_readback,False,False,False,False,catalog_record_requires_structural_readback,TODO.md accepted OBS=10/70 VAR=8/70 @ 2026-07-27
temporal_pretraining/arrayexpress/E-MTAB-6967_whole_mouse_embryo,Lamin catalog working/historical,False,0,0,0 B,False,0,0,0 B,True,96,0,unknown,temporal_pretraining/arrayexpress/E-MTAB-6967_whole_mouse_embryo,temporal_pretraining/arrayexpress/E-MTAB-6967_whole_mouse_embryo,added_dataset,,JaaNh9stY9MHnTv60000 | oD3kvPaczpkSPR0U0000 | apslT2lfs71hfTCh0000 | wUqHfbc3u5pfZXLx0000 | 34wBFrTIlUa32qGI0000 | pTZ3uNl5veZE36Fd0000 | jNdiWbGAIrQoZ4il0000 | EynpjOGrqt9Www580000 | 8YtpsSA40O7ixu750000 | Yr6SwtHlTTo2A5TN0000 | zU6sJ5pIZhmDl1NV0000 | xjcIdUV1Fe0mByhs0000 | c1ys0dventvF3gzb0000 | 8ZHiTrNMiDoTXvZr0000 | l3D1h13LvOyBbIKE0000 | JhLWpKlwWyd5e4X60000 | 3VQkI385gumR8YhT0000 | 32ZQXTsUOgYbDxoG0000 | aVFFc9QrwsvEm3kH0000 | YSgqpxke3xLEm3kM0000 | mdVdHt1gZjkw52YO0000 | CDdc5YE3mAYHKwWS0000 | rsuUEFKCC9fxBeju0000 | ndrAVjIq98sIssGW0000 | CmOf73dKNZB5qE2u0000 | quX5k3SQktHfQKJ90000 | OzXZBlORw8aO9Lzg0000 | ow6ti8IhnnPk2tjO0000 | H0KDWy1Fi04tjgx30000 | qjiByTLHKdX3SVTE0000 | XS8f3r4ZwaiVwaRV0000 | Sr0UTADlzFHwv9B80000 | o3CjMQm512dBxjCo0000 | h7MFjgB9YyHrdOKh0000 | PtVnkDCEbDAamC8Q0000 | vy1fL2cSUJZAVTVH0000 | 0twJ0Zm2xxRc9vcu0000 | gtWqe5tcJXiYXCsL0000 | 82u2RoAGOcFKpAP90000 | C7WtMIww65kGmcHL0000 | LEPPIPJpvxM5BZGO0000 | jYpYc1mKnrZVCOck0000 | IOhIls49EAdw1PJh0000 | Ey03ZFrJUcWYfUOM0000 | MMFZNmLEnn53QDU80000 | VZD7OE23JXBAejNS0000 | 85Oz3EnENGoinxbX0000 | l1TL483FVEXZMNhL0000 | VyDqSHr1kUsTbh4p0000 | odVtR45Ixzbh4s8c0000 | jPVFQCuKfWsOZ5H10000 | y6qzcOcovIcfTd5T0000 | euVDvBgEk6XpbrNa0000 | g2YjrWftbHyRuLHt0000 | d4VZ82TP4rPF2XKz0000 | jh6z2LrdnkuCcE320000 | u7vWCW1cctgcoM6G0000 | 16LARr9GciExgas90000 | rhnfDAgUaRVmqzis0000 | kGVeVi9zDIlS0eGM0000 | 2Wmza6jLXZwWnLJD0000 | WvNIcgCu9G5k3FeN0000 | GKJGwLBdjzr77DrS0000 | RdzsANIb2WrxNGaT0000 | hu5wf7U4VfWydzKQ0000 | L14qUXRYDKpWXfPF0000 | zpNnwYZoYuDhhSoJ0000 | LhohwlC8zljJPpHt0000 | zThLbTHxGM2aOmsi0000 | Zi0pcUt6WtIItMBt0000 | nEZcJPki1RcefFHt0000 | DvPXFd0qkHGxxfHH0000 | LtNUFrpazRVriWXk0000 | 9EoFOeeTNCebABNV0000 | rJAlNrXrysZHfAWL0000 | 6F9dg0q2lXtZzF1A0000 | br6XUkMsofeUDfKS0000 | eqR80FJCKwkItAA40000 | GK0nGAW6h0DLLhRQ0000 | Ta1JAGV0IVerdt980000 | RSnoWu0sNLLyvlBZ0000 | 2706Lq0qGVwHbBga0000 | DWPwOpMYqVINL9650000 | JpmeFjtRvfanphS10000 | PUIouhI4yUXFBbr90000 | OVbWYDCR4yxerxdr0000 | 0HzVd9CYIJyULAfu0000 | 4t9MQK5nKGxzpK1I0000 | d5MQQb4xQhp9aj0H0000 | nu3p0quRz88meLzB0000 | 2AGKeyEB4dQLbf630000 | 8LumVgKWiFu9YTBb0000 | 51W5B4awHJif9sS10000 | aZECpUULc3sS5LOZ0000 | eGEUtNaDLJuhWuhL0000 | YXVvb3af41mR2mU20000,jkobject-vs-main-v1@2026-07-11T23:11:48Z,jkobject_only,False,working_or_historical_not_in_canonical_cleaned_layout,True,True,True,unknown_requires_link_readback,False,False,False,False,catalog_record_requires_structural_readback,TODO.md accepted OBS=10/70 VAR=8/70 @ 2026-07-27
temporal_pretraining/artista_stds0000056,Lamin catalog working/historical,False,0,0,0 B,False,0,0,0 B,True,1,0,unknown,temporal_pretraining/artista_stds0000056,temporal_pretraining/artista_stds0000056,branch_revision,,urFGUfYiXBtT50st0000,jkobject-vs-main-v1@2026-07-11T23:11:48Z,main_and_jkobject_with_jkobject_revision,False,working_or_historical_not_in_canonical_cleaned_layout,False,True,False,unknown_requires_link_readback,False,False,False,False,catalog_record_requires_structural_readback,TODO.md accepted OBS=10/70 VAR=8/70 @ 2026-07-27
temporal_pretraining/c_elegans_embryogenesis,Lamin catalog working/historical,False,0,0,0 B,False,0,0,0 B,True,3,0,unknown,temporal_pretraining/c_elegans_embryogenesis,temporal_pretraining/c_elegans_embryogenesis,added_dataset,,NHLwhKq7PHtr2Nf40000 | 3HFHNsfi4VX80xG40000 | DHXE2aYWf1ir671K0000,jkobject-vs-main-v1@2026-07-11T23:11:48Z,jkobject_only,False,working_or_historical_not_in_canonical_cleaned_layout,True,True,True,unknown_requires_link_readback,False,False,False,False,catalog_record_requires_structural_readback,TODO.md accepted OBS=10/70 VAR=8/70 @ 2026-07-27
temporal_pretraining/developing_mouse_cortical_inhibitory_neurons,Lamin catalog working/historical,False,0,0,0 B,False,0,0,0 B,True,3,0,unknown,temporal_pretraining/developing_mouse_cortical_inhibitory_neurons,temporal_pretraining/developing_mouse_cortical_inhibitory_neurons,added_dataset,,HFxQihCk9syDroJP0000 | M8vaVk5HAXduBRlO0000 | gvBS8PONuCAB3Nsw0000,jkobject-vs-main-v1@2026-07-11T23:11:48Z,jkobject_only,False,working_or_historical_not_in_canonical_cleaned_layout,True,True,True,unknown_requires_link_readback,False,False,False,False,catalog_record_requires_structural_readback,TODO.md accepted OBS=10/70 VAR=8/70 @ 2026-07-27
temporal_pretraining/first_trimester_human_brain_atlas,Lamin catalog working/historical,False,0,0,0 B,False,0,0,0 B,True,3,0,unknown,temporal_pretraining/first_trimester_human_brain_atlas,temporal_pretraining/first_trimester_human_brain_atlas,added_dataset,,x3D3vKx1heDnzom70000 | UJiJr2PtiIBFQBXH0000 | PAMMUzZVwvIJKPtM0000,jkobject-vs-main-v1@2026-07-11T23:11:48Z,jkobject_only,False,working_or_historical_not_in_canonical_cleaned_layout,True,True,True,unknown_requires_link_readback,False,False,False,False,catalog_record_requires_structural_readback,TODO.md accepted OBS=10/70 VAR=8/70 @ 2026-07-27
temporal_pretraining/geo/GSE325829_human_embryos_after_gastrulation,Lamin catalog working/historical,False,0,0,0 B,False,0,0,0 B,True,57,0,unknown,temporal_pretraining/geo/GSE325829_human_embryos_after_gastrulation,temporal_pretraining/geo/GSE325829_human_embryos_after_gastrulation,added_dataset,,FPcULXHNctUmTVcg0000 | mc7Zvybe6449B1Ms0000 | GzAHpleDJ4nEfmnG0000 | XUQ06kHaLL6LmHA60000 | q7rMpM2fHCQTbCTl0000 | 1w0rpAPdFpzWgxD30000 | JkJgLuSiWDKf7XxW0000 | pWEx3PwBlh3lMMee0000 | ZYReDQXMG5BzGipt0000 | doEbG85cVvKwGPeu0000 | 5HDDiCrK9FlQ2f0K0000 | mIYkYfueAjVMBc4n0000 | vS3tjCp4bwmXnk6g0000 | rPF3cgk7GSRJYTI60000 | VGhV6W9anbYeZ84j0000 | TNcBraNyK86hFMqz0000 | bgEp72vhdSSWyoEF0000 | sIHddJI0FerRi2Bn0000 | dhKOULwC16SpL9K80000 | uKJ3kn1mxnUZgtvm0000 | 9LpCiYFTF566lnct0000 | q1srqXkcx4pgRDHr0000 | bbXLwFYwiav040Zf0000 | PxcD4pjIhQaqL3DM0000 | SwOMJVsOGJP4Q3dJ0000 | lYmciCu3qeZ88wPk0000 | O9t4L2xFKZFJIeUw0000 | T5WBuMPDiObWxURd0000 | Bc8KQU0IHBb9DlAw0000 | ji23VWUOh4DGyZlY0000 | jOsa5FthqPG0mM790000 | tyFCSaEtackQFL0X0000 | hzVZNEcOKHVzcDoE0000 | c5HNaFrblqn6ZKWz0000 | XhcFWTzxmgd7skzX0000 | Ec4hDk8xANF6HedT0000 | TTX5WTCGSwv7qlDs0000 | XnUVb1mMcM90VNqz0000 | dzdVTbKVCIkGDeRw0000 | uhxqGcarDFXey91c0000 | AOXlt3LBD5di3Riu0000 | nAGyAEI0XheE22EE0000 | klA1nMwtY7bdHGRI0000 | mJndVZTVHnLOzPMS0000 | W4NNe6jWsmRm01QV0000 | XBCJ4tFXwWOg7NRd0000 | xnlyHJbfa5iRRBFz0000 | HX2VYp39yGBVMyru0000 | tDgourCSTFYxjPen0000 | qYKuUFTf2nAw8xdG0000 | LMa3iBHfBBqYCsLN0000 | IGmIgl2UiU3Uc46l0000 | sNE55k9nJX8g2JtH0000 | tW2nRCtNHlpFuKA20000 | P15fT7Wr6Cjrn8j50000 | kYCT2BHD40Vwov1B0000 | VUBV40E8214lPZqQ0000,jkobject-vs-main-v1@2026-07-11T23:11:48Z,jkobject_only,False,working_or_historical_not_in_canonical_cleaned_layout,True,True,True,unknown_requires_link_readback,False,False,False,False,catalog_record_requires_structural_readback,TODO.md accepted OBS=10/70 VAR=8/70 @ 2026-07-27
temporal_pretraining/geo/GSE334273_sea_lamprey_sexual_differentiation,Lamin catalog working/historical,False,0,0,0 B,False,0,0,0 B,True,24,0,unknown,temporal_pretraining/geo/GSE334273_sea_lamprey_sexual_differentiation,temporal_pretraining/geo/GSE334273_sea_lamprey_sexual_differentiation,added_dataset,,sMK4GWqs99LdYxex0000 | 8oCx3yM4F0MA0Fov0000 | HitNf122lX5YUnNj0000 | J4xbPswTKkJ4fSby0000 | HSV2ySkTMDUt89N80000 | vUjBZ2BCeD7gIbfh0000 | 5TvZhXFYiuTIIr5I0000 | gCUPovpJkPaM96Mm0000 | 0TBmOHzAUe8pTqwH0000 | TtXZfEa4wNWgWXux0000 | J9ZYNuPL0Y3Ae20T0000 | LNi8piNIHIxK6co60000 | 3nV4x0KPS8ZMENr10000 | k4wafvQf5oGCcm3s0000 | KcQpHuxjXgbgCsUk0000 | bmK2CqydeCP7Lqpw0000 | nyKU3GHEiRCazzLe0000 | JZJlJ7MWjL45tuT20000 | pgewO86HSjhdz62V0000 | HEVaRxvXKmRBJVWK0000 | A1Foq2ppRDISXwOA0000 | gEzX8WBDP3FKfVrZ0000 | iLjsDQqCcWaQnfs00000 | S6JylRxoWb5IV6B20000,jkobject-vs-main-v1@2026-07-11T23:11:48Z,jkobject_only,False,working_or_historical_not_in_canonical_cleaned_layout,True,True,True,unknown_requires_link_readback,False,False,False,False,catalog_record_requires_structural_readback,TODO.md accepted OBS=10/70 VAR=8/70 @ 2026-07-27
temporal_pretraining/gse121737_axolotl_blastema,Lamin catalog working/historical,False,0,0,0 B,False,0,0,0 B,True,12,0,unknown,temporal_pretraining/gse121737_axolotl_blastema,temporal_pretraining/gse121737_axolotl_blastema,added_dataset,,fkBIvDHUxdkpMCPg0000 | iltSYKl0BI1hBgu30000 | 3U1qmFSCCrDXAZDw0000 | sR50ZT3OmXtxzUf20000 | QXXaNF8ri646txdQ0000 | HHZwhelUMEBefc9k0000 | IrsUS4lumB4rfRiy0000 | 6Q2fh7UdfdWoQvIA0000 | bgFP8vYQHa8SvDrc0000 | fkeEaZox9PU0dtDu0000 | oMWTm4OCszaJYMei0000 | pylvhrkT4LKMTZrS0000,jkobject-vs-main-v1@2026-07-11T23:11:48Z,jkobject_only,False,working_or_historical_not_in_canonical_cleaned_layout,True,True,True,unknown_requires_link_readback,False,False,False,False,catalog_record_requires_structural_readback,TODO.md accepted OBS=10/70 VAR=8/70 @ 2026-07-27
temporal_pretraining/gse303344_craniosynostosis,Lamin catalog working/historical,False,0,0,0 B,False,0,0,0 B,True,9,0,unknown,temporal_pretraining/gse303344_craniosynostosis,temporal_pretraining/gse303344_craniosynostosis,added_dataset,,2kEg3OUxk9lGWLz10000 | Dm6DrLGsTljcYou80000 | gSiu5TR7CIXvA9nv0000 | xzf2meGnBUKcZYfp0000 | lDDSGQ5dq39N8MhA0000 | URwjjPi9c0bveyyh0000 | uTrUwuQb668u78va0000 | JfEpzTAEARvv9bMN0000 | hgfiPRnbyORgyTEa0000,jkobject-vs-main-v1@2026-07-11T23:11:48Z,jkobject_only,False,working_or_historical_not_in_canonical_cleaned_layout,True,True,True,unknown_requires_link_readback,False,False,False,False,catalog_record_requires_structural_readback,TODO.md accepted OBS=10/70 VAR=8/70 @ 2026-07-27
temporal_pretraining/gxa,Lamin catalog working/historical,False,0,0,0 B,False,0,0,0 B,True,6,0,unknown,temporal_pretraining/gxa,temporal_pretraining/gxa,branch_revision,,kYqsPvi6pqoSTRAR0000 | gCFkvr755oijxBU00000 | xRkQKBLQbSA5H6Hv0000 | fFbrHimcuB4hdTEi0000 | jczFr4evTs2E0ejw0000 | kYqsPvi6pqoSTRAR0001,jkobject-vs-main-v1@2026-07-11T23:11:48Z,main_and_jkobject_with_jkobject_revision,False,working_or_historical_not_in_canonical_cleaned_layout,False,True,True,unknown_requires_link_readback,False,False,False,False,catalog_record_requires_structural_readback,TODO.md accepted OBS=10/70 VAR=8/70 @ 2026-07-27
temporal_pretraining/human_embryonic_limb,Lamin catalog working/historical,False,0,0,0 B,False,0,0,0 B,True,3,0,unknown,temporal_pretraining/human_embryonic_limb,temporal_pretraining/human_embryonic_limb,added_dataset,,KszOE5EUihZIqFic0000 | Q4vjyrjmVt8qOJEw0000 | ehicwkyC5m77xWTs0000,jkobject-vs-main-v1@2026-07-11T23:11:48Z,jkobject_only,False,working_or_historical_not_in_canonical_cleaned_layout,True,True,True,unknown_requires_link_readback,False,False,False,False,catalog_record_requires_structural_readback,TODO.md accepted OBS=10/70 VAR=8/70 @ 2026-07-27
temporal_pretraining/human_fetal_bone_marrow_down_syndrome,Lamin catalog working/historical,False,0,0,0 B,False,0,0,0 B,True,6,0,unknown,temporal_pretraining/human_fetal_bone_marrow_down_syndrome,temporal_pretraining/human_fetal_bone_marrow_down_syndrome,added_dataset,,CeEVurvUOTt8m7lr0000 | UX7l5HuH2fOgbJ2r0000 | VmfknRJVORpcT2ZC0000 | 7IB9wfDgPhJJyM6P0000 | kc3AmTVYzPkJQp2m0000 | g9wM8XNiyDujXSc80000,jkobject-vs-main-v1@2026-07-11T23:11:48Z,jkobject_only,False,working_or_historical_not_in_canonical_cleaned_layout,True,True,True,unknown_requires_link_readback,False,False,False,False,catalog_record_requires_structural_readback,TODO.md accepted OBS=10/70 VAR=8/70 @ 2026-07-27
temporal_pretraining/human_fetal_lung_gradients,Lamin catalog working/historical,False,0,0,0 B,False,0,0,0 B,True,24,0,unknown,temporal_pretraining/human_fetal_lung_gradients,temporal_pretraining/human_fetal_lung_gradients,added_dataset,,RSuP2UbveBiCjfRa0000 | hu9w9Edfg3f18YGV0000 | Ibi1N4s2YQjILo0P0000 | Huc9XyVkVHPLq7Yc0000 | n2jN1aS10MK1PDZG0000 | mIjykdmcryQhW6zA0000 | Edi2wtiod2XCQJzH0000 | r1XtLL7HReM11F0X0000 | 0zELX6xCcl9hmwlz0000 | bj7NSkjbfntktzgz0000 | 0IeTXJho085xHuAv0000 | RLXq8FBasN1LWTB30000 | OwjDwoEDgfAcfTCg0000 | l0tZ2zwCxCMVaPAo0000 | lsHUwSOPDtoWIorS0000 | mDmuBuv6Sf9qs7sl0000 | hXrcJqLA13hTa6tV0000 | 7YXsAyaxNK4xkG7f0000 | Ie6IbrEfG0CJcShy0000 | R9NClzWNDdXpThtP0000 | gQmffc7VC42ZFGCu0000 | h9sKCkXhXW4Vn37q0000 | Ya6BhhVjaw2Ze2o80000 | PSATMuxkHDZJ6kGO0000,jkobject-vs-main-v1@2026-07-11T23:11:48Z,jkobject_only,False,working_or_historical_not_in_canonical_cleaned_layout,True,True,True,unknown_requires_link_readback,False,False,False,False,catalog_record_requires_structural_readback,TODO.md accepted OBS=10/70 VAR=8/70 @ 2026-07-27
temporal_pretraining/human_gastrulation,Lamin catalog working/historical,False,0,0,0 B,False,0,0,0 B,True,3,0,unknown,temporal_pretraining/human_gastrulation,temporal_pretraining/human_gastrulation,added_dataset,,KDgiB6eRjB67CKSV0000 | HWrOqS7CSV67uAtW0000 | 2xjndYmEeruJnV4k0000,jkobject-vs-main-v1@2026-07-11T23:11:48Z,jkobject_only,False,working_or_historical_not_in_canonical_cleaned_layout,True,True,True,unknown_requires_link_readback,False,False,False,False,catalog_record_requires_structural_readback,TODO.md accepted OBS=10/70 VAR=8/70 @ 2026-07-27
temporal_pretraining/human_outflow_tract_aortic_valve_derivatives,Lamin catalog working/historical,False,0,0,0 B,False,0,0,0 B,True,1,0,unknown,temporal_pretraining/human_outflow_tract_aortic_valve_derivatives,temporal_pretraining/human_outflow_tract_aortic_valve_derivatives,branch_revision,,oFonPYVjcqN5cTiV0000,jkobject-vs-main-v1@2026-07-11T23:11:48Z,main_and_jkobject_with_jkobject_revision,False,working_or_historical_not_in_canonical_cleaned_layout,False,True,False,unknown_requires_link_readback,False,False,False,False,catalog_record_requires_structural_readback,TODO.md accepted OBS=10/70 VAR=8/70 @ 2026-07-27
temporal_pretraining/human_thymic_development,Lamin catalog working/historical,False,0,0,0 B,False,0,0,0 B,True,3,0,unknown,temporal_pretraining/human_thymic_development,temporal_pretraining/human_thymic_development,added_dataset,,w0rZfQuaLXE2forU0000 | dox0EJWmkXP4KaAd0000 | qzFg0rBmjIdBGOrK0000,jkobject-vs-main-v1@2026-07-11T23:11:48Z,jkobject_only,False,working_or_historical_not_in_canonical_cleaned_layout,True,True,True,unknown_requires_link_readback,False,False,False,False,catalog_record_requires_structural_readback,TODO.md accepted OBS=10/70 VAR=8/70 @ 2026-07-27
temporal_pretraining/mammalian_cerebellum_development,Lamin catalog working/historical,False,0,0,0 B,False,0,0,0 B,True,3,0,unknown,temporal_pretraining/mammalian_cerebellum_development,temporal_pretraining/mammalian_cerebellum_development,added_dataset,,LwVWKPRjQQMdfUtN0000 | RTN9eS1EVOflF1Nr0000 | 869e3tMN2wefOf4E0000,jkobject-vs-main-v1@2026-07-11T23:11:48Z,jkobject_only,False,working_or_historical_not_in_canonical_cleaned_layout,True,True,True,unknown_requires_link_readback,False,False,False,False,catalog_record_requires_structural_readback,TODO.md accepted OBS=10/70 VAR=8/70 @ 2026-07-27
temporal_pretraining/metabolic_labeling/nasc_seq,Lamin catalog working/historical,False,0,0,0 B,False,0,0,0 B,True,12,0,unknown,temporal_pretraining/metabolic_labeling/nasc_seq,temporal_pretraining/metabolic_labeling/nasc_seq,added_dataset,,3ikbCmaeKJ2ea7GI0000 | LvSiDKctx5qozpF50000 | svdB9akHln8xcyas0000 | MsZdgP6MQjJUbIbD0000 | wkbJMjuK4ll4DZ3B0000 | O1D4Ky63W7BcwTaq0000 | aloGfJKSg9hvCb330000 | x8Zg5yPx4lPOU4gv0000 | 5NNBShEl2Pzzm7Za0000 | aqCbLn4tgAngZvYc0000 | Pxb9wFAl6ECZSTJZ0000 | P3PzT5OiiZBYDIAf0000,jkobject-vs-main-v1@2026-07-11T23:11:48Z,jkobject_only,False,working_or_historical_not_in_canonical_cleaned_layout,True,True,True,unknown_requires_link_readback,False,False,False,False,catalog_record_requires_structural_readback,TODO.md accepted OBS=10/70 VAR=8/70 @ 2026-07-27
temporal_pretraining/metabolic_labeling/scnt_seq,Lamin catalog working/historical,False,0,0,0 B,False,0,0,0 B,True,57,0,unknown,temporal_pretraining/metabolic_labeling/scnt_seq,temporal_pretraining/metabolic_labeling/scnt_seq,added_dataset,,HItrroUsIjkGSg7f0000 | WNYpOCGZgOnT8H9Z0000 | 7En2yuJ2vaStWWqm0000 | iNkaRs27JCCggL2R0000 | bVDi56YNnt5wpfm40000 | fxvDNLMF4BUk3qyg0000 | JeGzX0x3b3Kbr2Ni0000 | yVANHDSPD63gjOzz0000 | BLEz3p1Tox8GE6P70000 | bC3YZrcGX2jaaAdV0000 | z74VMrwF8W0N3z4A0000 | CDHvIEMtx1nS18tH0000 | yJaSfcRG0C7VdKcy0000 | 0c0v3qj180tQ2oXB0000 | WpMB4zXtvyCjnRcs0000 | O3jHMu17vPzZbWOu0000 | TPgDcsIJjZZjzNS50000 | 4ny0hrmNnssY4o3x0000 | yEjIbks36JtVwrOZ0000 | eQs2vBWqkNoNQtfX0000 | JXcet59KxfnsruDV0000 | CwHG5dN0Vd0Ocikk0000 | ux9U8NcScd8FjnhM0000 | HnXEdIfA8mZbzXFL0000 | c6biMAta5tsRkVhf0000 | fV9LSOFICdPF1fmD0000 | jkJYAhWgkeoLCA5m0000 | 8ml1mFYVmERdl9bj0000 | vZLHRZdynHwPxaau0000 | Knb8WrifmHLAzJIv0000 | va0AO3KkAhlsHkmn0000 | SKYZvWWzcJVRsX9v0000 | M3JPJGROttOeUa2S0000 | vefQg8OYKKQFHLUe0000 | bskosgWtwFHvInez0000 | 8UqlbBepZ1mrRmBS0000 | pwAKF2kW50SKZj3D0000 | lHAr0RI8QdFJp6gw0000 | m4QSAf5M7lmtz9vH0000 | fsbJffUB5bOdGwIj0000 | acXgU4NDJeBOsoBH0000 | uBgMrJop4fYtrKrs0000 | K3QYHofAQKjmXGYH0000 | ViaJMCR5F1zmjv4g0000 | r2TLy8kehRbBBGQJ0000 | cmIjjgy3Pj8rK5qn0000 | MiS048zqINe9zBmx0000 | SZ1jGOSReE8dxcF20000 | 4uK0REvCB2Py36GX0000 | Hjzte7eQ1YTntCAV0000 | fTq8mB3sJ1x2RNq80000 | RjDPqx7UZd90Xmfd0000 | 6b319pQ9BMm3qlDD0000 | zUK38TBn7zs9biVj0000 | NHieX6QKU6Ij5QGl0000 | 3x5Xa2Zeer8IDDHg0000 | T7xqTy20jNhReFdM0000,jkobject-vs-main-v1@2026-07-11T23:11:48Z,jkobject_only,False,working_or_historical_not_in_canonical_cleaned_layout,True,True,True,unknown_requires_link_readback,False,False,False,False,catalog_record_requires_structural_readback,TODO.md accepted OBS=10/70 VAR=8/70 @ 2026-07-27
temporal_pretraining/mosta_stds0000058,Lamin catalog working/historical,False,0,0,0 B,False,0,0,0 B,True,24,0,unknown,temporal_pretraining/mosta_stds0000058,temporal_pretraining/mosta_stds0000058,added_dataset,,edQ76QZZ8C4UVQ7q0000 | TZvVi6OamLhUYUuQ0000 | tkwGlZWnMvKr3qEj0000 | FtK1s2O5bUmmMUJC0000 | eLC1rjTu7uxIaGFt0000 | YuKlaWhOcS7vwTwa0000 | TDMf5slcJuR2svCQ0000 | FLQxm3Ahgx2fpiKp0000 | DWjt9cGaESIJjKuh0000 | 83ST1o3FjATQyx3n0000 | emXUGZpzB1nxYtnv0000 | 5axZa38q1TB2bvr70000 | 5l27yETP6iI6qiOU0000 | Tveh18UchAgDqNnr0000 | bb2X4V5JYBtFiVsk0000 | 9XsEDotvfomvBc3B0000 | hlEWHu7uXIZPDPdh0000 | 8RJg42M2hwGJDgxO0000 | k5axNqVYdyscv6xa0000 | xquTNVuqtXNbeHT80000 | oYnocf1FimUGXqVl0000 | HeKtpL5EB8dAjRok0000 | VFtkxVlhjYncxgzS0000 | a8vXS7wbARy4VN0K0000,jkobject-vs-main-v1@2026-07-11T23:11:48Z,jkobject_only,False,working_or_historical_not_in_canonical_cleaned_layout,True,True,True,unknown_requires_link_readback,False,False,False,False,catalog_record_requires_structural_readback,TODO.md accepted OBS=10/70 VAR=8/70 @ 2026-07-27
temporal_pretraining/mouse_blastomeres,Lamin catalog working/historical,False,0,0,0 B,False,0,0,0 B,True,3,0,unknown,temporal_pretraining/mouse_blastomeres,temporal_pretraining/mouse_blastomeres,added_dataset,,duOVW2r6LWGAnfGm0000 | MX8yF6teCjVQnAlU0000 | OriMP3AqAgB3Q7YE0000,jkobject-vs-main-v1@2026-07-11T23:11:48Z,jkobject_only,False,working_or_historical_not_in_canonical_cleaned_layout,True,True,True,unknown_requires_link_readback,False,False,False,False,catalog_record_requires_structural_readback,TODO.md accepted OBS=10/70 VAR=8/70 @ 2026-07-27
temporal_pretraining/mouse_embryonic_timelapse_gastrula_to_pup,Lamin catalog working/historical,False,0,0,0 B,False,0,0,0 B,True,3,0,unknown,temporal_pretraining/mouse_embryonic_timelapse_gastrula_to_pup,temporal_pretraining/mouse_embryonic_timelapse_gastrula_to_pup,added_dataset,,axBjwoTzDugHz8DR0000 | WWfASVr3ixJrWqYi0000 | ZpVjNaZqyjSLkKcr0000,jkobject-vs-main-v1@2026-07-11T23:11:48Z,jkobject_only,False,working_or_historical_not_in_canonical_cleaned_layout,True,True,True,unknown_requires_link_readback,False,False,False,False,catalog_record_requires_structural_readback,TODO.md accepted OBS=10/70 VAR=8/70 @ 2026-07-27
temporal_pretraining/mouse_fibrotic_lung_gse296916,Lamin catalog working/historical,False,0,0,0 B,False,0,0,0 B,True,3,0,unknown,temporal_pretraining/mouse_fibrotic_lung_gse296916,temporal_pretraining/mouse_fibrotic_lung_gse296916,added_dataset,,cUVusbXEI5smtWtd0000 | BBUTFou08jPecAKU0000 | AsI4toKIYJyFCe7Q0000,jkobject-vs-main-v1@2026-07-11T23:11:48Z,jkobject_only,False,working_or_historical_not_in_canonical_cleaned_layout,True,True,True,unknown_requires_link_readback,False,False,False,False,catalog_record_requires_structural_readback,TODO.md accepted OBS=10/70 VAR=8/70 @ 2026-07-27
temporal_pretraining/mouse_gastrulation_hca,Lamin catalog working/historical,False,0,0,0 B,False,0,0,0 B,True,423,0,unknown,temporal_pretraining/mouse_gastrulation_hca,temporal_pretraining/mouse_gastrulation_hca,added_dataset,,YshsiC0HidvhO8fv0000 | xbQtF4HzNlzHyUAa0000 | U5xtWQYiKK38lRe50000 | aIp1UGJqF6wF9lex0000 | S3jSV9zkJdB4oJQp0000 | Zrdq9jAQIDgeVVoo0000 | w1dEx2zTdLSZ97VV0000 | dMNfPzrd8k7ha0bg0000 | M2YCF4rrPrRzqBAp0000 | xpTTcYfsIMKZFRi60000 | 4oTouDFxTHe3HI7M0000 | c5WE14r4FbCt6EM00000 | YM7ngglFuGwwwxFC0000 | VThgyNIokGWlxagC0000 | Pa3F2EMOQsZZNPaP0000 | N28XhAXIEItQkG8b0000 | kz5Grt6svGJiw8MC0000 | pvtShZt23SKdWcQA0000 | PgK5BvbuW5X28Iz70000 | mrOcgBpfPgr2wZsl0000 | sMbTxJ7VWryW46mh0000 | dHUd9eeEkxLQHrUx0000 | HeBSHzpjo10QCWYu0000 | LYG1b0WDE5LjHUuH0000 | m1Z1I0ga7qcHYxkD0000 | 6wAaC3DD746oZTXx0000 | VCa9MLxThlJxqAvt0000 | U3aF9SFPMfDvpmYw0000 | W8U1v1hdYO2H9N6n0000 | tMWaIgJtrcp1Fs0z0000 | h4AK9DRmU95aP1qO0000 | juTGcK7AlNVnK4uE0000 | z9QfrMKxsMUJUTVZ0000 | HaWkUra0KZJO76HK0000 | b7n1IBi9PkBKdRre0000 | CIjIsIiibVIWuL0z0000 | ck6e2QxX3besaLIm0000 | BUousKrbv7Gtrz6I0000 | HANhzw0ZX08bMORJ0000 | Ee0IKTHo3OJTs3UO0000 | U3jesZtrDYcDj2LK0000 | 2IItFvaNPOecfXNw0000 | f11YyXf2T5GwSLe40000 | 9EErmCFxbVcbqCVa0000 | R76k8dd4OnLoFOv60000 | UgFeiiH7C9D8MrcZ0000 | lZcutgZkZa6Dsd300000 | iXBofXvOMl76tPAT0000 | pcaXAUhFmuIG0PuJ0000 | zXXjlqXM7VH8UWB60000 | sUNtvgKOiF1Nfkob0000 | mAaBSA1UNuV8X9sI0000 | uoUSpoj4Ni5QqYPo0000 | Rr8C1tzxjVcXDxrk0000 | CafwN5MyAEKzNsAt0000 | LcwPJVPQyp8Ol5Nc0000 | WnlaxAFbbq4ONa1K0000 | kqcWUU9FRFLn50HR0000 | ZXXIkCGzszfUk4UT0000 | QkUXk5iHYd9i5XZj0000 | 53bPGrH1x0QCDFbG0000 | veFPdsTUq1yQUirS0000 | AwDxHfT4ivDSqEp50000 | iY7PpSExIPNOPWrM0000 | adY7R1GrcHuhvvFy0000 | qpx143DH97eg7L2t0000 | ZbMojUEYn5AyRerh0000 | Q1r4NjJWwGyRM4YK0000 | DfFQjjn8eH0NGw2l0000 | 1coce4vKJknSYEgy0000 | kkzYunpLJx1XUt3T0000 | OZgXYJNKIjt6GQa90000 | tkUQAKAO2Qdv5qHI0000 | f7TIxLI2oQBaH9fG0000 | HyzLcGUJfL4U1HkV0000 | g9FLO0grHh7KmyG20000 | zANj6ur6qnhVkeCd0000 | pbfYYQIFFv1xFShu0000 | d8iCWuk15xK2Af9F0000 | wieOExG85BZz9Hez0000 | OS395xCnPm5JmYB30000 | EMNXXlFsxfab6cbD0000 | A92I1twTRA2U1AN90000 | dlWJ8TQqHPs787Vq0000 | su4SCc2QKPSlvXuE0000 | 1af6pR2QRyLZCNq50000 | XRDELyDwY6AU5gcU0000 | 6jsxKiRRhArm65CI0000 | W95bHBzrBNNUGq8S0000 | Ew9vmRHL10hOO08w0000 | OPdC9LWF1ZHwBlrg0000 | GI4Gp15Y4kDtdS6a0000 | zEswBZvVVBlubra90000 | GPpjldK3lQE6kh3C0000 | CRoKPRUavkIksLik0000 | oJIF8SFrZRyLrfjB0000 | z07682P5dbXlFqjI0000 | 959sSbVEmtg3kErq0000 | RtdQ71HTTjBZq0CP0000 | iulOicvYLLD4JPx20000 | uyuS4np4gsNFlUEx0000 | OUolIOZeXlGwJC8A0000 | J4l1Qh18zbqvVnih0000 | fCXgSz6kfHKZPnmm0000 | W6jQwr4HPSCFGTMA0000 | gjF3VRT19cb0UjRD0000 | nwuuI7jhSfe93JO10000 | Ew8iDpFj0kpY1qfz0000 | 1F747KxTPCivSyQa0000 | 1FNQr4reR8gNbYYO0000 | a92y3K1CE96qPHLD0000 | kiJ596bF1stNaREj0000 | JbBUcwKoTPkNCaXQ0000 | gk94cjMw254drlcz0000 | eVvgaGIFJ5EPPBPg0000 | 6qqQE309LVoZRBVq0000 | gJbRMtBExXoTUhIl0000 | hkUliexhe8Vpb0xF0000 | 8I6BM53PstebWvB80000 | hA6eOE4DhFAvAZR50000 | 3VmpINQb8pryTMes0000 | ZzWk9sAP0Wd7dKz10000 | ffuUf8i3abPjAwwd0000 | BL4PfS7TWGj7XmOZ0000 | 2E2814b4ofohJfK20000 | udE3vLBOsPRiG2HJ0000 | C5RhFltMCFo9vTSa0000 | p8WwDtgjjAkH9sRf0000 | w6eutDCuOfoxNoOd0000 | m1OhYU7QRYZUd4SF0000 | 6Fq4bTsTqxXHfVu50000 | DUSEWppGeDHvc51M0000 | ABaPR8tOl3Redjqf0000 | 2DQd2faKGXwdDAdT0000 | 3WlhNEoDLvBxln4y0000 | NE964pHg5PdedCg80000 | LdeItVQxU8OiN8Ry0000 | u0qgWLkUyHHUOWGs0000 | 75WXXempsnFScy1Q0000 | rDCuYxK3xIshAdjQ0000 | 53AnFSDsWQaAOhhG0000 | ScCerpKSpjvKtot90000 | KtUOfdu4gFG4vuGI0000 | ifJCDNZWHfuz2gCj0000 | gcbUlT6zj7U6zQIh0000 | 2gBMyaTpszHzF1WF0000 | aFp7pYAkZcnIBXuO0000 | BphjSgw8ZRQ75tl30000 | rr3W6cUFwmSR33oi0000 | nC2C1U02TC1KaJKa0000 | VvigbuXjt2nwTVBh0000 | nby9rRA4m1ctubuQ0000 | IKhr47SnHRMAtexq0000 | aNxEl41YlzJVji5T0000 | Fnzv7LmfuPDbaOa00000 | GJ8Y1jUylI2qed3i0000 | bWI7vfyFT1IlJpkN0000 | bQkIp07qUaZiF4zO0000 | IyawmSE4faYvEUXV0000 | CwsA40ucOE03vwD70000 | evlcWUvMWgangRO50000 | OlsiP7rf8AzuNL3M0000 | yE3zZECD00GpEFEG0000 | Wgn6HL1qfIFqURR40000 | VZvbLm2DRISErabT0000 | bCMt9eaiUo9gnKlD0000 | c4iYH5pX2mZcYcmo0000 | DKvJXp4F1YOlmDyy0000 | SfbR7yPJXIt7t5zw0000 | oXldOnAJff9F6MXD0000 | l5dz9mLMx1Xhuxjb0000 | tc78bNzQ3TBiDZSX0000 | wsBrBZCmYPMjeRV50000 | 4iZrMdXHmDP1ijoy0000 | aWYO3D5245yBxfWg0000 | brpJYRbNVaKiZMlE0000 | NZjE7HLacyjchSUU0000 | lswyqHgQlKVO0wYZ0000 | DN8zw0INGE6OJh9P0000 | 53NbDbT58xIlymHV0000 | xn0EWwCN9M5g7tBi0000 | MGyKHtcf8C2IcOqm0000 | Lr6iBzJ4U8ItGyTx0000 | YNfBtwt2aJa15dHn0000 | P3RioudNe9SRDvRg0000 | KuQxVhhVQCZEqRgI0000 | JmFYCr2FPn9hyh610000 | eQr5RGW2ufqsu7au0000 | SQTXLdOPLm5e9hhe0000 | eob8KeT8CUYiiMMP0000 | ixwYpkdSdZ5d9xez0000 | H0iu3vWmSJWz39hQ0000 | lwhGwSvbw75V7GTc0000 | UDV8kMwTya0FTAH00000 | 6vFbDigNfMbzTlFI0000 | FtKZalsC56WPPlxa0000 | R4DR3DVDanj4lnWV0000 | AWvFa8iTOlCLvV7L0000 | 3FeJPiFEqIJJEURk0000 | 3yOkM3kjoAcuTE0y0000 | qrfLpVmjyn3Mjqvv0000 | Bw5RmJtPKlgtziS60000 | RBisKJSXUmExQpbb0000 | 3agGnzwNUltFv7CM0000 | gZOXA8mbngHgqSPh0000 | Il2xA28fUUa6KkA80000 | FBoCHCstDomiPqUt0000 | QcOT6KdSlG9MxFX10000 | yiEObQypd9ZuhnyB0000 | HZtokapwS8FIeuiu0000 | tFCH9NsxJdJWielI0000 | CFWTmI0XynjriXKI0000 | xTclKAWp8Avqy4YV0000 | 2kwWNdZmTACDV1KC0000 | VjGufdCUutNxHrzy0000 | wPJ75L2PTKTbDnw10000 | RBheNFUfAggSEZB90000 | nWhYn8gNANu0uzux0000 | FIt6Pk8OqCaCL9xI0000 | cuVnAoPRhjIV8Bdq0000 | uhIXfTQJIEDmAsfe0000 | geSmVMOlf5rIDIi50000 | TB31Ab3K0RbOqFPf0000 | evqtVFPy9TKV29ur0000 | j0aA9AUDb0CV8Gkv0000 | cFfp6meRubuKtQgj0000 | O4SKYLRnZDyGrYY80000 | wr24Wvt7Ik6oXwXy0000 | HGdr50V2ndOWCeoC0000 | nUqv0NZk0x8suet00000 | RbGFYPuCgwcmb3fw0000 | B9qx6a9fIUKzuv810000 | KrsX6wAztRpVzXJt0000 | WfjYWPXx8rl78A6k0000 | bRsEz6fOzEHRUrtd0000 | WOhNIAfOEzTSYZi20000 | 1m4CQppHIwKNEG4B0000 | gQZJ3pnRxFlnjVdc0000 | yMLDeozIRodErPw40000 | xoXC3QjLze5XvFlv0000 | frYuFbqBaNux5lUl0000 | FBJsDk4oKUxUiKL80000 | 7tubrtiLqv2Shx2y0000 | itiG8Tgj4Y6vMLgt0000 | 5SM6Y4UbDfYCuEtx0000 | G8GCuSyp4TmFJxwC0000 | ypPf8xVlmJrMhrBa0000 | SiGbTl1e1GeJxGHs0000 | rKs7JubpzMcEq9mS0000 | yuPdIp9dZ6c8WH8u0000 | PXRIUDnROI1EOEFB0000 | mOI0TJwIW06RhiKR0000 | 3ooyVBuzZ4FTVzPr0000 | HfxxR6mZ6GevmDQE0000 | lZX20T3agppkmkbY0000 | UHrVNGe2j22DFlRH0000 | ELFiIkKUOylAFpVf0000 | c5evISuXWMWVWLXd0000 | OG4GMG5a4szGZwzW0000 | vfUEc7nJntxaghib0000 | Xlf6T5ehGxqbo1Gf0000 | udrgmBM7VuByB7vY0000 | 8DyLArUfZUWrEkZV0000 | kU7SoWWx0SNe8mOW0000 | SLUm43TWS6eUmmeJ0000 | yZg2haeSUbLTdoZ70000 | XmirqwSq0gfOFhZu0000 | sEEQGELSxjp0J1B90000 | LDwiPFRASE7lrk0a0000 | n6s1edX0DMXwr9Hv0000 | NVUsyoGcqhehYyNB0000 | 3NsI0TXzlKd5P32c0000 | 70JgVDQuUtZCNSnR0000 | 5o2KADdgDsu6j2QC0000 | JkQGDwsy3kNSEN6c0000 | rXk9mMALJAoufqHy0000 | NfJLPcuAKnhWeOpY0000 | f8v3x9T1ctM4LT720000 | XKKAjT1x5UlFmAbi0000 | kCwXXAH0yneWiLCc0000 | 6SnDoXxSepNfMfoz0000 | 70D0TPiZuHrA0ahB0000 | RzWDhZ5O1zuTjSru0000 | cRlztaJJf8pDGj1I0000 | imDaI3k5uOqZPRj50000 | v7QAQJ7x3C710YXg0000 | ENK3ChnmzoPIrbH70000 | 7EtNoPcG5FtRRFCe0000 | fSRq7flQ455P3BAJ0000 | p2MraT0Bf58wJkZg0000 | fo7yIr78tx9BS0hO0000 | n16wDQTqtTh7ALk30000 | 4j4YXs40MnGt446k0000 | uKstPFOKVHbmx0pu0000 | TliXUC8pBiASHkVG0000 | CoaO54NPjQP9LOna0000 | GMi7lX7pOaMU6nIt0000 | y8IVPdtMRhRmp4Yn0000 | 7whEO0iWpnPvfqyK0000 | rbOfDEhmDvOBvZoj0000 | 8lJoZlchEDmdDECH0000 | 02b1rBpnDSlNTyfK0000 | j571gmSj4giF1tza0000 | pbCvCEQ9x59iRY5h0000 | yr2rn761Penzn1Cu0000 | DjXuf4gWbq9aSxXJ0000 | rCmNguMb7O2EoNv90000 | BQVXaJtJFAXtqWz90000 | uq73sbT2Vpq3MraC0000 | meSC7jiGv9oJn4R40000 | IDINsthpvla1wo6E0000 | inNd7P78MMP1zpep0000 | he5VmJViILZcr5fN0000 | gZh6ng1QitufCprs0000 | T1ytjcNwdhpqx6C60000 | wots2GUYKzXeYAQi0000 | Rcn3OE2HWcL1oAjL0000 | kyHWotIpIbMv8VYJ0000 | VOZQHH8mj2tadErI0000 | 1zsWCgEo4Iuku2cY0000 | 8kfotG1rFR7C6tEx0000 | uHVWj23tpkDJoyMu0000 | uROfiCFPYBVg4kwp0000 | 4f6u9r6LJRdnsU6O0000 | sIDvYfa1uzqcqRwS0000 | CophAoX5pN0RIoGm0000 | 7p5wRPsE7WcS3i3w0000 | ruLJcTnLnWiEEOSS0000 | JOMYHZb5iTLjIArt0000 | oFeK0MCdb38TNIzI0000 | 7ZWGV3CILp0nypOA0000 | cakdqe8p2Mi4K0Tx0000 | QhKuOJPYCuTxjCOF0000 | bURQUxd1jBn3QGgi0000 | jvvt7PXGV2OJ4ns00000 | GUaBNpC70CRUUhPs0000 | oUCeHga27rn7A4200000 | HHfueiTdecWKmKZ70000 | hCZ7fNHCdrtzNWoL0000 | QCXGnwFZiNFIbqAv0000 | jbyddvYw2YU56iiE0000 | S8Z5EYILqEuQItMc0000 | EJ5Yq1fSDH4gjYgm0000 | iimKcOujwHzslqK60000 | idF8VQnFUZs9VveV0000 | xem8YSEUSE8ADYRg0000 | lc7SDJO1WwuvWGB80000 | jpLWlKBGSHCIxAAO0000 | vjUyygdtdQKTwJLD0000 | Vo4SUzm9EXVql7Va0000 | VXqiTRcoGwsvQLCt0000 | hPfxTvUHqYMYl7jM0000 | f4u8PJL8Mxz8XJfr0000 | e4kU9u1QCFaMeTfx0000 | WMfAI4lBX3XMj7dR0000 | sspZjsNJjyH3HK6O0000 | kV6JZbAlqB81Ijl90000 | iODIpBZkz4yHEn9e0000 | fU0g4eYZ0o7itSTJ0000 | RvCUCeTZOvPa5jL20000 | Lfi2VUnUXF7dXJyA0000 | YNqmkF8QG88AOwi60000 | KOAPD7aGs7cbSBFz0000 | lMIhVPiAgi4koYLf0000 | fQ6IvpRNEnpqwIRf0000 | DISPavFrhBwR4QW70000 | 4awIvnKQ7Y6XwQ9O0000 | tRdYOpbLGntOwOlu0000 | LTGhhBMcK8DlURai0000 | JbGzOt40XzRlpMEj0000 | LKoZQxPiUmmBNicc0000 | h5YincFpyBEeeJ0f0000 | 1a2IHrwSxSHXrQPY0000 | YY1MHduCUFQuZZ4o0000 | G2Wdg5ytNE1klj9e0000 | F1hTMbEerLizNuvH0000 | ftbGporhREOSpM540000 | hluKohWfxIjgugJK0000 | rLnlzFGeYst29tsd0000 | IPSozax6MwqeO46K0000 | hSesL0RADXOkIjgB0000 | KgAxzND305jq4FiS0000 | G4kZ1T5G1lDiKmHT0000 | BqAmhqpJmsDqkAz40000 | 5CgmWYvsrqWjaLb60000 | GZgUzhPjfgoKvoYY0000 | Ijnu1RSBnPbofK4w0000 | RhI2kyNvR2JfCUzZ0000 | pTXGNY1EPZSFKBy30000 | Z6t6JXUw4rdnCbdr0000 | AiMQoalmNWjVx8Ob0000 | 6HwOJo4a05hM19hR0000 | LFM5Q7HrcN3pvaei0000 | Jr4prYsumyTNnIzy0000 | VtVZyUhRAI8MVmXJ0000 | 3HR9N3EesqPtL5UT0000 | e7ui1ggpuK55z7iI0000 | R8AxW5HngYj9sTYc0000 | OOcZ16zOzuxOw2W70000 | VwsdU6hGa4lQz6z30000 | a21E3sDPG38r5Dcw0000 | jeTskHngBv9AM9Ul0000 | N4JeUxsvxxTmXtKo0000 | 2JmvLl3o54Rwff5z0000 | ATlVYpEfPyexXIDp0000 | WbWfeAQQ3jsOEPu90000 | ClcqEiylC7BgnJh40000 | TrlYCtN8J6WvxPoJ0000 | 5p3uWr90w3D67OGZ0000 | Pjbp0SHZ5B4REegq0000 | 0L5mZBXWBCzbxITm0000 | 7BZPEqqyk28E692i0000 | 2UPDANQvUHqGFZxx0000 | 4xiBHjXp5fbyX9Cp0000 | ca2aIPgh2SlWpzGV0000 | tU9HXUKroJiFEu2B0000 | U1yLGvX5xYTB8mev0000 | AudDRqZaWWmGB8pF0000 | Bg4bWvGya3qHIfVi0000 | PARYDTu5MRsaJK660000 | LIm4wp8Bm2dqachy0000 | wumW8jE182wx9evH0000 | qEpG1oM66MdtO3ZD0000,jkobject-vs-main-v1@2026-07-11T23:11:48Z,jkobject_only,False,working_or_historical_not_in_canonical_cleaned_layout,True,True,True,unknown_requires_link_readback,False,False,False,False,catalog_record_requires_structural_readback,TODO.md accepted OBS=10/70 VAR=8/70 @ 2026-07-27
temporal_pretraining/organoid/odd001100_gse118184_kidney_organoid_takasato_ips_timecourse,Lamin catalog working/historical,False,0,0,0 B,False,0,0,0 B,True,3,0,unknown,temporal_pretraining/organoid/odd001100_gse118184_kidney_organoid_takasato_ips_timecourse,temporal_pretraining/organoid/odd001100_gse118184_kidney_organoid_takasato_ips_timecourse,added_dataset,,pV2cJjceg10jmqzB0000 | j0TlZSriLXJESCKL0000 | uMak2VO5AdLnjBNc0000,jkobject-vs-main-v1@2026-07-11T23:11:48Z,jkobject_only,False,working_or_historical_not_in_canonical_cleaned_layout,True,True,True,unknown_requires_link_readback,False,False,False,False,catalog_record_requires_structural_readback,TODO.md accepted OBS=10/70 VAR=8/70 @ 2026-07-27
temporal_pretraining/organoid/odd001137_gse158999_mouse_gastruloid_cardiogenesis,Lamin catalog working/historical,False,0,0,0 B,False,0,0,0 B,True,3,0,unknown,temporal_pretraining/organoid/odd001137_gse158999_mouse_gastruloid_cardiogenesis,temporal_pretraining/organoid/odd001137_gse158999_mouse_gastruloid_cardiogenesis,added_dataset,,QWPvIoe8jae71FcS0000 | evq8Qa1Vqd08dJ7C0000 | flIjJxd78LSxtlJ60000,jkobject-vs-main-v1@2026-07-11T23:11:48Z,jkobject_only,False,working_or_historical_not_in_canonical_cleaned_layout,True,True,True,unknown_requires_link_readback,False,False,False,False,catalog_record_requires_structural_readback,TODO.md accepted OBS=10/70 VAR=8/70 @ 2026-07-27
temporal_pretraining/organoid/odd001151_gse148093_mouse_intestinal_organoids,Lamin catalog working/historical,False,0,0,0 B,False,0,0,0 B,True,3,0,unknown,temporal_pretraining/organoid/odd001151_gse148093_mouse_intestinal_organoids,temporal_pretraining/organoid/odd001151_gse148093_mouse_intestinal_organoids,added_dataset,,hORnm3Rx13uJ3qvB0000 | VNMNw2oY3aConvfz0000 | Yo8blzPA2ccGNmRp0000,jkobject-vs-main-v1@2026-07-11T23:11:48Z,jkobject_only,False,working_or_historical_not_in_canonical_cleaned_layout,True,True,True,unknown_requires_link_readback,False,False,False,False,catalog_record_requires_structural_readback,TODO.md accepted OBS=10/70 VAR=8/70 @ 2026-07-27
temporal_pretraining/organoid/scp211_human_kidney_organoids_atlas,Lamin catalog working/historical,False,0,0,0 B,False,0,0,0 B,True,21,0,unknown,temporal_pretraining/organoid/scp211_human_kidney_organoids_atlas,temporal_pretraining/organoid/scp211_human_kidney_organoids_atlas,added_dataset,,xdxbvseksPpKCYo80000 | ZijjLUVFmg9fKGjv0000 | s1voUEIS8II5GV8a0000 | BqkUJoEPMiEVaQhc0000 | cagC0vTfSyWyIwbg0000 | 0EHX2akYZv02ptqb0000 | 6XBs9u2EBi7ONXuS0000 | 3CpdBNQgcAZn5zCw0000 | pwgvPf4BWz1HngCj0000 | wm6weEEN7fp97SFF0000 | mKn5e1bLr2Qv5dVc0000 | PkurJEN3a7h0iDyC0000 | XQLPraYhmOhm5tKm0000 | TsJVmbHn9aixHLg10000 | f3buAGxjSnyZnzLR0000 | TCHz5tCU1zM0GNb40000 | kSUiMG7tgUjbi4pA0000 | EHe5rEpj5IEBLZEw0000 | sKMmDTuVu5cOPuH30000 | uLo9WSaVkTnEQ4EW0000 | cYqc4gToJvy9aNW80000,jkobject-vs-main-v1@2026-07-11T23:11:48Z,jkobject_only,False,working_or_historical_not_in_canonical_cleaned_layout,True,True,True,unknown_requires_link_readback,False,False,False,False,catalog_record_requires_structural_readback,TODO.md accepted OBS=10/70 VAR=8/70 @ 2026-07-27
temporal_pretraining/organoid/scp282_reproducible_brain_organoids,Lamin catalog working/historical,False,0,0,0 B,False,0,0,0 B,True,21,0,unknown,temporal_pretraining/organoid/scp282_reproducible_brain_organoids,temporal_pretraining/organoid/scp282_reproducible_brain_organoids,added_dataset,,UzxagqiH8bebSucu0000 | Q8xyCVuDG25XNgb50000 | PuZ1l9uaNTTvpEPK0000 | VWEP5M7mmsfvKMvI0000 | Fwlepm3i9XX0ai550000 | lzT4QhPC5TMWd1Wp0000 | qsqejsGvocijwspD0000 | MATL2osRP4qPsgqC0000 | LFMe1mvytO8lfEvK0000 | px6zBrXdpqDlL2h50000 | En7WBD3UKVQmn4SD0000 | VBXfjW1sELTQbY2i0000 | q3XsO71TosxyeMT30000 | kDnKlIkXvB6ItGFm0000 | zIGzb1cvNHtvbzpt0000 | YRCcXDf1ElzuoXeC0000 | ONOoF5N9503z1Xwb0000 | iEfr4duruCi71ceT0000 | A5L7MP9OAYpEWams0000 | WDHBTOpuXAG5LaPX0000 | FqoTGKhT81P7Eema0000,jkobject-vs-main-v1@2026-07-11T23:11:48Z,jkobject_only,False,working_or_historical_not_in_canonical_cleaned_layout,True,True,True,unknown_requires_link_readback,False,False,False,False,catalog_record_requires_structural_readback,TODO.md accepted OBS=10/70 VAR=8/70 @ 2026-07-27
temporal_pretraining/perturbase/gse142078_luhmes_crispri_day8,Lamin catalog working/historical,False,0,0,0 B,False,0,0,0 B,True,3,0,unknown,temporal_pretraining/perturbase/gse142078_luhmes_crispri_day8,temporal_pretraining/perturbase/gse142078_luhmes_crispri_day8,added_dataset,,kokv9gdnU4IN8kUt0000 | t60tf2JIGv7xWVji0000 | GrGeOgiabEPPBbdQ0000,jkobject-vs-main-v1@2026-07-11T23:11:48Z,jkobject_only,False,working_or_historical_not_in_canonical_cleaned_layout,True,True,True,unknown_requires_link_readback,False,False,False,False,catalog_record_requires_structural_readback,TODO.md accepted OBS=10/70 VAR=8/70 @ 2026-07-27
temporal_pretraining/perturbase/gse216481_row113,Lamin catalog working/historical,False,0,0,0 B,False,0,0,0 B,True,6,0,unknown,temporal_pretraining/perturbase/gse216481_row113,temporal_pretraining/perturbase/gse216481_row113,branch_revision,,ouBXZXNhV1wqIom50000 | YrkuVdkobJShqTjC0000 | fLjHycpCwXrPmp6m0000 | rl9VBPisEee2i8Fk0000 | Ae8a3N5kc8DdzhnS0000 | oMSjziynOQeXjqNI0000,jkobject-vs-main-v1@2026-07-11T23:11:48Z,main_and_jkobject_with_jkobject_revision,False,working_or_historical_not_in_canonical_cleaned_layout,False,True,True,unknown_requires_link_readback,False,False,False,False,catalog_record_requires_structural_readback,TODO.md accepted OBS=10/70 VAR=8/70 @ 2026-07-27
temporal_pretraining/perturbase/gse216481_row113_v2_t_31fc2d19,Lamin catalog working/historical,False,0,0,0 B,False,0,0,0 B,True,2,0,unknown,temporal_pretraining/perturbase/gse216481_row113_v2_t_31fc2d19,temporal_pretraining/perturbase/gse216481_row113_v2_t_31fc2d19,added_dataset,,OIXvVAgn0naahcCX0000 | h1MvoANYLEFEbDSl0000,jkobject-vs-main-v1@2026-07-11T23:11:48Z,jkobject_only,False,working_or_historical_not_in_canonical_cleaned_layout,False,True,True,unknown_requires_link_readback,False,False,False,False,catalog_record_requires_structural_readback,TODO.md accepted OBS=10/70 VAR=8/70 @ 2026-07-27
temporal_pretraining/scp1290_gse153162_mammalian_cerebral_cortex,Lamin catalog working/historical,False,0,0,0 B,False,0,0,0 B,True,60,0,unknown,temporal_pretraining/scp1290_gse153162_mammalian_cerebral_cortex,temporal_pretraining/scp1290_gse153162_mammalian_cerebral_cortex,added_dataset,,iqLbJoLsMwgWjR3Y0000 | 2O4orVBdHdVL84cA0000 | xXEFnYsdyqRXgaca0000 | 58nX7cRC6opTGVm10000 | hN3hbLXFWnNStEDT0000 | UgRCq3Qwi0SoTEeH0000 | wZkoNpEnQvqLV0VR0000 | 2QqhSfz3p1DEDnSd0000 | jcgGb4zqWHFRrIx50000 | 1VjP04e967GuoeBO0000 | fey0lzlqxFP0iBZi0000 | SYWmqLfHiiQwnfTq0000 | pWNyO7dsn1wQAe4n0000 | 2nl9k0cwd5H4rAGK0000 | H5WfrF9l1c8jb5r20000 | lhd4SCbCzHzPtpaW0000 | R5LjFMHhINkHp0WB0000 | 449NbqC5HttMtIHI0000 | sXTy999mG2erCJ570000 | f9m41Z11wEZ3tmZQ0000 | xOB4TMQNnlQoldhy0000 | MzqhZXvsf8RNKApN0000 | vSwTUb3gTvMIYKkx0000 | zmbnzjWdeMKVMoCT0000 | 9137dRoLZJ7JUJkp0000 | jlB2u5MVQ8MrNPYM0000 | QYqZbBjxKkYcDg4H0000 | r4CZ5PUk7dvBXQ2I0000 | VMLFXDJwlDpwR0IS0000 | MKgcvrtKrOVa5S3V0000 | BPJQ5nyZfVKLm13r0000 | uoQnB8yitwMHi0IJ0000 | sLPW5RZeNVVuWWfr0000 | Umj0yhJeMjAxwxvW0000 | eolHWsUfHKhRPGLT0000 | 81e7JhsiGyU3SCNe0000 | VsdG9oBBi5mlg8KP0000 | A88ELkt98Iq8bCxX0000 | 0DTZTmnQpgzV50tq0000 | KukIcAKlrwHM7EL10000 | LvXmn83LZ6zkwv2D0000 | U7e4t37rh7mLDH9v0000 | vSbJfpEKbqmRSdeZ0000 | a7Nc1aQ0Rgq6K6Vl0000 | 92fhZMzHy6Ik7SjP0000 | jSsxPwPTCzYMxuQQ0000 | CXOvhHS55U202OiZ0000 | CVIKny0diZ8ni1NZ0000 | 92MiZ9XBgyCDNuFg0000 | Z97O7ibNDi5Cl3Xa0000 | 7QkOeHapKcfpyNSj0000 | DtWFS916Dp502Psm0000 | 9FpSGoavtBHdYOa40000 | PAaABDDFUTQDUw1a0000 | Fxo8UHflv9hamlko0000 | dndTgj52QqOA5IGO0000 | FWvBufBsA5mQAsGl0000 | JYdDootFuw29fFzB0000 | 3f2Wytgvbr0Omdaa0000 | SYgEdQRm7rqsDqr60000,jkobject-vs-main-v1@2026-07-11T23:11:48Z,jkobject_only,False,working_or_historical_not_in_canonical_cleaned_layout,True,True,True,unknown_requires_link_readback,False,False,False,False,catalog_record_requires_structural_readback,TODO.md accepted OBS=10/70 VAR=8/70 @ 2026-07-27
temporal_pretraining/scp1469_hand_gfp_drosophila_embryos,Lamin catalog working/historical,False,0,0,0 B,False,0,0,0 B,True,3,0,unknown,temporal_pretraining/scp1469_hand_gfp_drosophila_embryos,temporal_pretraining/scp1469_hand_gfp_drosophila_embryos,added_dataset,,uy3h8uH5xRMrZUfl0000 | rEJxu2nfZ8gPR2NS0000 | LXDxspPAFj9yOovq0000,jkobject-vs-main-v1@2026-07-11T23:11:48Z,jkobject_only,False,working_or_historical_not_in_canonical_cleaned_layout,True,True,True,unknown_requires_link_readback,False,False,False,False,catalog_record_requires_structural_readback,TODO.md accepted OBS=10/70 VAR=8/70 @ 2026-07-27
temporal_pretraining/scp1549_zebrafish_beta_cell_regeneration,Lamin catalog working/historical,False,0,0,0 B,False,0,0,0 B,True,3,0,unknown,temporal_pretraining/scp1549_zebrafish_beta_cell_regeneration,temporal_pretraining/scp1549_zebrafish_beta_cell_regeneration,added_dataset,,H9Oq0RCdBD3qjmmt0000 | qPCHubT3LNt2wTwb0000 | yosA7RduR6tTHx610000,jkobject-vs-main-v1@2026-07-11T23:11:48Z,jkobject_only,False,working_or_historical_not_in_canonical_cleaned_layout,True,True,True,unknown_requires_link_readback,False,False,False,False,catalog_record_requires_structural_readback,TODO.md accepted OBS=10/70 VAR=8/70 @ 2026-07-27
temporal_pretraining/scp1570_early_chick_development,Lamin catalog working/historical,False,0,0,0 B,False,0,0,0 B,True,12,0,unknown,temporal_pretraining/scp1570_early_chick_development,temporal_pretraining/scp1570_early_chick_development,added_dataset,,QfPMfs6sy0raMH6H0000 | mBjGXXCdLEwvnzC00000 | nUtf9O2YEWZzzSGA0000 | kwXIwJxKELQ8OGbX0000 | aG1XFB7HnZBzxzW40000 | nTg3kUKIzfBRlQti0000 | OXlvsGEEKMergVEI0000 | PF3anBZXg7O8ME5V0000 | DP7l18pENmsAGE4e0000 | RsQaFn0SRqm5I6hf0000 | JUE8T7h6gvEXPy7j0000 | rdBkjcbRle6tF4Vr0000,jkobject-vs-main-v1@2026-07-11T23:11:48Z,jkobject_only,False,working_or_historical_not_in_canonical_cleaned_layout,True,True,True,unknown_requires_link_readback,False,False,False,False,catalog_record_requires_structural_readback,TODO.md accepted OBS=10/70 VAR=8/70 @ 2026-07-27
temporal_pretraining/scp162_zebrafish_embryogenesis,Lamin catalog working/historical,False,0,0,0 B,False,0,0,0 B,True,3,0,unknown,temporal_pretraining/scp162_zebrafish_embryogenesis,temporal_pretraining/scp162_zebrafish_embryogenesis,added_dataset,,1oIZ4tQIWE52GBu60000 | RqwZ7ACtyLJ3kPu20000 | hfI7F5bvkU5FIddK0000,jkobject-vs-main-v1@2026-07-11T23:11:48Z,jkobject_only,False,working_or_historical_not_in_canonical_cleaned_layout,True,True,True,unknown_requires_link_readback,False,False,False,False,catalog_record_requires_structural_readback,TODO.md accepted OBS=10/70 VAR=8/70 @ 2026-07-27
temporal_pretraining/scp1674_zebrafish_fin_regeneration_osteoblasts,Lamin catalog working/historical,False,0,0,0 B,False,0,0,0 B,True,3,0,unknown,temporal_pretraining/scp1674_zebrafish_fin_regeneration_osteoblasts,temporal_pretraining/scp1674_zebrafish_fin_regeneration_osteoblasts,added_dataset,,4gQqGmanrsRK8iDq0000 | 1jMFnlTzaEOREZzR0000 | zdumMw3IqO66Z8Rc0000,jkobject-vs-main-v1@2026-07-11T23:11:48Z,jkobject_only,False,working_or_historical_not_in_canonical_cleaned_layout,True,True,True,unknown_requires_link_readback,False,False,False,False,catalog_record_requires_structural_readback,TODO.md accepted OBS=10/70 VAR=8/70 @ 2026-07-27
temporal_pretraining/scp1846_pten_socs3_retinal_ganglion_regeneration,Lamin catalog working/historical,False,0,0,0 B,False,0,0,0 B,True,390,0,unknown,temporal_pretraining/scp1846_pten_socs3_retinal_ganglion_regeneration,temporal_pretraining/scp1846_pten_socs3_retinal_ganglion_regeneration,added_dataset,,NVVzPkXxWzZYczW20000 | npIoqGeW5d9b02bb0000 | D1ljMMO0z1JEi8mp0000 | HWEO4FList0zJtzn0000 | vRQLaE3Y9HvbrL3w0000 | 1Lynf4wCM5Zl8cyQ0000 | V3FwyxTvJcOc0kev0000 | CEj3gvIsTM6x57Zu0000 | ikjyZA2jaQLW1xw50000 | CdqxSt8xXH3mWC9F0000 | ljhlcyl90ZnqyRdL0000 | b03WAcctpX5hKMG60000 | V1ho3KcF8A7qekAB0000 | K19ScSb0cwY6deVC0000 | M6pPSovK2h7n3eI20000 | D2LVSG4DPR0a84t50000 | yJ3IT3YlT3A8yhAC0000 | uw1YiugIWPqmdNDs0000 | XLApTpeOSNZld7n20000 | hIvu3X3LR63ZBa8P0000 | m7cMCXZDTEQ7k5e80000 | b77tVh6n7FH73d720000 | Dk7vfeBKybRiXKvv0000 | Asr899BXwr2pEbRF0000 | My2Z9kqmpNSUe6qh0000 | A7rp3thNFoSr9IOA0000 | FQQYbLARq1PFC0lj0000 | uixJl1BQJftc3xGc0000 | 8VSs3w7N9OzkNCYP0000 | QtJMC3dpNbM99geb0000 | EBHHTk8CqiDLxGax0000 | ER8G0rvrDoQ3kt8Y0000 | Z5mIzT9MFiE3zW6f0000 | dJsCHgX4qmUPbRRn0000 | jaqHlEBWK5Kvc84Q0000 | kh1cAjlPmd5n15Dd0000 | KnAzoOKgKnwCM4GU0000 | waSqkUw66Q7ZD3An0000 | c2Qsuqiy7uUSraUO0000 | ebOmyuFBGbf3wSjc0000 | aNdSLtc33rTkpRWG0000 | mlntwYBqaMA35QXu0000 | Ld04m1jrqaH6WGOG0000 | aIgAyABI7zHFpF9o0000 | 9Gi0bKiZmzOLjIh90000 | t49e0CqTVG0LE0hE0000 | xY3BOkVS3DPI8f810000 | ftRMqCPiwNQaXavd0000 | QuODZzmhUWApMlgU0000 | kMaFncamIp6hx6zt0000 | Wpvn0VneOuDltCEI0000 | 1HvnZUFDY9mCYC7v0000 | YQGLB9WVrQg78pwI0000 | C3uCgHA5hNOTDWvb0000 | WJ5ND0jfAQ7s5VOl0000 | ykcZsNwf1EAybILD0000 | zubAAzpFhWsw9Th20000 | ArCrzfh5UgXRyk4n0000 | Rmka3xeZ7xORkkN00000 | PqxGKUjr4STCs6CQ0000 | fbj6bsV8RZS9C5sM0000 | RXAwMpMxBNqKZkkF0000 | SmpIybBEJylxInB00000 | jFej0htuY97nrtik0000 | BwrbpOwmSpxyJXES0000 | 2p5lx9DtsaETePLl0000 | aX3peed4jwCJWVE70000 | jG2Ce5xoL6PEv9cl0000 | dZ3MUG1m2grsYEFW0000 | yBa6vMkjgFU2yvNC0000 | R6y9LI3q5RAW9fJc0000 | nLK0Zyx9FlL7qN8B0000 | vp8wyvITBZ2jNcGo0000 | RVvWQOTXNB3c6Q830000 | vkwbgop5ZjSt1KQN0000 | lL7IHA5b7BICaWXX0000 | csaPW6gi80BqmypG0000 | t08FMpa1V1P7L1e40000 | A1LHFoHiGBU4YIh50000 | Eav25Pk2bONa1JrJ0000 | pN5shOqrygIOuO9D0000 | UngEhspTi3elRCOV0000 | QLapWk2bKjjv99Ld0000 | qFHleSmOBBmmhIdE0000 | lFAchs2uAOqwkr7V0000 | 1q84oyLjWTjiP8Uw0000 | IDWha0XMfcnlletA0000 | 4HVWLhFifhupNmFI0000 | kYJnl5KYnGDVfHMf0000 | srkd0lpwe13wEkVu0000 | tr6hkkXAvOOoRXwu0000 | NAA83GhnKjWAhIwi0000 | i2t5HxyWl77MuO080000 | j9o0W7EmQ8V5vmyC0000 | KoNVFrzstHY903JQ0000 | 21lPytSIOQXRJfHq0000 | OajaBesdS19i18SM0000 | 20ZUvoLWqq4z0h7Y0000 | qcn5VQxhJt7pd3Be0000 | U9tqFwWO2nkVKCBh0000 | RCthe9P1l0ajib8d0000 | KdFtR0EdWqsYcTjI0000 | 98R9uohDlj50MDzV0000 | Z4815xHKN4pHn7720000 | 4DDPZApUJfIHSVLP0000 | tspM44PJaZWFAXox0000 | UZmVpZRu1qYBj53S0000 | PZZAgTPh7B4qeevS0000 | gIfYrWEfUrW1bJks0000 | 2ciaoOVfUEM9p89l0000 | RgxKxeC8Cugh83qk0000 | VkITtFcEihc0s6nW0000 | gOGqEzFNDX4xmyKm0000 | sJIlZNFTvtZGbN9W0000 | FaK02Sgs2KQvFChR0000 | 6R7A7r9iaNCEFMOa0000 | 5XQi80sVQgDjmTHl0000 | OggepzohweL4pSD30000 | j2IijKT9ABSdm07z0000 | x28UYPzQDlRoQw5k0000 | QrQ0LUEb2orSobe50000 | 6sy489okngO3iPhh0000 | GOgnauZYfIu0t0jU0000 | BsmmDg3GgUgqPpbH0000 | M7h8BEvIp4d0KHuR0000 | WpkTjS6wkCeSoW8j0000 | GzkpGH0v2hEeBhhj0000 | SLQEre2VAkU3E7ip0000 | C4q3UziB96N5DH6N0000 | Qx5bs2qIJuDEjEpS0000 | Y8r6JhUqARtUFMod0000 | PLY0oeszUvNWLHBv0000 | pbvgK0gjdRYnTFHI0000 | 0CYPMik1K9JvXGU00000 | Y2oG2SKcDvmVMtM90000 | 7piUsKl2vUlRgYAC0000 | 90uCLwojTDhkpbIm0000 | Q3wuF6Rumf6JlSr70000 | YfjgTF1qVykrcfA90000 | MGOLlMWbDvVDNViJ0000 | DZTR5T4pFi54OFY60000 | zerNC4CvJclBb8xv0000 | nnmYXYj9B2LKRLBM0000 | 2mLgcPryf0FFyTkG0000 | xjH1TEidRYsDJ4Ru0000 | Y7Sn46w7t21daFTV0000 | ZVrJUwGvidzN0zXD0000 | 42Gr3bJttkUqZbtw0000 | 7VtSbpGa0LAML13j0000 | akKg6sAfDOwEmI4K0000 | asnoFEo0BBqY4S470000 | jWRf6EzvfR0JGW200000 | g2WzbFELSoQIoBny0000 | etpoOupoP24HPMeX0000 | sJjtzacDmzkGWcLT0000 | hmiilPgJKMtJItIF0000 | Af3abgmBgvG0p2NO0000 | JZMz9ffSFM4By6Q30000 | DExEOmMI0OJ3HlJZ0000 | c9c8Jer7LLk2OyLO0000 | PMsmuWzLg47IAVLk0000 | 0rjrt8pp0fWMdSrP0000 | WsEshSBLqkAjzd0x0000 | Snn0fWurVYAnP6LZ0000 | u5UgPySnSf23b3Td0000 | HZT8RwNwdKpQ5zPV0000 | Q4hzWG2UPLreJafE0000 | EamGXLOBKHTvGV0s0000 | qPGwPspA8CdQs8ag0000 | 5AwyVRwZLPZJBJ480000 | wAsOGQqeGgUpuVJc0000 | ITAearEhH1e2Ombz0000 | MmKRKM8smziSD2wE0000 | XIbNK9JHguRDqsyp0000 | XxYL0WftpSnWOzns0000 | 6xx03c2GhYeJf4940000 | CutqUOriU3pEjDjS0000 | V6IfvLukYIbY2HRo0000 | gSN6hQJRi05FGg9D0000 | s6UtkuaTMnZJX9g40000 | 9ays8kAT6Ga1oUP60000 | 18D9dp48ueNUK9jU0000 | AGmGCoqfWtq3K03u0000 | lspSdTRo4qZrPsdu0000 | WP6CxBEb6KTmSnlO0000 | k7cuoYNGUpCbyiFX0000 | 1YSu5n3zVSw8rU9n0000 | JCPBymnsvPhoZSey0000 | lLotbZOQJzWfIwdh0000 | X8Vb8Pj6CQjGnAmb0000 | KJ6T8iFW12iZGsFE0000 | 1MekD16mfnUiussr0000 | VX2tJCryAuMsdQs20000 | kYYhHwvf4bR6graD0000 | yEkz77ii0Nbo0xrG0000 | Lr0eYDyjreDzWCpC0000 | 1zN0ksWXXWhnlPWv0000 | GH900ERD4l2eE9vJ0000 | ZpkGI1E2ZNdsDJ2W0000 | hWONLLAOhSH2ZVp30000 | SPI01Ibnc0L2QeXH0000 | 5DB1F4sx8iFqPLf40000 | 9yaOcS8Jg8jZnXLC0000 | ol5SzYMiXot81i3g0000 | cga5AbgwIVaszTPW0000 | LnBsLZXRNcFWMxWC0000 | D8va03U6iRGkvxRZ0000 | ZbibQ0q8NRLAwsAh0000 | Hfa8gIbxiA8SFwQn0000 | 6SLxF6kSaAoLcoHr0000 | EVXNVf2hkdx68g4Y0000 | j8boZzJMSP85tDeI0000 | jDt0MRbRSNZKzlld0000 | PxmH0AFQeFhPJs7q0000 | PucRGcBrSErMscrL0000 | RkvkyiEOJjjyN4pE0000 | 5C53WM6Y0IcalGCi0000 | 4pSBDnC3sQOoPyRE0000 | 3LYgsUYuxXFzETN60000 | a8Tl8SBvnbnQluff0000 | l6hOWnBfEPsKI2EF0000 | euewSm880GIOPMiH0000 | BCZ8ClBwhaVoniEz0000 | hMy4XifZxIt6Q2lj0000 | SbzIRovBcMf4EFrX0000 | kBaToCamgd8mHD9k0000 | LbjZXCbWdAXg5b2V0000 | nGjjB2vbh4KwvRYS0000 | GeIdKbkJRFFMNkr10000 | 8iwV4FAPSR9bhs1o0000 | PQOYuaI5GMNka5iS0000 | DwnMvXavfQV0S9SI0000 | H0tY6dfozkbjXP6b0000 | bVPgx96Q9njJ8ZxU0000 | nChGxBeEIOLB1FGY0000 | fPE9bNPGOVzLqHVN0000 | 9pe6uFGKehCJiFo30000 | 02gyhSDoslMhkma60000 | ylIcjDQx5MdF8G6l0000 | SyOXb6d610tl7ebH0000 | HFktp9YCJ7TUxrIs0000 | qVR8SCldwIMSkL8e0000 | 6nkEtOaz6fsmaPfD0000 | 7fLzZX4pJGHn7Sso0000 | z4m18Djo1G6fcPeW0000 | jmYdCaE6uwzRilFA0000 | jq5lYUv5nuhdVZDO0000 | DHgNSE5UYUdupDpX0000 | f1BNEf1oNTyxgwHr0000 | Q3mssnnbP02arimA0000 | 3Z7Mb4SEfcxTc8GQ0000 | eKN9qkEdgo1XSqtz0000 | uJuQsn72IGSjvuAy0000 | 0FwWte7ftClfGjMQ0000 | XUyOwqRjraimIg6F0000 | QNtEOkeG2JeZ6OS80000 | 06FVgJeQaiyy9Hj50000 | dfUEhJ4XvFsuHmRN0000 | onlaLz8zeSt6QZJv0000 | Fii2dhXtjxbbKwVQ0000 | z5rC8ynAbgh1r31N0000 | 4lkgOas5qdNLi5Os0000 | 4XDYnS4iilqQyq0e0000 | eurPZVJWcYQxdeuR0000 | m6MC13SpCt6VNQNn0000 | UBtvbhqYxR55dJ3E0000 | mMZ9h63KtcfnZxn90000 | aMLIBkKhsQFTGX4I0000 | qC1o5ntEDI7O5adR0000 | yAHdfgCJQG0q7I6A0000 | 6OHdYzdLsDOIuwwO0000 | 0iEsW125mDzM69Gx0000 | NRKz8cJo8DG2mVIF0000 | WZE9npBeZw4sPeQT0000 | PzYuCpDdB985E2Wn0000 | vVPDKNe7UvqT3ldH0000 | KSkCS6GMM8LG5wX00000 | vEnc8sVbj1eYeEkD0000 | F3XDI7NA7d8yVm4W0000 | geIrMNOG9S4v1mR70000 | NScKA6jv2rm5Izvx0000 | anib5kXLx4kfiY6G0000 | E0qZBrLCCMURSPXb0000 | AcBShUAUMjCJq5Vb0000 | jMyW9oYMu0rGGoSr0000 | BVIzoKd4VwwpG8bh0000 | N4lRCmT52foadfjy0000 | qE0cPK1gPBf0ZPVO0000 | Cup969XUQ0sAKH6B0000 | YjLtbCeadjxNIDws0000 | dJ9XdOLQfexH7RbQ0000 | 6rAjfBOCbZrNYIB50000 | 9eqhzLBxhTfv6dl70000 | GhSYK8oijWRJNnW60000 | 0ePfTXOq4JiN4l100000 | p5NT8LQGIQzGdsNY0000 | zTIN4fCoR98l3LTY0000 | BgXr1h2uDtdphdB70000 | MJGupKGn0RKVWbx00000 | CQr3G8i7AKMzutAs0000 | Wst2pinLH311S1Hs0000 | MDZkdIm1qKN9XtFI0000 | 7eH0INPOj3ia222U0000 | 6kQnts6Vk5PAze5x0000 | Axaj33DeLfxTWKAJ0000 | hq0irWLDuxI3hmEV0000 | ySTpcCILpnnbMNlW0000 | bKRfp4XsUljUKITF0000 | N2lO7X3x5G1gDzRK0000 | QaRCJkW38eOVmBFt0000 | o5ICUnV1Dn0mGvzO0000 | dTo2J36JvBHNpGnu0000 | f7hEiB7QGcx2qNrL0000 | TBnxch64QQ7nQsrv0000 | rzzV18L9gwPrv09W0000 | oJsL6oIwcZvmfPyL0000 | FqwmLJyYv52ITXao0000 | f5NydB4AruvljNmn0000 | u7uGts7YQIXlXNhy0000 | sakFxs3WsKkQZTu00000 | t9G1WNScygbNYVVt0000 | GRyYSkNZ7J0LAWJa0000 | fUO2we49RLpKdOJg0000 | 0a6SinzAHPR4lgDV0000 | raHOGhgxPOv5tY7N0000 | 2kaRIff9EoGGAhDY0000 | n9BSg445JwZSEuk30000 | imjCJ0lARTyaUIJ00000 | Q1gMKv8LF8bIsv4A0000 | NpBZkqt1XdWGQbWz0000 | ReLxigxerxjYYAR00000 | RsWfAPEwEJLU1o6P0000 | gQaSjU6eTrCde9md0000 | 1VLBxAgN971NOmUW0000 | rnDPVkz62KhdaVZe0000 | ufHEcQoxD8HexB1o0000 | gXuQ66OEWmvtDEGN0000 | Jb4eFGiykT59iyN60000 | GOlvwJJm2vAYoDee0000 | pwik5Twzz6I3GqRR0000 | szMufiPHdZ8gxwQN0000 | WVXQRmVucLW5EUDN0000 | zYNPgG1lpZILlCSO0000 | kN81Yr9YJSUZyLJs0000 | r9FEM9zgxWQibGRf0000 | p5Lbv210FgIRQOFT0000 | 3dmSXHmsVx7vKDSq0000 | tZjD6TARXo4BvjiR0000 | kKGmArDNv96r9xWw0000 | OObzUfKPNHot0Hso0000 | UtAQM9xaWRfeBCWV0000 | uscu0bMOiWGSKucs0000 | qhes3zcJ2I4sRckA0000 | dtllb0bMoGdNUqcw0000 | 7WLlKP6XFQAbqpuG0000 | gYrwTz4xdGYsiaUi0000 | 1AEd7qgKUoqCzrNG0000 | AASz5lbT1Jxf2Pta0000 | PByBSNrY1aa2ijg00000 | dmr3CDBag6KoVbcz0000 | 1nbhnPusrCqoIhLO0000 | Hm2ynToiXKs9ZdxD0000 | eRYLaSaW17k1fF1B0000 | YS2GXaC7RtOjNA7q0000 | zS6YQEVxZegRZswP0000 | rIzYT6NnlP3mdfkG0000 | 2NyoykOTxRVeHdPy0000 | 2nEQ779kLABBMWLX0000 | KD2scMnftA9TNgfu0000 | x6IJpOxC6jBb14VO0000 | 6NvC1hrPfwFLSlHc0000 | Rx10oW4QNMfa8zV20000 | V00wqlQotq6b61JI0000 | Ii0zp5J9VnLgRgjf0000 | U7YhcVjAobDRYpch0000 | UtODNqc16932GB1Z0000 | IvTM9MHqWgDFmbL20000 | CXIG4X9RRPjMfrBl0000 | jQ8R3zGK5ZLT852F0000 | ujHuIpuOqltzpfbq0000 | GB3IwD9TfNxX7jmG0000 | 3LPKW9xltd6aFpil0000 | KqieWQLaE1tFvM3l0000 | V2uXtyQt07VKnOJh0000 | LJNgycPVQLrLmXB10000 | tCH3BfROUJhNjRF20000 | FSBPp6wPCVwrnw1z0000 | SYu66UjXXdySl4dp0000 | SXOSvjAITVntRj0g0000 | 2Smi1gt5Wn4avYsv0000,jkobject-vs-main-v1@2026-07-11T23:11:48Z,jkobject_only,False,working_or_historical_not_in_canonical_cleaned_layout,True,True,True,unknown_requires_link_readback,False,False,False,False,catalog_record_requires_structural_readback,TODO.md accepted OBS=10/70 VAR=8/70 @ 2026-07-27
temporal_pretraining/scp1973_zebrafish_retina_regeneration,Lamin catalog working/historical,False,0,0,0 B,False,0,0,0 B,True,3,0,unknown,temporal_pretraining/scp1973_zebrafish_retina_regeneration,temporal_pretraining/scp1973_zebrafish_retina_regeneration,added_dataset,,aMnJwlABB1VMeYJH0000 | 2u8UrHx5vCE0O4zZ0000 | TR04mLvCnFyXmXbF0000,jkobject-vs-main-v1@2026-07-11T23:11:48Z,jkobject_only,False,working_or_historical_not_in_canonical_cleaned_layout,True,True,True,unknown_requires_link_readback,False,False,False,False,catalog_record_requires_structural_readback,TODO.md accepted OBS=10/70 VAR=8/70 @ 2026-07-27
temporal_pretraining/scp3301_anterior_segment_development_wtintegrated_processed,Lamin catalog working/historical,False,0,0,0 B,False,0,0,0 B,True,3,0,unknown,temporal_pretraining/scp3301_anterior_segment_development_wtintegrated_processed,temporal_pretraining/scp3301_anterior_segment_development_wtintegrated_processed,added_dataset,,dTOO6Xsiul4owHAl0000 | KcsemsJnQkJ7ckcF0000 | orm91Z7upXeMWelj0000,jkobject-vs-main-v1@2026-07-11T23:11:48Z,jkobject_only,False,working_or_historical_not_in_canonical_cleaned_layout,True,True,True,unknown_requires_link_readback,False,False,False,False,catalog_record_requires_structural_readback,TODO.md accepted OBS=10/70 VAR=8/70 @ 2026-07-27
temporal_pretraining/scp454_proto_vertebrate_lineages,Lamin catalog working/historical,False,0,0,0 B,False,0,0,0 B,True,57,0,unknown,temporal_pretraining/scp454_proto_vertebrate_lineages,temporal_pretraining/scp454_proto_vertebrate_lineages,added_dataset,,i3OQ4LTgOJzCCclk0000 | 9Upj2SjlYiM31JMU0000 | uihW3HdN5MK5ApPb0000 | xFkk6T2SrUEWNGf60000 | 6sOz0fauhi2VdFp10000 | 6RHFJZFiqBeHxl6A0000 | ox5IIwVZdt50T2Nv0000 | pHhXZdNdLGDE6gjZ0000 | BzFWyHPhkK98oeJh0000 | tl3J4SQGbiZNId3c0000 | C7Ramq2S3iBa8jCX0000 | GRB8ogWXUfMXl51b0000 | EYauJTqFtHTN116Z0000 | NuvvzEfcM2sRg8be0000 | YDhDSBIbwanRxRJL0000 | In567VpSe72s8hed0000 | KxXNt6qG4No0f1l80000 | VJvG8HWss5U8hTgb0000 | Tr4mOnf8QblkkLNH0000 | VgzM5uUIjkt23Em80000 | 6wmvVt03yP0FIEvh0000 | 8TFdYKidPRTPNPan0000 | Jr8LN0yTfFvX6XZ80000 | t5Jq1bFYojhFr5O10000 | 7mhx5PdW2LZuXYOu0000 | zsIOg9t0BVthQy2G0000 | lnO7ijLv5jk9R7ty0000 | ZAqQjGRcZbc9Q9pa0000 | AqXeUjInuvehjeDn0000 | 7ogDvB5Ygf7r85lP0000 | xKThuHI1nonS1Oa70000 | bqmoC981CQsJ8AnR0000 | X4WVxOBTShCl4EJf0000 | qQ0XaqiVkO87XJZv0000 | Y3molnk0q9ncMsYW0000 | emhj6lbI10fb0JV30000 | DRVSHeG3o4XYKeNb0000 | UiZr2fVLor4ImrJA0000 | fDyI3BOx82FRtLHD0000 | fpWSEQLuFT36JZNf0000 | OTOxxpsZiUAYhvDM0000 | 49nncGhrrhFfDqJh0000 | 4yqbCvGryNMmtH7G0000 | fcceJYXMhNz8xaRa0000 | WGAeLzmhl6yQgvHk0000 | rmsPAu62DJbeb8zl0000 | k0bZA5gPSZzkFuRw0000 | eLF7mYdW80cTEwFa0000 | AT87LBC5aEdTFQbP0000 | BHxfTahi3einmYBf0000 | mreOtYRcO0AUaUuE0000 | oqqpEscxY2hFTK0D0000 | H963O1DImEm8i0h20000 | QuCgFQS4L4J1y6hd0000 | JhWqH92q7RKndnj80000 | 4dk7rcjUgFChCrnE0000 | jmmjmaX79yC7MmiD0000,jkobject-vs-main-v1@2026-07-11T23:11:48Z,jkobject_only,False,working_or_historical_not_in_canonical_cleaned_layout,True,True,True,unknown_requires_link_readback,False,False,False,False,catalog_record_requires_structural_readback,TODO.md accepted OBS=10/70 VAR=8/70 @ 2026-07-27
temporal_pretraining/scp667_zebrafish_hindbrain,Lamin catalog working/historical,False,0,0,0 B,False,0,0,0 B,True,3,0,unknown,temporal_pretraining/scp667_zebrafish_hindbrain,temporal_pretraining/scp667_zebrafish_hindbrain,added_dataset,,iBoQB2fW4EUwqKtE0000 | xouQ7XNmSZlBppIT0000 | Yn8sSPntl4RQ0dbn0000,jkobject-vs-main-v1@2026-07-11T23:11:48Z,jkobject_only,False,working_or_historical_not_in_canonical_cleaned_layout,True,True,True,unknown_requires_link_readback,False,False,False,False,catalog_record_requires_structural_readback,TODO.md accepted OBS=10/70 VAR=8/70 @ 2026-07-27
temporal_pretraining/sea_lamprey_sexual_differentiation,Lamin catalog working/historical,False,0,0,0 B,False,0,0,0 B,True,12,0,unknown,temporal_pretraining/sea_lamprey_sexual_differentiation,temporal_pretraining/sea_lamprey_sexual_differentiation,added_dataset,,HRhR1IltgoHFHPhe0000 | HCVtluzYr2kD0FxW0000 | raVuSjBkHBzpK3jw0000 | ySnVIjBtI5qG7biH0000 | eAhVKQ19F1m7eTGV0000 | wGAfcF0FskZ2N5Hl0000 | wuCeqgRVmIO4CH9j0000 | JUg7p14zJxJSrect0000 | bq3f0cSVGMvo095M0000 | fsL7CcBr0xiKwx0Z0000 | hq9DGDRQE4qzKLs60000 | LGura70LOaCKmG670000,jkobject-vs-main-v1@2026-07-11T23:11:48Z,jkobject_only,False,working_or_historical_not_in_canonical_cleaned_layout,True,True,True,unknown_requires_link_readback,False,False,False,False,catalog_record_requires_structural_readback,TODO.md accepted OBS=10/70 VAR=8/70 @ 2026-07-27
temporal_pretraining/stomics/hesta,Lamin catalog working/historical,False,0,0,0 B,False,0,0,0 B,True,93,0,unknown,temporal_pretraining/stomics/hesta,temporal_pretraining/stomics/hesta,added_dataset,,BP6fKMfoUZmWpy840000 | uTBnsuqdNZLz8AEM0000 | Udk1Peo1uLicIeG40000 | 4HMDnUzVQwa64Zia0000 | krslPa5ppaVdfg8p0000 | bQaHwnnUf0GljnHl0000 | ws6YaGJzsJO2i1UR0000 | oRh1r3FrNxEoBDsH0000 | 5cGWlrPHzECjRlSM0000 | C6WzXRBGczNx3p8J0000 | ylQadrwC4n188grT0000 | vzxbsCp336Vtkw2g0000 | Yqy0CoPjUlQgaPGF0000 | XBlKPheBHHn7kYYT0000 | t03db7uUA5lPDidz0000 | pSxFBLKmBH3f6WxH0000 | qiNN6isedaMrmPD50000 | ZAEpdJGjfEwvYhoH0000 | WDsPC11XooWZa6CS0000 | 3AQ53Up1d2mlPdfX0000 | BCqlY9NP5rgGKp1X0000 | 1g3X4CPH9oHYgupH0000 | hnjC8ygq6eABxZTh0000 | XnSzrkE3NOHRzG8t0000 | L3S72otLa0eQgmja0000 | SylNMymbCU0AbE1q0000 | VutaejBZV5sYs2320000 | W6fKQQpujSz1o2te0000 | 3YAlQ3qWRKwipt2k0000 | Bxj8p2dBkYVPFq1t0000 | KFwutBnFmF0B4yJA0000 | tC5Gcnan0DDHdnne0000 | QopZ9lxUtoaCNmNc0000 | VbdXUeeaRnkQMmw50000 | WVwUhy9uE6cJUos30000 | sHuth8ooxXvN9IhT0000 | AecTXnKocfxgzgjE0000 | 1KRMgfHjgyx6dXbW0000 | B0WEyhE6Olfmj3da0000 | KI6DPagOqEYIq3r80000 | KXnYW4xx48yP3fP00000 | bc6Ty7Qd9Bnq7zPK0000 | zNdXayyYcLhzXORD0000 | NPATNZ7dOg485xyI0000 | tFRQB5VLoeB3SsTv0000 | kEjZpGQjbATMJToN0000 | 9uArnJ5yJySL7puz0000 | vTy0WibAHyOCSbmd0000 | js8bsWD5HcJxvh3G0000 | umwfn8I1QdsySfWv0000 | Rd4z7XoRQbD8gbnA0000 | qNoeYuFzuAfSOch80000 | tqfxRQsZEhwyjMLO0000 | W2HonrxLt85t7qKH0000 | ikHJkxVZl6sU2DAb0000 | B0KDhpL4zsPpCHb00000 | X0ffpacjnYIny9Am0000 | 3bqMQuR3tYwSIfDG0000 | axHVNNN53eK8u5Ve0000 | wUQNNosiBFFwjC6p0000 | rG4i8O89SsVvFuHt0000 | a2duWAAKHTGrEa1K0000 | 4qpm12tIu3vnEFNS0000 | 2c8vYdT7DAQXFwOy0000 | 1z7Bk44FVxSO53v60000 | HaIKM2vvyBnNCe2u0000 | y8TqaT5eydsP0Ymq0000 | Nj3ysRTL3D0Yc5ua0000 | NEHFWcEL7Z30BOOz0000 | xqgjEQMDzv0LtQKG0000 | ZExm3OebtbFXa0eF0000 | TliBo4piYOnqmDHU0000 | AkvHzeAbqb7J9a0u0000 | cjksluzCWFLjI97F0000 | hUULBKJJHuqYHj4t0000 | T8lBBxTp09rzKUFr0000 | LSlQaXL1x4zkzQGV0000 | TQrgKq6W0ldP0tL10000 | COPYp1pfczzQrjYT0000 | 8nHrtWCJsMcaZ9BI0000 | MxF9gTNE4QfeBLY00000 | MotLA7J7DEjNrJ8q0000 | pEBOOq16AnNp5U0v0000 | 0kHJpWaMYuv6tydm0000 | 3Ghz73sGlQYqIw5p0000 | oDFshItOE55E4WPp0000 | yfZiOaqAY2dZbuEL0000 | GCVJyxc7OZeA5fuV0000 | Fh7hONYlHUA12WAx0000 | E9tuQvgIibJU0S8l0000 | H0AvGg5W1PugANR00000 | frRLMjKfrygWIu0o0000 | f7pAG6vxrDjqwZnQ0000,jkobject-vs-main-v1@2026-07-11T23:11:48Z,jkobject_only,False,working_or_historical_not_in_canonical_cleaned_layout,True,True,True,unknown_requires_link_readback,False,False,False,False,catalog_record_requires_structural_readback,TODO.md accepted OBS=10/70 VAR=8/70 @ 2026-07-27
temporal_pretraining/stomics/STDS0000060_drosophila_stereoseq,Lamin catalog working/historical,False,0,0,0 B,False,0,0,0 B,True,15,0,unknown,temporal_pretraining/stomics/STDS0000060_drosophila_stereoseq,temporal_pretraining/stomics/STDS0000060_drosophila_stereoseq,added_dataset,,vyKg1G4un7tEO5ib0000 | RRGRXrET1V4x7uFl0000 | KsyRXN3oj3Hc0PGA0000 | uaBZQcDaY4KouWvC0000 | vmpctNAzPAtfuUHx0000 | l29JDgh3DKUwCG6K0000 | Rx2dgX8gJUE2froC0000 | sAgRqYVv8qqLcC8K0000 | FiU6rbA94mUwgM1P0000 | s37KVqm7ahKgrjDX0000 | ewfNaspic7JbAQh40000 | 09Eu3xItLF3GS0vl0000 | QsuE795L6SZ7bXoX0000 | RKjQkuinJ9kVhl7v0000 | hnf9bQ1ldhqiVtja0000,jkobject-vs-main-v1@2026-07-11T23:11:48Z,jkobject_only,False,working_or_historical_not_in_canonical_cleaned_layout,True,True,True,unknown_requires_link_readback,False,False,False,False,catalog_record_requires_structural_readback,TODO.md accepted OBS=10/70 VAR=8/70 @ 2026-07-27
temporal_pretraining/zebrahub,Lamin catalog working/historical,False,0,0,0 B,False,0,0,0 B,True,33,0,unknown,temporal_pretraining/zebrahub,temporal_pretraining/zebrahub,added_dataset,,100ss67vpErYSyjM0000 | lYcvEEVL5AqeGYVE0000 | KQRKXQAN3j4KDJmA0000 | DCHTPb5LvZiWcRZ50000 | J6Js0ALQPxX8SPsU0000 | XCnAXe1LN08QaKo60000 | revvbHp0EVzadWTJ0000 | jWWxw68kpUzixdKz0000 | bRVTnIoTZc5FQfd10000 | ncL7e2lXko7K0ZYl0000 | bwzp3QNue3Dh62aj0000 | 3Qh0XiVwt4ukTaQE0000 | oNSKMy1CNmv3ACN60000 | qO2Z1CtsmLnYqFAP0000 | jI2poeSEjNaYQbqG0000 | qrbasfU7Cyg1dTCd0000 | 0cOprkwLGTajYHSG0000 | dWPoC4yrZJgwYdET0000 | YmpTm5Tkff5L0SVH0000 | r3qzeHZQYWQb3mA00000 | JnIXSzjeTE98lyiV0000 | ByE3Usfu44RcXT0O0000 | VvGpB7yM6VyT6xXz0000 | tmcd5VFNl08E7Mz20000 | KMbnxVBI70Zf39Ww0000 | DJIzRzSm5Yj7iuUB0000 | zRG8ozEzl8hxPg0K0000 | JOjLHGTfoKILnmfO0000 | aB6T41ApX3smlbIm0000 | rWzekEPCVYyeUlzi0000 | D2UGpJELZniMoTZ80000 | OAYAXs76BHBpwqJe0000 | VoFL95Az9M0aVnuf0000,jkobject-vs-main-v1@2026-07-11T23:11:48Z,jkobject_only,False,working_or_historical_not_in_canonical_cleaned_layout,True,True,True,unknown_requires_link_readback,False,False,False,False,catalog_record_requires_structural_readback,TODO.md accepted OBS=10/70 VAR=8/70 @ 2026-07-27
temporal_pretraining/zesta_stds0000057,Lamin catalog working/historical,False,0,0,0 B,False,0,0,0 B,True,18,0,unknown,temporal_pretraining/zesta_stds0000057,temporal_pretraining/zesta_stds0000057,added_dataset,,7VRWKeENB0A0MdQS0000 | Fu35zsBj2qGTFEEp0000 | RcFl67M7nxv5IuDY0000 | p5cmQYwh0V89PRtR0000 | gkXiuqEdxpE69PAI0000 | QXeDJt9z1n73cvl30000 | qqJIwR3tFEgSZwPR0000 | UX0MQNXZspSp7VlP0000 | CLV5p5yXah0Dyif90000 | pkG5SXU1yPvfrtBh0000 | Iwf91RfHrUrnfLxC0000 | MbAPX6NXSDAQIDsa0000 | o1Q265dXQIpQZgmW0000 | 51gsXiAk77C7SNWe0000 | IXHfO8ENzOj2smYO0000 | Hf10LzyXYJohi5uc0000 | fPI2nLW1pc0JTU1j0000 | QmOvMqtEGQb9IqdV0000,jkobject-vs-main-v1@2026-07-11T23:11:48Z,jkobject_only,False,working_or_historical_not_in_canonical_cleaned_layout,True,True,True,unknown_requires_link_readback,False,False,False,False,catalog_record_requires_structural_readback,TODO.md accepted OBS=10/70 VAR=8/70 @ 2026-07-27
viperturb/genome_wide_binA,Lamin catalog working/historical,False,0,0,0 B,False,0,0,0 B,True,28,0,unknown,viperturb/genome_wide_binA,viperturb/genome_wide_binA,branch_revision,pert-gym/additions/20260621 | pert-gym/additions/20260624-tiny-tail-minimal | pert-gym/canonical/20260621 | pert-gym/canonical/20260624-shared-var | pert-gym/canonical/20260624-shared-var-alias | pert-gym/canonical/20260624-tiny-tail-minimal,wigzGueFIb0PgiQw0000 | vCUr6rJ7WAuwAteq0000 | wigzGueFIb0PgiQw0001 | 1lvzhDLdyGo2RpC80000 | baEf42GH1gm9d79y0000 | 7I6sRsUAVHjFGoUz0000 | W4AdR7ohFFwq6YAj0000 | rpImRMSnrShQcbfa0000 | FkcYdrMo85tVpOek0000 | 5bS3m9PG80Tbv2OD0000 | anOqtWKCmurZGu5u0000 | SwfO08qMURDAg3Rz0000 | 5PWbV5WfWN5Dtm620000 | fgoCILbwV4Rln6r10000 | CDCAJch1pkU44kut0000 | wigzGueFIb0PgiQw0002 | 1lvzhDLdyGo2RpC80001 | baEf42GH1gm9d79y0001 | 7I6sRsUAVHjFGoUz0001 | W4AdR7ohFFwq6YAj0001 | rpImRMSnrShQcbfa0001 | FkcYdrMo85tVpOek0001 | 5bS3m9PG80Tbv2OD0001 | anOqtWKCmurZGu5u0001 | SwfO08qMURDAg3Rz0001 | 5PWbV5WfWN5Dtm620001 | fgoCILbwV4Rln6r10001 | CDCAJch1pkU44kut0001,jkobject-vs-main-v1@2026-07-11T23:11:48Z,main_and_jkobject_with_jkobject_revision,False,working_or_historical_not_in_canonical_cleaned_layout,False,True,True,unknown_requires_link_readback,False,False,False,False,catalog_record_requires_structural_readback,TODO.md accepted OBS=10/70 VAR=8/70 @ 2026-07-27
viperturb/genome_wide_binB,Lamin catalog working/historical,False,0,0,0 B,False,0,0,0 B,True,28,0,unknown,viperturb/genome_wide_binB,viperturb/genome_wide_binB,branch_revision,pert-gym/additions/20260621 | pert-gym/additions/20260624-tiny-tail-minimal | pert-gym/canonical/20260621 | pert-gym/canonical/20260624-shared-var | pert-gym/canonical/20260624-shared-var-alias | pert-gym/canonical/20260624-tiny-tail-minimal,w2HO7NcHIHUkLHxn0000 | TnNYqHkx9dyicMzH0000 | lIAefqneCatYFLGs0000 | HcOn4O25GUkGHoBQ0000 | HmuBegCXMBSrErUP0000 | XSSMq79khOj0cso50000 | z99pffur23xZvJTD0000 | S3tyYBaKBl474hWT0000 | ErCP7DeFbKufjPE10000 | 5aoSk201DcUuehir0000 | 3aB87lj3IdRRyQKy0000 | dIYzUqVKEDjk6cFS0000 | rmA1QEbRb9rJpNdb0000 | 94AYX6O1zLAcc2Sm0000 | w2HO7NcHIHUkLHxn0001 | TnNYqHkx9dyicMzH0001 | lIAefqneCatYFLGs0001 | HcOn4O25GUkGHoBQ0001 | HmuBegCXMBSrErUP0001 | XSSMq79khOj0cso50001 | z99pffur23xZvJTD0001 | S3tyYBaKBl474hWT0001 | ErCP7DeFbKufjPE10001 | 5aoSk201DcUuehir0001 | 3aB87lj3IdRRyQKy0001 | dIYzUqVKEDjk6cFS0001 | rmA1QEbRb9rJpNdb0001 | 94AYX6O1zLAcc2Sm0001,jkobject-vs-main-v1@2026-07-11T23:11:48Z,main_and_jkobject_with_jkobject_revision,False,working_or_historical_not_in_canonical_cleaned_layout,False,True,True,unknown_requires_link_readback,False,False,False,False,catalog_record_requires_structural_readback,TODO.md accepted OBS=10/70 VAR=8/70 @ 2026-07-27
viperturb/genome_wide_binC,Lamin catalog working/historical,False,0,0,0 B,False,0,0,0 B,True,33,0,unknown,viperturb/genome_wide_binC,viperturb/genome_wide_binC,branch_revision,pert-gym/additions/20260621 | pert-gym/additions/20260624-tiny-tail-minimal | pert-gym/canonical/20260621 | pert-gym/canonical/20260624-shared-var | pert-gym/canonical/20260624-shared-var-alias | pert-gym/canonical/20260624-tiny-tail-minimal,VgUlDSmxxtsmf4hX0000 | nJ7iDQAtb6hRzcTy0000 | Lh7AhWGdjxicTYSd0000 | L0cNSvumXMg3BB8q0000 | 5VwVkeMAj7P8LsNV0000 | pUDtrShqaMEAHBA60000 | ugyZCH42lheSPYzB0000 | 5iAFXDHxJBu2QHBk0000 | Z3tnBLFCYzXgXh8F0000 | jx6YYXWN4KpE2ocl0000 | 1RalKO9EoDG2Sa4z0000 | VgUlDSmxxtsmf4hX0001 | nJ7iDQAtb6hRzcTy0001 | Lh7AhWGdjxicTYSd0001 | L0cNSvumXMg3BB8q0001 | 5VwVkeMAj7P8LsNV0001 | pUDtrShqaMEAHBA60001 | ugyZCH42lheSPYzB0001 | 5iAFXDHxJBu2QHBk0001 | Z3tnBLFCYzXgXh8F0001 | jx6YYXWN4KpE2ocl0001 | 1RalKO9EoDG2Sa4z0001 | VgUlDSmxxtsmf4hX0002 | nJ7iDQAtb6hRzcTy0002 | Lh7AhWGdjxicTYSd0002 | L0cNSvumXMg3BB8q0002 | 5VwVkeMAj7P8LsNV0002 | pUDtrShqaMEAHBA60002 | ugyZCH42lheSPYzB0002 | 5iAFXDHxJBu2QHBk0002 | Z3tnBLFCYzXgXh8F0002 | jx6YYXWN4KpE2ocl0002 | 1RalKO9EoDG2Sa4z0002,jkobject-vs-main-v1@2026-07-11T23:11:48Z,main_and_jkobject_with_jkobject_revision,False,working_or_historical_not_in_canonical_cleaned_layout,False,True,True,unknown_requires_link_readback,False,False,False,False,catalog_record_requires_structural_readback,TODO.md accepted OBS=10/70 VAR=8/70 @ 2026-07-27
viperturb/genome_wide_filtered,Lamin catalog working/historical,False,0,0,0 B,False,0,0,0 B,True,42,0,unknown,viperturb/genome_wide_filtered,viperturb/genome_wide_filtered,branch_revision,pert-gym/additions/20260621 | pert-gym/additions/20260624-tiny-tail-minimal | pert-gym/canonical/20260621 | pert-gym/canonical/20260624-shared-var | pert-gym/canonical/20260624-shared-var-alias | pert-gym/canonical/20260624-shared-var-viperturb_genome_wide_filtered-smoke | pert-gym/canonical/20260624-tiny-tail-minimal,L7wVbo9VCAEl39HD0000 | 9PrRiCuq1mWGJvF20000 | AVsC3yxKiS7iWZKs0000 | K7DUo5y4SEF8SsU40000 | dGO2c7lhvlSzlHCy0000 | ErbGUxQvPv4glgHy0000 | diGYMQA5P80RMx0I0000 | StEWEhPA6GEMsX9I0000 | HrrlH2mXnIKOzk1O0000 | mLpNRYboxTc3aCrz0000 | Gh2PIMpZmkUXsXa50000 | fMC35BQAiA7OEdQj0000 | MI18iV3NSdFfg8910000 | kS5U4BJqg5zzSBdU0000 | L7wVbo9VCAEl39HD0001 | 9PrRiCuq1mWGJvF20001 | AVsC3yxKiS7iWZKs0001 | K7DUo5y4SEF8SsU40001 | dGO2c7lhvlSzlHCy0001 | ErbGUxQvPv4glgHy0001 | diGYMQA5P80RMx0I0001 | StEWEhPA6GEMsX9I0001 | HrrlH2mXnIKOzk1O0001 | mLpNRYboxTc3aCrz0001 | Gh2PIMpZmkUXsXa50001 | fMC35BQAiA7OEdQj0001 | MI18iV3NSdFfg8910001 | kS5U4BJqg5zzSBdU0001 | kS5U4BJqg5zzSBdU0002 | L7wVbo9VCAEl39HD0002 | 9PrRiCuq1mWGJvF20002 | AVsC3yxKiS7iWZKs0002 | K7DUo5y4SEF8SsU40002 | dGO2c7lhvlSzlHCy0002 | ErbGUxQvPv4glgHy0002 | diGYMQA5P80RMx0I0002 | StEWEhPA6GEMsX9I0002 | HrrlH2mXnIKOzk1O0002 | mLpNRYboxTc3aCrz0002 | Gh2PIMpZmkUXsXa50002 | fMC35BQAiA7OEdQj0002 | MI18iV3NSdFfg8910002,jkobject-vs-main-v1@2026-07-11T23:11:48Z,main_and_jkobject_with_jkobject_revision,False,working_or_historical_not_in_canonical_cleaned_layout,False,True,True,unknown_requires_link_readback,False,False,False,False,catalog_record_requires_structural_readback,TODO.md accepted OBS=10/70 VAR=8/70 @ 2026-07-27
viperturb/multimodal_cell_line_mixing_pilot,Lamin catalog working/historical,False,0,0,0 B,False,0,0,0 B,True,5,0,unknown,viperturb/multimodal_cell_line_mixing_pilot,viperturb/multimodal_cell_line_mixing_pilot,branch_revision,pert-gym/additions/20260621 | pert-gym/additions/20260624-tiny-tail-minimal | pert-gym/canonical/20260621 | pert-gym/canonical/20260624-shared-var | pert-gym/canonical/20260624-shared-var-alias | pert-gym/canonical/20260624-tiny-tail-minimal,MDTzt8njmGoLpCt10000 | FLYVlyINAEGiGZCb0000 | MDTzt8njmGoLpCt10001 | MDTzt8njmGoLpCt10002 | MDTzt8njmGoLpCt10003,jkobject-vs-main-v1@2026-07-11T23:11:48Z,main_and_jkobject_with_jkobject_revision,False,working_or_historical_not_in_canonical_cleaned_layout,False,True,True,unknown_requires_link_readback,False,False,False,False,catalog_record_requires_structural_readback,TODO.md accepted OBS=10/70 VAR=8/70 @ 2026-07-27
viperturb/vimentin_screen,Lamin catalog working/historical,False,0,0,0 B,False,0,0,0 B,True,6,0,unknown,viperturb/vimentin_screen,viperturb/vimentin_screen,branch_revision,pert-gym/additions/20260621 | pert-gym/additions/20260624-tiny-tail-minimal | pert-gym/canonical/20260621 | pert-gym/canonical/20260624-shared-var | pert-gym/canonical/20260624-shared-var-alias | pert-gym/canonical/20260624-tiny-tail-minimal,vCWgmJIZeExyrvsG0000 | vCWgmJIZeExyrvsG0001 | xA5F2oaQtxkXh8A70000 | vCWgmJIZeExyrvsG0002 | vCWgmJIZeExyrvsG0003 | vCWgmJIZeExyrvsG0004,jkobject-vs-main-v1@2026-07-11T23:11:48Z,main_and_jkobject_with_jkobject_revision,False,working_or_historical_not_in_canonical_cleaned_layout,False,True,True,unknown_requires_link_readback,False,False,False,False,catalog_record_requires_structural_readback,TODO.md accepted OBS=10/70 VAR=8/70 @ 2026-07-27
viperturb/vimentin_screen_chunk_smoke,Lamin catalog working/historical,False,0,0,0 B,False,0,0,0 B,True,3,0,unknown,viperturb/vimentin_screen_chunk_smoke,viperturb/vimentin_screen_chunk_smoke,branch_revision,pert-gym/additions/20260621 | pert-gym/additions/20260624-tiny-tail-minimal | pert-gym/canonical/20260621 | pert-gym/canonical/20260624-shared-var | pert-gym/canonical/20260624-shared-var-alias | pert-gym/canonical/20260624-tiny-tail-minimal | pert-gym/model-ready/20260621,sqmXrBrqV6G7TuEK0000 | AKPRWTzrBMGorgbB0001 | sqmXrBrqV6G7TuEK0001,jkobject-vs-main-v1@2026-07-11T23:11:48Z,main_and_jkobject_with_jkobject_revision,False,working_or_historical_not_in_canonical_cleaned_layout,False,True,True,unknown_requires_link_readback,False,False,False,False,catalog_record_requires_structural_readback,TODO.md accepted OBS=10/70 VAR=8/70 @ 2026-07-27
viperturbseq,raw,True,9,17502454365,16.30 GB,False,0,0,0 B,False,0,0,0 B,,,,,,,not_established_by_branch_delta_snapshot,False,no_canonical_lamin_evidence,False,False,False,not_applicable_or_unknown,False,False,False,False,not_structurally_done,TODO.md accepted OBS=10/70 VAR=8/70 @ 2026-07-27
virtual_cell_vcpi,Lamin catalog working/historical,False,0,0,0 B,False,0,0,0 B,True,2,0,unknown,virtual_cell_vcpi,virtual_cell_vcpi,branch_revision,,sDYMNbN7DkmFB7Dx0001 | Q7Qaj6dz0CzyQQ9i0001,jkobject-vs-main-v1@2026-07-11T23:11:48Z,main_and_jkobject_with_jkobject_revision,False,working_or_historical_not_in_canonical_cleaned_layout,False,True,True,unknown_requires_link_readback,False,False,False,False,catalog_record_requires_structural_readback,TODO.md accepted OBS=10/70 VAR=8/70 @ 2026-07-27
xatlas_hct116,Lamin catalog working/historical,False,0,0,0 B,False,0,0,0 B,True,813,0,unknown,xatlas_hct116,xatlas_hct116,added_dataset,,zsUjKjKJLH2Yo8xI0000 | 58ujNe7NQ8OqFUdg0000 | ft70om9pDN0dpTmQ0000 | mvW4klO2Hr3xa6rp0000 | lKZrHY44cnOsE4xl0000 | Kf1bda7FsHSoKmCW0000 | 1PLI8KqRRyCErzZC0000 | U1k0w6qJAt2tTZIk0000 | cDG2E5WzXTQ0P6qH0000 | d0D6ajXhK9NYBybs0000 | 9YCbM4XfEcZoJPO10000 | oZOByQFB8TLyyH0D0000 | VlHXUzCQIGJnKaWC0000 | 7nnUev5qMoxgggUZ0000 | pHF5VXEP1rxA3SDL0000 | R9bjNIDLKOrVisN30000 | ZCtRL7rmFrv3YYrJ0000 | tgKiic7ELd5XggEy0000 | aQ8fOzJtwaBs0FBG0000 | hcQI4W36acqfj1Mi0000 | 0neBCEUx4ISAGVLd0000 | KtrwB2ZoWQjkXcST0000 | Uxl1Dh7katucRb6g0000 | zEoe9mpkG2MFXAst0000 | 1tB8LIX0d2BTlKoB0000 | lQPGyt93ExSK8ALd0000 | 0OVy06pcZmBcDoso0000 | 1a8DymFmIglrrJbp0000 | FQS4vIPtbK1hXfLG0000 | l40ZPWFbJj0CO9ei0000 | iZQoZp1mkB09h3nF0000 | kb7gGj6yzL95Tqwx0000 | lDRDPdGkTW65fyEI0000 | jAAR30CVCcL1xhn70000 | DledZurUDHrDostV0000 | azHqS0XTathXidCM0000 | vAVI4XtJctnuLnqn0000 | Esz4w8kMuDHeQWbL0000 | tfEgDCNMJH0l1w4d0000 | CLFjIOR5BfeMSpRQ0000 | GH9mr4jQlZuzt7ip0000 | rb4yaN7MzMqZlkSo0000 | 2A6ZiDHqbbn5TNEZ0000 | Z8IMUQQieL1H00yr0000 | rGjWH8gJpzUNKHpU0000 | VrNvkgzU73kz3V3Q0000 | uiEslq8Ue9Y0rjWU0000 | KVGtgsXEIemRWaoz0000 | BddlFmogSNN13tpI0000 | AwQM3X8uQ1pjO7mI0000 | GfmfCfYRMxKFN0Td0000 | jxZZuhTIQeARgfRA0000 | yM2NWyRq6LoglCAh0000 | n7SecdwFtD5Qguhm0000 | 0yEOBXyFX59JXcfp0000 | EjE1ekg3vtliRrk90000 | ZBDtI2OViYdOm2vx0000 | zSnsAjZSOvtx6EMs0000 | QbEfUm0UXvMiKOoa0000 | 9qGrs6REP3seQvmn0000 | ME6htvZosVmsCeQz0000 | iMqhS8MOpBmDanbJ0000 | VECOS4BdumWN1aiQ0000 | Jg3jPdixzDzLXVm70000 | XaKaTiWArImlPdP30000 | kfNlVxrdfNfi52ZI0000 | 1xNez1eAqfNqwR440000 | EIePTrqoR3vJqbOf0000 | Nt6n6uZb11G6fOWX0000 | 1N5GAKgZQQkRG0jA0000 | 940mfaC9CsuRlnV50000 | Mshbn8ZDNtVCCp0t0000 | TLITZnaBDiLSJCAO0000 | igYQWFArh8xyWgR60000 | OV6WcFx8QZ8qHW8Q0000 | Mbg9bcdOAMhYdjO70000 | J04MXImXszBwL5EO0000 | GfScRX7tBhIvfq5n0000 | ZLc1Cu4DTQMZ1wHO0000 | 4MOlf6AoZf2XmG7D0000 | poKzztHzOct907Lg0000 | mS96PjqBDGjuJ9050000 | s1OTR9HxwhPTVvFX0000 | LZKRiWWXACa7fxBT0000 | m3y3fyMueR01Z9970000 | uEhbo4FBg1qH0ciW0000 | oNnGpyAhuvkAsap50000 | MhTQtfbqBHcUZYZp0000 | 2lyqvoBjWUSdOc1Q0000 | DVQZrG5II9Tpad020000 | QXqZavQzaSyg9emp0000 | WWtVqvxDdCFfY2ly0000 | nYlKMEiKgvXxEDUq0000 | fsrW5Ol73PjwMJ5n0000 | 9ec8BG0qJbKNeNHY0000 | Hi9YNBpZwQCy8swS0000 | Ntktd0zqKsDXjCJ70000 | Edt9FK0xWScjF4LG0000 | zjjbtJjg2H3IV21t0000 | Nh0Nwa1Eq4cOqYyV0000 | IGqBGnxyGEpKCaUu0000 | 67A9wbDnbJeCuqg60000 | IkHIuasm74HgwryB0000 | 9HvFlxfXC7MJ65d40000 | jRr2QFJvIGhFdT800000 | QcBUEr6q1ePotR540000 | j7LDYrRaRaUimKSe0000 | FX9ekB0may5Ypiuj0000 | IHHMBJ2pi17Z5wbm0000 | HyOQ0xohNMC6SsqU0000 | OC5Gg7kxSTpdISj20000 | 6Y78KnXdD9XRgv1L0000 | F106n0IalMAaUHng0000 | sEuz6QeQxr6bOak80000 | QnKMvIz2rOiPo4fx0000 | cugjsbBQgyWgETol0000 | T7NOZ1h1coEU8mTG0000 | 3DEh1ThvsSBJSZ370000 | R3ukTVXAp1R3KVzW0000 | w2XfLsJNHSZ7FJrs0000 | rUM6yfGEc57Xj2K80000 | Xbrmx2FbNjj5qdiU0000 | amVq9WGubZFSDHZr0000 | 8ZqN4ch4K4I32xaQ0000 | TMGhxjTw4cAOzXX30000 | P4Ea4jIWHkzQK2IJ0000 | kQW7NFpCGedYwTQF0000 | BW8GnoxmP9FgHIkk0000 | wvC5vt0rt692iuHR0000 | 1aPsUhpwMtuanIZE0000 | EG5tnrC2KU7f0ELn0000 | aQuQmTnDzIdx8gmZ0000 | kzwGVgmrWgLTkfLK0000 | AsErNB5ELPLlHKdd0000 | YIrikAaj0guB3C4d0000 | eGOCiX2lJhZQkpSc0000 | aFrfQBxseQRvSwbp0000 | aW09Apsvjx6Dsmmb0000 | MhE6Wd0BGjXmZ0gf0000 | HgYNfayCakd2z4Sd0000 | 2fUuH8iSrff1sgSK0000 | j5PZLb8LbYqI0MU50000 | pJ2NHQDlFup6Tb0T0000 | jBIx0ah1I7YNFGgq0000 | Lm2vVl3REz7SEORi0000 | vD3hv9x1bYmtotE40000 | qgHEljqHSnTTOpSw0000 | wk2ketHszqDWXa690000 | jsiURecORZkEsrrs0000 | 69Mzp3OfW6rDGTbl0000 | 9Vgg8pcerzmFaN010000 | 8pa7QkIktUtqklZK0000 | UC4vlLfXCjzP60he0000 | OpIcwECX948CyGgi0000 | Lqt7zvmSNnKEpvCx0000 | n44Gyl95LrR7lnht0000 | y2VNuC7Lk65g3BRl0000 | pJbkagANNjbDdVDv0000 | FNBUJT11OHmo4TDs0000 | sohauYRxdIOKNEIG0000 | 7VR922m0jOqaejix0000 | EU8HGASyAPZfm6TZ0000 | 5gSq4q6cLtSkIB1t0000 | UOcSxrr8MEUnr4Yv0000 | NmRmRV2B6GXi1WrR0000 | L8zSJKmkgxr21nNK0000 | Wjez6WWHTDHMYc5s0000 | jTvR62hVKPxKkoKm0000 | 4oBuKvt0cxdAL7Yx0000 | NLf0asS1n9qSiWc00000 | rJvKnqmCgCCNfkLo0000 | J79rbKCIJBshN3Dd0000 | R2rEnwmSfUs25QTA0000 | M4m7dIWrX0K76Drb0000 | MHvQiLbthh9JeZsi0000 | TZr2c5h8wyQcvk7M0000 | JDvx3kbreJN8QhnP0000 | pmi02zguWZaXJoA60000 | WLgwU7qxmSiTefc30000 | xrOOBAwVrgxLUpP00000 | kTkfYD8ho4QQPV7C0000 | Q1fLSLvLmcz43nQh0000 | O3t1WOv8GUZb96Dx0000 | s2dnD7OJf9dk5h8c0000 | 9UhZxixjbSeIctat0000 | PZ2PMZbV28D0pYSV0000 | oNvGm3VHGyGD6x3x0000 | D2hwDBXoC48xeU8N0000 | 1cdBV7PCKm0Fp94N0000 | 3XnoIx9BBzpDocp90000 | 48C3ppgjER4KvsHw0000 | DT4op2wL0JV7CKCT0000 | 0CU1KS1l9qpXW3NZ0000 | 5WEAJfj6QRF9J8a10000 | skz4uKdF6iPg57UN0000 | eObioaOMWI24XceS0000 | uGULdpGaVlMTtq7g0000 | H1KBzZKXxevLF8Fc0000 | T1Fxk41wYhuBvtic0000 | BxegO6sdXY0JKxa40000 | gqQA70KOvDbMthiW0000 | IgEEU9CcVnhGf0200000 | hVRkht5j0STk5WnG0000 | JEAN7jNXaI6Gs21z0000 | vStpMUDNcOlM6pbY0000 | 7fGKv8MDIDnTo5pm0000 | rYThb5YdxThvz8Hs0000 | 3e3QTaZhT3xTqnTm0000 | NJTZF8CAfWpjb3A50000 | S0o6rK51hVijHJzM0000 | rm5XqNONxiFh166w0000 | 2hmr3UoDoSMIsJdm0000 | jMEr2MY8XPGyHtuI0000 | ky8EZoIkJ6D3W5lg0000 | vjFrjTUsvS8VwraW0000 | w9vUhYMSyU6REJIC0000 | i66K4psU2nJFoARI0000 | czVehv0AWRsEXftI0000 | M4B7PGC0v4iAkMHm0000 | 7r09VarBOtHkIDvX0000 | mcgH5SP5lt2ecs9n0000 | U5TM6dslHsgjWWjl0000 | c30slJiN3XyuSicm0000 | g74BeLL8hk8Q7oya0000 | DCgkvGMVVS1sWauz0000 | oyUsF42G9xYT6cBU0000 | F7Ye0WJPzdcaMynS0000 | H9B1R51GUKQ0lPba0000 | KzK3q16YsXzdaSpD0000 | DOwqds6tzVoWwAJa0000 | LnXeAj7Ypy270XNu0000 | Fxc83dbUTlfmkDB40000 | 7j2eG1IvLzIJH4h30000 | U8mmJ1k3gVAoIni50000 | c5MHabK3K9xJ9yW30000 | R7897PiBDCObVNK40000 | fItIKnyYR0iKMT2f0000 | jrGdID2cOEToEgLm0000 | b3Mzkku4cZ8fKtTb0000 | 26tFuqPUy7QkPM8u0000 | NZAxlATJD9In2MZ20000 | 6EHfVZ78YzmFEWf00000 | xAE3dXX67BDlYiB40000 | YcKxdBx0wpsrBCAe0000 | hf6mF3tc4Sn0jZ1W0000 | U39E5zSufBdrM8XN0000 | vqZHBalIBGTcLIEe0000 | SlRLtTBQx3Ig5e1d0000 | iM7NMhivitsFrjuj0000 | MCpYVw9epEMKPwaS0000 | PCPp8nwfR7KL64Tm0000 | q5N8sRZ0KV2pYNaV0000 | oNORn0rR3zeyYhZ20000 | HoJ2VunLhqqwb0vZ0000 | MZmNSXFi3URuQLLv0000 | RNSa4I9Dw0wjCMNw0000 | tdzTtozysmSvq0qX0000 | 73M6JUYkgV4Qd1bi0000 | P4rNhEv7XLkO0uWa0000 | IHUBtrYzuH1QvP8b0000 | 8CEIs76Fva0kP05J0000 | 2L6YpFBvHJ5zjMFN0000 | npy7inR4AjNqotSP0000 | Qplz8WiwLoMrDscX0000 | YbnLgaQBxgvhhGf30000 | 13TODfK27Uz8Fbhm0000 | VkDE2kGO1b1j8mkT0000 | uTKMmNRMT39ngKqo0000 | dAtThsybEWUQI1px0000 | hZJnkRuhwoqSD0R50000 | wAbWmPLH7AD7tqBk0000 | VrfOHMyyn58Yvq390000 | gfVUiw8Ob903BzLr0000 | TFZNGXNjPTfOVD4Y0000 | hhP0ttvGN3Qvq8WU0000 | xKdZ92eHT3DdN6HW0000 | 12ciTqXcXRMFLY1c0000 | 3v9f2CMcp1aCMETu0000 | sdg4HSxycxLlque00000 | hzE1GSd9jkMNVDzz0000 | dUDxiBLtwvMQHZfH0000 | g2I8AZSmh6e2KiiY0000 | Gz9pgUw8MOVb2Acd0000 | 2roA5Z5SY2Es3vBB0000 | phvau3Uj68z2NmJg0000 | X8pfKTYZwd4k666D0000 | Notv4YHtjWpxgP1K0000 | QIvlxFRUpLvQ0WYE0000 | 5jd70roczH5KN06u0000 | cONxlBVur3J054Qx0000 | uI2CSE1gC1aPNtzn0000 | oPpzrRtYMfg0xDkr0000 | POi6tsKFThneQAp80000 | PPBR0dINvkbww1Tl0000 | ag2JXfFXxcHvk9dO0000 | jPUrtnFejQsX2BGD0000 | arCjuGW2eQjxCq5h0000 | h5OFkH8D4PPuvV7G0000 | U2GoUmZq65hmyMRc0000 | eEtpCE4D3cOGmsjJ0000 | uknk0oz9QYmST4eY0000 | CsKIbCBvw7XbFbCK0000 | UkTs6pQYKCKZNES90000 | FmgjOYYH3WQaHJMT0000 | JTqHyBeTBcfti88E0000 | WMogHnjpYkRklQ1T0000 | H6EvCEyNuKJPG9qQ0000 | WIfbiF9HkempMAQ40000 | 65uz61axGj3EGpnS0000 | WxXFeCvtTzsslOe10000 | lWERLZcxxywzgb6h0000 | POLqPC5Um4xE6vVG0000 | Ybdlw0grTZlYg14Y0000 | Zq1tzfD4J71Uvtg30000 | Ni0ozyHy9ECciPGt0000 | tWTDeWIOfOwCd3wH0000 | cJwZm4mV01WTAyhG0000 | tEK8y79GlDCxhc0c0000 | 0UZvzOYsfFblzhcW0000 | 5DiQmCxTQzZng9k70000 | CR8EiT6tSCvlkQ5P0000 | Bi4aHOm0Bxun2mLe0000 | XFlewjMeVtzhpvkC0000 | hgHmR5L7BwqTkxBn0000 | K7TOEVKJyr1n4b0E0000 | XeMKFFz9Zs5uzN2e0000 | Nu4HdpjVPlontCRX0000 | Bvl4qqXRPm6h0Byu0000 | lu2RNlahOdxw0dSi0000 | BEHqog40QcLTnZo10000 | xZyQfgcEKpWtYBbk0000 | LsqMPRUj26LiyiUI0000 | NS8FMDx1Z1xaK5mx0000 | BXEL91pwNsP0CHga0000 | QU4S6TLZtO4d8UlH0000 | m04aYzuALjLD0gAq0000 | 9LdDwNCTaksUC5Vb0000 | oqZY6MDm2HqGgMzC0000 | sTLL2wTYBpadTu2E0000 | vFsCBKekhJmCqgsQ0000 | oJBasHUaxR6l00jB0000 | GhUYri5GPqR3EO6R0000 | 9hNWMdGdw6DoZUGY0000 | Znr54AXpj9vWLu9p0000 | cGd7Yfp0h8NH8aW50000 | zdv0AZZdGOQAJsWH0000 | anIFIGb7Z1KR2A8j0000 | HRIiB3007Eh3oGuk0000 | LACT8zFTaP0xvUqj0000 | BtYdHmBeDe0Vl5L20000 | hLroMYk4WUX1PSHi0000 | UxcDZsYLrmeV7j030000 | jRkDxC6e3vOvVcbK0000 | 6kI5f38zUc6IAUvq0000 | N9cDmiix0IkYy4Po0000 | sdOpRv39YXq1k7ml0000 | l8qkaKYiYOxb4jcx0000 | TcKDpQ1JnitjAc7U0000 | ZnmtBzfMwQ5IH5Dk0000 | MhCBocioKsX6ELqa0000 | OED4cVOlllgOhvvV0000 | YZZR32ZC5XHKClcV0000 | DFHlq9lNTSugtSro0000 | Uxjj5BCQvSqGQMCn0000 | Ef5rPNbDjqocRw3J0000 | KDJLwsAUnROs2BKD0000 | XiJEPSUlv2JMvSYm0000 | FD8BkpoSkBsnefSv0000 | rtVsL7LRnu8dEv2c0000 | 16OLf6PP2KIEvxCb0000 | xhmwkWTdjtUANcKE0000 | NfrtgU10dwyIOvsm0000 | i3cy7ugqaGPwf0W50000 | CepTkYHWAQRhRNrL0000 | H1ZCaZUAvejeZuzm0000 | fFKqKf47blL7PPN40000 | 69SptbCKLCUXoJgt0000 | F1Yb7Sw0KVpyrkow0000 | Tg2Xl0rAdsLLxz8Z0000 | yhqOWYSWlca5MeDY0000 | tPR6QDjUEkBFJB8n0000 | U9EaRsiaMkgkyeks0000 | A9Vf6IlOLdYVjcFZ0000 | 02bSq7RZQbjtdj2d0000 | neCCH5PCTyUbGs6d0000 | fOMAW7X5L6TAi8s00000 | khfAte9DAWALvxfd0000 | pXC84nN6SQfTjawc0000 | J5Ya67mXVLPqTHZL0000 | 5YtjpEUXPR3kHtOd0000 | fwUQD4bnXwa7kW0v0000 | H8TUFjGBVSKUuN7l0000 | 7sAUKDMsgUb8aUYi0000 | GleN2BRbSLodMiHD0000 | MUeKo6W1hlKkkFxZ0000 | OeHkz8Wa7MbOExq50000 | 3ZtTzun4Qum5GIdk0000 | 6aYPUcVCutS1zI4s0000 | TK0Dmvw2SBELgi490000 | wSMAYybCGQmVk07M0000 | GxFCbvU0aVmJoPzT0000 | tuoSnR9VwKk107WC0000 | WPBSRoyOoxFGf89E0000 | uQOKwI3C1741cA1W0000 | k45YHkd3vtBefQbl0000 | V92Vrb8n9suNYKnu0000 | FqXe0CSpxg0sFFrI0000 | l7hAyfvMxnamBk0D0000 | auB2tCH1w4EWWYfc0000 | hGnJ8admtMoULaGM0000 | 0CuxXiqNLLaa3KWM0000 | x3x2vRNjC1iN7PQr0000 | Zae8Xu27IKphV9km0000 | JUvbNL6ZaZIwSH2I0000 | GtUcCNtstJ0c7zAP0000 | x6ujFASjRggnpiLH0000 | 3RCqAIdFmugCbXvf0000 | 5RhU0Bd4qhBsKZVb0000 | fd4bvVcx2Jcn7eP70000 | enKA4skGfXScq5590000 | YyQA6HA9UrkgFzqj0000 | 1lzHKpzifedJA4Zh0000 | ytY6AJ4dDAVTexZP0000 | 6DdqdYHOpxrMVDrY0000 | aigZkqXu5yMn7xcz0000 | PDqCmcCKVdNwYotf0000 | KkUPqPkxMx7H935p0000 | 1lk1ISz40GqokIwe0000 | z7ftFJnmprsAYNth0000 | nkF6ybgE1Rb8erLi0000 | dqRanNvJxtxSCaNT0000 | H2RHzfCiLL27DbsF0000 | tZkolJ2ZceWjW26i0000 | Ny7PkmoGQwTvYcRw0000 | FuMVDCZjvqKBzDaC0000 | xTWQzIfUkZpKekLX0000 | F8rEo3AYbmlEImRw0000 | fvSttoay3hu6m7k70000 | i80vAwwuUhfgmuTi0000 | jXQsNkF2V8GIUwqH0000 | A8OgrZZRXGRmzGNX0000 | Zch2AFIhH0ciCK910000 | OVNYvGr2Ii0SWayE0000 | m8bUL5ny5qOKMjMt0000 | LGr1CkJcoSvOnjKf0000 | H9hOp5ShEmBuTb9Q0000 | JxQz8rdHze8NioI00000 | nO8UDgQ339XmYNha0000 | QlUMSSVIhdw5LJSu0000 | eBAoXOHCjtj8SkgX0000 | nYiIAAr6diP78yXS0000 | FHBgsfgogLBH8AMG0000 | NIaHudzgdZqtOQk30000 | nHSy5eLfjtYTSZGa0000 | YSkVxSlJTIj0QKZZ0000 | k6N1GqsPXKMD5txA0000 | EVnLV7P4gcg3UBeI0000 | 81PHu8QLbSn1y2730000 | A6nHwomU8tadEWga0000 | 0DLFTUuNRI4PlLn00000 | B1k4Jl6k0UHincxD0000 | NsJuVj3OWhc7Ky7J0000 | hACfv8Z4mkZo00Cx0000 | rFYmvWgxEOF1Tt7f0000 | y8XSqhaUSqJjn8l00000 | hRxcULRyAncFjB4j0000 | kNF01eys9LAYX7Js0000 | UzuBgXYlhiGQPWKo0000 | SVq95EYXudyNCAGI0000 | R8EmuI7LPV4VCkGD0000 | W7X9p1IPdYzXiMGH0000 | 5ypZXyeq6UzrvHeh0000 | 92ndUkCGKyndY2ZL0000 | oQhEhFZeP7BUGRXI0000 | KKLNM7B9Q3ytzd8q0000 | KFsY6mrOAEbOs2bD0000 | JXuatt7m51UuAzFE0000 | jwyt0Hey7TMqalUh0000 | CHePxg9IBUevEDSG0000 | WqRS9Nth1ZbvLe4v0000 | SQUCy8uxzz7PSSGK0000 | DgrGqSTnoUCgbOu80000 | 0aL9E6IMZ1Z1YUAu0000 | vG3hiKSdx17sWQCN0000 | 9YmrhKe70KsZRhDJ0000 | 4xKKEfaTxBtIZjZa0000 | iat4cL7mAS80vBjR0000 | 479tqEFA0s62ZqzV0000 | R9MmVfgGF7CmrV5W0000 | Q5dTG8aHf8npyYaq0000 | o39nk7B6kRIMYXRQ0000 | j59EfzVznpga0GNs0000 | OFHaSlrn68ftF8Pt0000 | gjX65JFfj5CUJXrz0000 | SJmkIhoJBYeaUKrD0000 | 1B7X8csYJStHBG7A0000 | fZj1nXx0PmvBsAGy0000 | 2XIvFbBeidnd5Hgu0000 | ngCPoiwClW8vwrnv0000 | OyjHVXfWq7oBoycs0000 | A2xCi6lLqpeGLwxA0000 | 2bBhonsWkmzkW0Y20000 | pWMWT8UgJOk1QVbm0000 | rYzNnTadkSMaDTpD0000 | Bd9qCF0OTa4mCB2D0000 | R4mT56Td4mxgYHOM0000 | ypq5LKqK84qu36WL0000 | ARUI7JQrMJ1cgxUF0000 | kkDWo9NqTBx237ze0000 | BrpeLv4vqFQs301j0000 | 1PAaFiZ8Mh78Y5bO0000 | a09SmnSWdLV7aE810000 | NpxIvM6fUzgiuAJb0000 | mGiHc7J1D5LKTZdO0000 | DbCz62Wf7Ybc1T1P0000 | hWR3uXE0TiqaScyp0000 | RZlSustcaxe2p8be0000 | ieftFJZkEMWr15O90000 | dk9kcxqX9Wi2Fb0c0000 | FVcTgYDNrFSFbxfN0000 | jQ717j4fXkH3soO40000 | gtLQ2ZNVJLKX0sDv0000 | 0tkiw5C27rIxlE0Y0000 | DngERGcIhh8OcYVi0000 | Ep6iDIRtAgEdcNFt0000 | fcVPp0pZtuPzbZdG0000 | HOcDhAdYDa6DLEIT0000 | r7iBihR9Jy7MQF3o0000 | XLrakCb6lYefKJbv0000 | pt8owg45WIBOgbow0000 | dmG88TjhHnjlzJpm0000 | iM4C1qecLGr1qGa40000 | w3bPSm7FmJABIDYk0000 | 0YdCqAl72yK5cRgm0000 | LzDTBpcdCcJu5Zr10000 | RyA6wQ9ejmFMTNPW0000 | Qvbp1oXDEorRgDg70000 | RxEgHp5MgSOAsqOm0000 | ioO283CVH6Vbyvgq0000 | YPFn8JxDtPxZkWgY0000 | 4xy8lnjMz45TXikT0000 | g8Khah7EOcVT5GKn0000 | XnV1u5pyQWJUmSaT0000 | fM6AzV9ZoMaqCVWd0000 | h3wRwkPw1JLXJcqf0000 | vAUn9nIZxriYLw0d0000 | iGYBwP69rz9g9L9J0000 | N17TYaJQC5ie0zK20000 | 4R9ur6wxsx5Wer0O0000 | Bb1zNRXbXzXW5MQc0000 | Ro6LsXzswH0j49Tm0000 | hV2BbHMDehnAyhDn0000 | kddzuSqg1xRMGw8Z0000 | tQ8Pfpkwefk0SiSa0000 | gJLxg8p1h7I7ilan0000 | lfUIQqs7hRZD4V0u0000 | loJpmZLWHZjGkQo70000 | YAB1aaJnXayeBNk00000 | qn2Om6t18rsFYiYT0000 | 9Iw7HLy7cG4zRXYa0000 | BT64NOb58s6TnOtc0000 | m11DpGcBdKiJhTmZ0000 | 9A5MYoEXyBHEy1YZ0000 | 4dh9JFJiaipqWRI00000 | fFiHbSkwMtMhOVoO0000 | lppqDZP8SlNbf6lH0000 | BA6iozR7NgURjolN0000 | mceoijIlCQ2z54Fh0000 | diiIz242aEabTDmO0000 | FU0kY1hZmASSQ4lx0000 | c3W9fZ08QN6ivGWx0000 | X0g99RdouEqqfM4i0000 | yKGa9Ws7A0gRUmo40000 | 2hWP5IrsH7wYz2U30000 | hwNM1OoTGinvoiFs0000 | YSqUoZBTzHee2tdo0000 | 1lY0OkREPajxSMQp0000 | Tyas9C4u4UtVFc1A0000 | OVX2OtC1wVBWz0o30000 | AcqO0CtDGkbNdfwj0000 | jUOCegzD0tdAgrwX0000 | JR7GPtCnQuGa5NFg0000 | UmV3QU9jqj7AFQT60000 | NLJqreyYGBq4NJFR0000 | gXsH84hIp9kLdlIu0000 | tAaz7cVfzyXpAlvP0000 | eGBYfISjzYTiuXOO0000 | hPBb6Gf4Ot7zJ6rQ0000 | OYiz1BSnkoCuFfrN0000 | EjPLp1DDInH24E4N0000 | 1H5Wmb3H1A5VQjNj0000 | mInC1M8YRBoUKVUf0000 | 5q9ShmpnaLprQ9a60000 | aPxabLDLrXRkR8t80000 | JbOedr3ddS97AdMr0000 | L9u1Kz5cAE8HZWQE0000 | AVp3izETFe584vuM0000 | yOqGazZf0szh7TxP0000 | sKMAl6GkpwjDugQT0000 | pQwrULUnotyf2XOp0000 | K3LKyO5duqpDm7xT0000 | kKnsd5dXsfaboGVb0000 | wLQQNmPcwQ9B99Bf0000 | lakg1pa4kA3efL4h0000 | InAJyN5oL0oG78lD0000 | 0eep5syPBp9bGIO80000 | iJVIKFnzL7GAvW7Y0000 | 2eMoLvsWtXrUMhmH0000 | o2oDyJvwl5YumdvC0000 | GNcBxE2kRqDcQWcO0000 | zdDo2LOGaWdMrRvM0000 | Eh38mdx9Q31UDiq80000 | 6EEGZD28ybXA0j5o0000 | QxVutv2rC0OghUgi0000 | DzXrwHjAABAeFbAU0000 | WPjq5llJAzGKuLp30000 | mgjKuSqp8smWYZm50000 | ht9DFk2M7ruuXdur0000 | sU493TkpbIo5p1kS0000 | 3GRIJ7XxrVDS4vt90000 | 9WmlpLivYM6aHku90000 | c7Pcfyi3d1otl9EU0000 | EQotF2c5onE74dt60000 | abmywhspzMQswmxE0000 | SbIsr4EXhnCWLFbD0000 | 0P0HnCwxDIBD1h0s0000 | JMdGTAqCRCIz2EVS0000 | Y8VGYcAVFhan7dxT0000 | Gd3g1yhJlbrexyBB0000 | nqHSMIr9dFMCBxyt0000 | LXgZzp0XwSE7TlcT0000 | 6RxXD1e4t6SvViON0000 | MKdtSqdd5lss5Rb80000 | FFhs7lVphABTxed10000 | zZvWXqb228Ivzc6H0000 | tM0kG06hKSTSRj0R0000 | hvBEMSOLajAZyWNc0000 | 9qpMzf7qjz9gwP8e0000 | Gjfd5oTS8zQK6kRA0000 | 7Ns7iVu88AumjVBt0000 | QNutB0c26sPRURLk0000 | 80P1cH1p5QCslfdP0000 | e7KjfQGPxlFnIhQ40000 | d87NBYGYXJ80VBQD0000 | tFTiSILBRRmH2z120000 | 9jMsSLBlfUvi7H0f0000 | 5nUbSFxz765gay4y0000 | G7sgZ3T0iaL0L2ZR0000 | NgBSBuCIzMI4NOBD0000 | AEyDxisimhmbvGO80000 | Cx1MoAnYq1pXBOKs0000 | DeHBwChMO8PQw9xE0000 | TKweQYNWvhyXzD7w0000 | nOWz04Kar5UJHUB80000 | LLZ1WGcGxYpPgW8C0000 | b721p2mLwpkPDfMq0000 | Ks56QGeXvWDF6xIW0000 | V5MKh0OStO266IGz0000 | T3l5jKLkdp4P0qTD0000 | u9HUEIKXkm3voDXm0000 | P6KWbPpRI6LldCCS0000 | 8TR0Ij3iIoC5A4RW0000 | CS4bL5cPxeqIRlBj0000 | jHUddPqRnUY1Sab60000 | GTIGcIKKtlLHNF4X0000 | HSZvuxJL1HrTFqDd0000 | ofUkvR4xSl4Vx8ZG0000 | bbrwJQe1I3AHryy60000 | b2Wtk9quAA16onLB0000 | BtHVMCJkHUKENP250000 | 1PgNXLtNyY3PD4fR0000 | 8Na0H1BK7VPdOW3m0000 | hSxEI8sPIuYmrTBC0000 | vwrlAoth9kumLYMF0000 | oLxmohCGXDIGQGrU0000 | 287dOa1nJ5FCsKAd0000 | qdUB7BLmT3CmeOoV0000 | AuaC5kyidahuuOWR0000 | ll73PAhm5GVAxgg90000 | X0hQmIxlWEZd0KGw0000 | 3xyDy1loFTNUsq3r0000 | vl3lBFlLOvS9c88X0000 | aYEQzx58PjD5THXE0000 | 4j0hhdKxL9nu94bq0000 | 9zeLEcI9OwxXKVcS0000 | y5lMOvutXhcmyqq20000 | HeFdQvgR3bxn9Kgd0000 | faMGFirUo4uYUwNE0000 | CIpC8ZW3qlww2Hkm0000 | 4PknUY5uYFNZArpy0000 | bhVcHnv8LTTnxI9F0000 | KS2pqLpiCvpdaKHb0000 | nQkt6VxzU0i7PC410000 | 22cg3PqA2q7wMGTM0000 | eK1x9r9fTkMmMBgS0000 | MWYx5SaR8kNhTAgX0000 | 8hLQ2YGCNZMuINc80000 | ujeEUikD4o8p2Fbg0000 | iIo37EvxlYfiwZYe0000 | pGfoFBtq0hupgdOb0000 | 1XHWuK7JKdVTjFij0000 | S7ZWlvj70W0QJBvw0000 | bbu0bF6jzXNjOhfZ0000 | 5OitM6I4eYfjELu70000 | HUzdhi6ZWIOLLeMZ0000 | 53wIuAMdZCCNo2Iu0000 | TRFpSkOG0I5nTS7i0000 | 5WWEYAb10GM0nsfN0000 | 3JATtxUMsBQtA5750000 | KKMspP5Z3RZzgfrf0000 | yqykoRVNumfZFwvN0000 | sFC5p5JyBV9STe2l0000 | LpjNrbQS5u2H0xM50000 | 1U4olWiD6PSj2f5r0000 | Tfnfo2a9hMrmVvZB0000 | 5h1lSg3WwvVRF1Rg0000 | PxBiDQmev8Jioxgk0000 | J6nBs4sb5lZZ6tkX0000 | IK7PTgH6Dkyf1HU30000 | FUhZUnxlaXDtR8WO0000 | fhxmojzhAyKiRoIU0000 | fyXvf2eSdXckb9ZA0000 | rfyfh5VJw8bXL6Ij0000 | iuhyzA8X5mKbxTAv0000 | POq4HTllbvg16ulR0000 | LaP8v0hteFW3RpmN0000 | vrjE7WvjyOzMikGf0000 | SoMLdtMGEb3rPIjc0000 | qzBpPYKELf4TepQY0000 | 3W8dGGsRL8kC2rou0000 | skHpOzUhxm49CRrh0000 | Bi4UtZXbYk1DYRYk0000 | 2R8DBeT9OYug1sZK0000 | o3Dv3PzT6VJJoEIN0000 | eO0rEsMdI7tuCxL60000 | KLVnyMZDBC8lxEdn0000 | 45POm9mhduLbqcwS0000 | i96h54f3JCCVu7Wa0000 | hY1YJSqaj1AcUhjm0000 | a2JEsOnQ5tYPjKmK0000 | Dn7GlX3bvcBk04C30000 | jEZLOiUh2MS0mOPs0000 | 3wTysZQgwhNKW8nM0000 | nqsouXDdt5yAc3yU0000 | SSEDbzjJ2AXvK4K00000 | sSdWVSwia7YXzpgD0000 | RXVOAOCMXiadeq8a0000 | Vnn1kReHGZOiLF750000 | fFSwIe7R0Q0C18ID0000 | jtdASFfK7ukM6Rtn0000 | Djx4I170m8QDIouv0000 | cs9W9nBJdX6Krtju0000 | EKBLYNRpdEDbidOq0000 | 0reQKLDGL6uVhD7I0000 | 4RE6U3OrbOsHD2eL0000 | GHXhEkodyIdNKR2S0000 | hXYv4chlYjThpX3h0000 | 5XrLs2KClCsGA1Ty0000 | 3mFNV1GNmPb0XPcE0000 | EehfsnT7iqNHCEg70000 | RwiDjUnbYLLGhomC0000 | RsanBup6XDO83RAx0000 | TTtBjHtgxLMRLokl0000 | Qtgzq6JWNrd5kApB0000 | 1H10dVlawGX3L8N70000 | dqFASGnCsbEQD8wA0000 | PFTQebAkD5V1I26D0000 | JLl3MkRlvN0gDJBt0000 | D1XvRrOonUOpOisQ0000 | dHw7wYmkyVsde9230000 | 6pWGxd2B9LCfCo1D0000 | NM9Ru5XSkiXESZWp0000 | KMq6N1O9f4ci6Ph80000 | 2yFxztdpPfTa5jOo0000 | 0GyHz85ZD0WHFJsc0000 | J72mUEAZtcsMHSC10000 | UZmNtau3U5gWrjqZ0000 | HDbCXBshOdYJS2Gw0000 | veQ5Exd0ttp5zEso0000 | hKaLEMklKdsAEQTY0000 | h8B32cMyOX2z54R70000 | 249rz1RqlnsyTUbh0000 | PDHYMBOZgA3SFZEa0000 | 2Ud3J7Cwgphe6kHq0000 | keny9NvDFVTISsmB0000 | QwkiCrmKol0dr8v00000 | O1GiaLNNrgL6TJgs0000 | LwkFt5NSYEIoWKTW0000 | x6sQFBjf0oz9LmKb0000 | srZuG7UUWYaQLJV30000 | sNm4DUhKxC1MSyOX0000 | BoPkYOvGRLVxaIMT0000 | p5L2Ue8atLsVAB4Q0000 | 4B6P8McSj1Urv9N10000 | 7Q3d0bFHWzChafbA0000 | zZBmX88IePCnCZr90000 | 76xF0VsEr8rYV1UN0000 | MN7ffE2AKBKtKYlp0000 | 9o484NQNJNoGjnHL0000 | kyJpd8W39nHMTm6S0000 | pJkhvdqdqSymE09r0000 | 7bM2d7t4KLIEgcS30000 | wExSvyCyNF2W8J3H0000 | fvCQnSzemE9qBfsm0000 | salNVWl3sEzGYqYY0000 | wNWYWOc59unxFaNC0000 | XQukzJn9ki6sSha60000 | NPfgs89RAkD39GeP0000 | iUtog3oTQBvOWhg60000 | 1xNPM2bPzaAvwoW10000 | Yo2UfhHXcCr1Ckdl0000 | UtQOTtbr8o2QsdFL0000 | GFbS8B23MmxMsydv0000,jkobject-vs-main-v1@2026-07-11T23:11:48Z,jkobject_only,False,working_or_historical_not_in_canonical_cleaned_layout,True,True,True,unknown_requires_link_readback,False,False,False,False,catalog_record_requires_structural_readback,TODO.md accepted OBS=10/70 VAR=8/70 @ 2026-07-27
xatlas_hek293t,Lamin catalog working/historical,False,0,0,0 B,False,0,0,0 B,True,1,0,unknown,xatlas_hek293t,xatlas_hek293t,branch_revision,,PjTjL1Lf72N0hy530000,jkobject-vs-main-v1@2026-07-11T23:11:48Z,main_and_jkobject_with_jkobject_revision,False,working_or_historical_not_in_canonical_cleaned_layout,False,True,False,unknown_requires_link_readback,False,False,False,False,catalog_record_requires_structural_readback,TODO.md accepted OBS=10/70 VAR=8/70 @ 2026-07-27
xatlas_orion,raw,True,5,559682423604,521.24 GB,False,0,0,0 B,False,0,0,0 B,,,,,,,not_established_by_branch_delta_snapshot,False,no_canonical_lamin_evidence,False,False,False,not_applicable_or_unknown,False,False,False,False,not_structurally_done,TODO.md accepted OBS=10/70 VAR=8/70 @ 2026-07-27
